location,date,total_sequence,recombinant,20A,20B,20C,20E,Beta,Alpha,Gamma,Delta,Kappa,Epsilon,Eta,Iota,Lambda,Mu,Omicron,S:677,other
Albania,2020-08-31,1,1,0,0,0,0,0,0,0,0,0,0,0,0,0,0,0,0,0
Albania,2020-12-07,3,0,0,0,0,0,0,3,0,0,0,0,0,0,0,0,0,0,0
Albania,2020-12-21,3,0,0,0,0,0,0,3,0,0,0,0,0,0,0,0,0,0,0
Albania,2021-01-04,7,0,0,0,0,0,0,7,0,0,0,0,0,0,0,0,0,0,0
Albania,2021-01-18,12,0,1,0,0,0,0,11,0,0,0,0,0,0,0,0,0,0,0
Albania,2021-02-15,2,0,0,0,0,0,0,2,0,0,0,0,0,0,0,0,0,0,0
Albania,2021-03-01,4,0,0,0,0,0,0,4,0,0,0,0,0,0,0,0,0,0,0
Albania,2021-03-15,1,0,0,0,0,0,0,1,0,0,0,0,0,0,0,0,0,0,0
Albania,2021-06-07,2,0,0,0,0,0,0,0,0,2,0,0,0,0,0,0,0,0,0
Albania,2021-07-05,10,0,0,0,0,0,0,1,0,9,0,0,0,0,0,0,0,0,0
Albania,2021-07-19,1,0,0,0,0,0,0,0,0,1,0,0,0,0,0,0,0,0,0
Albania,2021-08-16,2,0,0,0,0,0,0,0,0,1,0,0,0,0,0,0,0,0,1
Albania,2021-08-30,2,0,0,0,0,0,0,0,0,2,0,0,0,0,0,0,0,0,0
Albania,2021-09-13,2,0,0,0,0,0,0,0,0,2,0,0,0,0,0,0,0,0,0
Albania,2021-09-27,2,0,0,0,0,0,0,0,0,2,0,0,0,0,0,0,0,0,0
Albania,2021-10-11,2,0,0,0,0,0,0,0,0,2,0,0,0,0,0,0,0,0,0
Albania,2021-10-25,4,0,0,0,0,0,0,0,0,4,0,0,0,0,0,0,0,0,0
Albania,2021-11-08,13,0,0,0,0,0,0,0,0,12,0,0,0,0,0,0,0,0,1
Albania,2021-11-22,229,0,0,0,0,0,0,0,0,229,0,0,0,0,0,0,0,0,0
Albania,2021-12-06,319,0,0,0,0,0,0,0,0,312,0,0,0,0,0,0,7,0,0
Albania,2021-12-20,1,0,0,0,0,0,0,0,0,1,0,0,0,0,0,0,0,0,0
Albania,2022-01-03,4,0,0,0,0,0,0,0,0,1,0,0,0,0,0,0,3,0,0
Albania,2022-01-17,192,0,0,0,0,0,0,0,0,11,0,0,0,0,0,0,181,0,0
Albania,2022-01-31,252,0,0,0,0,0,0,0,0,8,0,0,0,0,0,0,244,0,0
Albania,2022-02-14,105,0,0,0,0,0,0,0,0,1,0,0,0,0,0,0,104,0,0
Albania,2022-02-28,2,0,0,0,0,0,0,0,0,0,0,0,0,0,0,0,2,0,0
Albania,2022-03-28,3,0,0,0,0,0,0,0,0,0,0,0,0,0,0,0,3,0,0
Albania,2022-06-06,22,0,0,0,0,0,0,0,0,0,0,0,0,0,0,0,22,0,0
Albania,2022-06-20,99,0,0,0,0,0,0,0,0,0,0,0,0,0,0,0,99,0,0
Albania,2022-07-04,106,0,0,0,0,0,0,0,0,0,0,0,0,0,0,0,106,0,0
Albania,2023-02-13,4,0,0,0,0,0,0,0,0,0,0,0,0,0,0,0,4,0,0
Albania,2023-02-27,27,0,0,0,0,0,0,0,0,0,0,0,0,0,0,0,27,0,0
Albania,2023-03-13,33,0,0,0,0,0,0,0,0,0,0,0,0,0,0,0,33,0,0
Albania,2023-03-27,31,0,0,0,0,0,0,0,0,0,0,0,0,0,0,0,31,0,0
Albania,2023-04-10,29,0,0,0,0,0,0,0,0,0,0,0,0,0,0,0,29,0,0
Albania,2023-04-24,27,0,0,0,0,0,0,0,0,0,0,0,0,0,0,0,27,0,0
Albania,2023-05-08,13,0,0,0,0,0,0,0,0,0,0,0,0,0,0,0,13,0,0
Albania,2023-05-22,11,0,0,0,0,0,0,0,0,0,0,0,0,0,0,0,11,0,0
Albania,2023-06-05,13,0,0,0,0,0,0,0,0,0,0,0,0,0,0,0,13,0,0
Albania,2023-06-19,5,0,0,0,0,0,0,0,0,0,0,0,0,0,0,0,5,0,0
Albania,2023-07-03,7,0,0,0,0,0,0,0,0,0,0,0,0,0,0,0,7,0,0
Albania,2023-07-17,6,0,0,0,0,0,0,0,0,0,0,0,0,0,0,0,6,0,0
Albania,2023-07-31,15,0,0,0,0,0,0,0,0,0,0,0,0,0,0,0,15,0,0
Albania,2023-08-14,16,0,0,0,0,0,0,0,0,0,0,0,0,0,0,0,16,0,0
Algeria,2020-04-27,8,0,0,0,0,0,0,0,0,0,0,1,0,0,0,0,0,0,7
Algeria,2020-05-11,6,0,0,0,0,0,0,0,0,0,0,1,0,0,0,0,0,0,5
Algeria,2020-05-25,1,0,0,0,0,0,0,0,0,0,0,0,0,0,0,0,0,0,1
Algeria,2020-06-08,11,0,0,0,0,0,0,0,0,0,0,2,0,0,0,0,0,0,9
Algeria,2020-06-22,9,0,0,0,0,0,0,0,0,0,0,2,0,0,0,0,0,0,7
Algeria,2020-07-06,3,0,0,0,0,0,0,0,0,0,0,1,0,0,0,0,0,0,2
Algeria,2020-08-03,1,0,0,0,0,0,0,0,0,0,0,0,0,0,0,0,0,0,1
Algeria,2020-09-14,4,0,0,0,0,0,0,0,0,0,0,1,0,0,0,0,0,0,3
Algeria,2020-09-28,4,0,0,0,0,0,0,0,0,0,0,1,0,0,0,0,0,0,3
Algeria,2020-10-12,2,0,0,0,0,0,0,0,0,0,0,0,0,0,0,0,0,0,2
Algeria,2020-11-09,1,0,0,0,0,0,0,0,0,0,0,0,0,0,0,0,0,0,1
Algeria,2020-11-23,9,0,0,0,0,0,0,0,0,0,0,2,0,0,0,0,0,0,7
Algeria,2020-12-07,4,0,0,0,0,0,0,0,0,0,0,1,0,0,0,0,0,0,3
Algeria,2020-12-21,5,0,0,0,0,0,0,0,0,0,0,1,0,0,0,0,0,0,4
Algeria,2021-01-04,3,0,0,0,0,0,0,0,0,0,0,1,0,0,0,0,0,0,2
Algeria,2021-01-18,3,0,0,0,0,0,0,0,0,0,0,1,0,0,0,0,0,0,2
Algeria,2021-02-01,1,0,0,0,0,0,0,0,0,0,0,0,0,0,0,0,0,0,1
Algeria,2021-02-15,2,0,0,0,0,0,0,1,0,0,0,0,1,0,0,0,0,0,0
Algeria,2021-03-01,3,0,0,0,0,0,0,0,0,0,0,0,3,0,0,0,0,0,0
Algeria,2021-03-15,1,0,0,0,0,0,0,0,0,0,0,0,0,0,0,0,0,0,1
Algeria,2021-03-29,2,0,0,0,0,0,0,0,0,0,0,0,1,0,0,0,0,0,1
Algeria,2021-04-12,4,0,0,0,0,2,1,1,0,0,0,0,0,0,0,0,0,0,0
Algeria,2021-04-26,10,0,1,0,0,0,0,7,0,0,0,0,1,0,0,0,0,0,1
Algeria,2021-05-10,7,0,0,0,0,0,0,3,0,3,0,0,1,0,0,0,0,0,0
Algeria,2021-05-24,13,0,0,0,0,0,0,8,1,1,0,0,2,0,0,0,0,0,1
Algeria,2021-06-07,9,0,0,0,0,0,0,5,0,4,0,0,0,0,0,0,0,0,0
Algeria,2021-06-21,12,0,0,0,0,0,0,3,0,9,0,0,0,0,0,0,0,0,0
Algeria,2021-07-05,10,0,0,0,0,0,0,4,0,5,0,0,1,0,0,0,0,0,0
Algeria,2021-07-19,7,0,0,0,0,0,0,2,0,5,0,0,0,0,0,0,0,0,0
Algeria,2021-08-02,1,0,0,0,0,0,0,0,0,1,0,0,0,0,0,0,0,0,0
Algeria,2021-08-16,3,0,0,0,0,0,0,0,0,3,0,0,0,0,0,0,0,0,0
Algeria,2021-08-30,8,0,0,0,0,0,0,0,0,8,0,0,0,0,0,0,0,0,0
Algeria,2021-09-13,4,0,0,0,0,0,0,0,0,4,0,0,0,0,0,0,0,0,0
Algeria,2021-10-25,2,0,0,0,0,0,0,0,0,2,0,0,0,0,0,0,0,0,0
Algeria,2021-11-08,5,0,0,0,0,0,0,0,0,5,0,0,0,0,0,0,0,0,0
Algeria,2021-11-22,1,0,0,0,0,0,0,0,0,0,0,0,0,0,0,0,1,0,0
Algeria,2021-12-06,10,0,0,0,0,0,0,0,0,8,0,0,0,0,0,0,2,0,0
Algeria,2021-12-20,19,0,0,0,0,0,0,0,0,13,0,0,0,0,0,0,6,0,0
Algeria,2022-01-03,15,0,0,0,0,0,0,0,0,7,0,0,0,0,0,0,8,0,0
Algeria,2022-01-17,13,0,0,0,0,0,0,0,0,1,0,0,0,0,0,0,12,0,0
Algeria,2022-01-31,31,1,0,0,0,0,0,0,0,2,0,0,0,0,0,0,28,0,0
Algeria,2022-02-14,30,0,0,0,0,0,0,0,0,1,0,0,0,0,0,0,29,0,0
Algeria,2022-02-28,14,0,0,0,0,0,0,0,0,0,0,0,0,0,0,0,14,0,0
Algeria,2022-03-14,8,0,0,0,0,0,0,0,0,0,0,0,0,0,0,0,8,0,0
Algeria,2022-04-11,5,1,0,0,0,0,0,0,0,0,0,0,0,0,0,0,4,0,0
Algeria,2022-05-09,4,0,0,0,0,0,0,0,0,1,0,0,0,0,0,0,3,0,0
Algeria,2022-05-23,3,0,0,0,0,0,0,0,0,0,0,0,0,0,0,0,3,0,0
Algeria,2022-06-06,8,0,0,0,0,0,0,0,0,0,0,0,0,0,0,0,8,0,0
Algeria,2022-06-20,15,0,0,0,0,0,0,0,0,0,0,0,0,0,0,0,15,0,0
Algeria,2022-07-04,53,0,0,0,0,0,0,0,0,0,0,0,0,0,0,0,53,0,0
Algeria,2022-07-18,127,0,0,0,0,0,0,0,0,0,0,0,0,0,0,0,127,0,0
Algeria,2022-08-01,76,0,0,0,0,0,0,0,0,0,0,0,0,0,0,0,76,0,0
Algeria,2022-08-15,39,0,0,0,0,0,0,0,0,0,0,0,0,0,0,0,39,0,0
Algeria,2022-08-29,17,0,0,0,0,0,0,0,0,0,0,0,0,0,0,0,17,0,0
Algeria,2022-09-12,4,0,0,0,0,0,0,0,0,0,0,0,0,0,0,0,4,0,0
Algeria,2022-09-26,6,0,0,0,0,0,0,0,0,0,0,0,0,0,0,0,6,0,0
Algeria,2022-10-10,6,0,0,0,0,0,0,0,0,0,0,0,0,0,0,0,6,0,0
Algeria,2022-10-24,2,0,0,0,0,0,0,0,0,0,0,0,0,0,0,0,2,0,0
Algeria,2022-11-07,8,0,0,0,0,0,0,0,0,0,0,0,0,0,0,0,8,0,0
Algeria,2022-11-21,7,0,0,0,0,0,0,0,0,0,0,0,0,0,0,0,7,0,0
Algeria,2022-12-05,15,0,0,0,0,0,0,0,0,0,0,0,0,0,0,0,15,0,0
Algeria,2022-12-19,15,0,0,0,0,0,0,0,0,0,0,0,0,0,0,0,15,0,0
Algeria,2023-01-02,10,0,0,0,0,0,0,0,0,0,0,0,0,0,0,0,10,0,0
Algeria,2023-01-16,7,0,0,0,0,0,0,0,0,0,0,0,0,0,0,0,7,0,0
Algeria,2023-01-30,5,0,0,0,0,0,0,0,0,0,0,0,0,0,0,0,5,0,0
Algeria,2023-02-13,4,0,0,0,0,0,0,0,0,0,0,0,0,0,0,0,4,0,0
Algeria,2023-02-27,8,0,0,0,0,0,0,0,0,0,0,0,0,0,0,0,8,0,0
Algeria,2023-03-13,9,0,0,0,0,0,0,0,0,0,0,0,0,0,0,0,9,0,0
Algeria,2023-03-27,9,0,0,0,0,0,0,0,0,0,0,0,0,0,0,0,9,0,0
Algeria,2023-04-10,12,1,0,0,0,0,0,0,0,0,0,0,0,0,0,0,11,0,0
Algeria,2023-04-24,22,0,0,0,0,0,0,0,0,0,0,0,0,0,0,0,22,0,0
Algeria,2023-05-08,2,0,0,0,0,0,0,0,0,0,0,0,0,0,0,0,2,0,0
Algeria,2023-05-22,1,0,0,0,0,0,0,0,0,0,0,0,0,0,0,0,1,0,0
Algeria,2023-08-28,1,0,0,0,0,0,0,0,0,0,0,0,0,0,0,0,1,0,0
Algeria,2023-09-11,5,0,0,0,0,0,0,0,0,0,0,0,0,0,0,0,5,0,0
Algeria,2023-10-09,1,0,0,0,0,0,0,0,0,0,0,0,0,0,0,0,1,0,0
Algeria,2023-10-23,2,0,0,0,0,0,0,0,0,0,0,0,0,0,0,0,2,0,0
Algeria,2024-01-01,3,1,0,0,0,0,0,0,0,0,0,0,0,0,0,0,2,0,0
Algeria,2024-01-15,9,0,0,0,0,0,0,0,0,0,0,0,0,0,0,0,9,0,0
Algeria,2024-01-29,16,0,0,0,0,0,0,0,0,0,0,0,0,0,0,0,16,0,0
Algeria,2024-02-12,11,0,0,0,0,0,0,0,0,0,0,0,0,0,0,0,11,0,0
Algeria,2024-02-26,3,0,0,0,0,0,0,0,0,0,0,0,0,0,0,0,3,0,0
Algeria,2024-03-11,2,0,0,0,0,0,0,0,0,0,0,0,0,0,0,0,2,0,0
Algeria,2024-03-25,3,0,0,0,0,0,0,0,0,0,0,0,0,0,0,0,3,0,0
Algeria,2024-04-08,2,0,0,0,0,0,0,0,0,0,0,0,0,0,0,0,2,0,0
Algeria,2024-04-22,11,0,0,0,0,0,0,0,0,0,0,0,0,0,0,0,11,0,0
Algeria,2024-05-06,2,0,0,0,0,0,0,0,0,0,0,0,0,0,0,0,2,0,0
Algeria,2024-07-01,2,0,0,0,0,0,0,0,0,0,0,0,0,0,0,0,2,0,0
Algeria,2024-07-15,5,0,0,0,0,0,0,0,0,0,0,0,0,0,0,0,5,0,0
Andorra,2021-06-07,2,0,0,0,0,0,0,2,0,0,0,0,0,0,0,0,0,0,0
Andorra,2021-06-21,5,0,0,0,0,0,0,5,0,0,0,0,0,0,0,0,0,0,0
Andorra,2021-07-05,13,0,0,0,0,0,0,0,0,13,0,0,0,0,0,0,0,0,0
Andorra,2021-07-19,1,0,0,0,0,0,0,0,0,1,0,0,0,0,0,0,0,0,0
Andorra,2021-08-02,2,0,0,0,0,0,0,0,0,2,0,0,0,0,0,0,0,0,0
Andorra,2021-08-16,1,0,0,0,0,0,0,0,0,1,0,0,0,0,0,0,0,0,0
Andorra,2021-08-30,2,0,0,0,0,0,0,0,0,2,0,0,0,0,0,0,0,0,0
Andorra,2021-09-13,1,0,0,0,0,0,0,0,0,1,0,0,0,0,0,0,0,0,0
Andorra,2021-09-27,4,0,0,0,0,0,0,0,0,4,0,0,0,0,0,0,0,0,0
Andorra,2021-10-11,2,0,0,0,0,0,0,0,0,2,0,0,0,0,0,0,0,0,0
Andorra,2021-11-22,4,0,0,0,0,0,0,0,0,4,0,0,0,0,0,0,0,0,0
Andorra,2021-12-06,12,0,0,0,0,0,0,0,0,11,0,0,0,0,0,0,1,0,0
Andorra,2021-12-20,21,0,0,0,0,0,0,0,0,12,0,0,0,0,0,0,9,0,0
Andorra,2022-01-03,17,0,0,0,0,0,0,0,0,1,0,0,0,0,0,0,16,0,0
Andorra,2022-01-17,15,0,0,0,0,0,0,0,0,0,0,0,0,0,0,0,15,0,0
Andorra,2022-01-31,9,0,0,0,0,0,0,0,0,0,0,0,0,0,0,0,9,0,0
Andorra,2022-02-14,9,0,0,0,0,0,0,0,0,0,0,0,0,0,0,0,9,0,0
Andorra,2022-02-28,4,0,0,0,0,0,0,0,0,0,0,0,0,0,0,0,4,0,0
Andorra,2022-03-14,7,0,0,0,0,0,0,0,0,0,0,0,0,0,0,0,7,0,0
Andorra,2022-03-28,4,0,0,0,0,0,0,0,0,0,0,0,0,0,0,0,4,0,0
Andorra,2022-04-11,2,0,0,0,0,0,0,0,0,0,0,0,0,0,0,0,2,0,0
Andorra,2022-04-25,6,0,0,0,0,0,0,0,0,0,0,0,0,0,0,0,6,0,0
Andorra,2022-05-09,10,0,0,0,0,0,0,0,0,0,0,0,0,0,0,0,10,0,0
Andorra,2022-05-23,8,1,0,0,0,0,0,0,0,0,0,0,0,0,0,0,7,0,0
Andorra,2022-06-06,6,0,0,0,0,0,0,0,0,0,0,0,0,0,0,0,6,0,0
Andorra,2022-06-20,21,0,0,0,0,0,0,0,0,0,0,0,0,0,0,0,21,0,0
Andorra,2022-07-04,12,0,0,0,0,0,0,0,0,0,0,0,0,0,0,0,12,0,0
Andorra,2022-07-18,9,0,0,0,0,0,0,0,0,0,0,0,0,0,0,0,9,0,0
Andorra,2022-08-01,9,0,0,0,0,0,0,0,0,0,0,0,0,0,0,0,9,0,0
Andorra,2022-08-15,3,0,0,0,0,0,0,0,0,0,0,0,0,0,0,0,3,0,0
Andorra,2022-08-29,6,0,0,0,0,0,0,0,0,0,0,0,0,0,0,0,6,0,0
Andorra,2022-09-12,3,0,0,0,0,0,0,0,0,0,0,0,0,0,0,0,3,0,0
Andorra,2022-09-26,5,0,0,0,0,0,0,0,0,0,0,0,0,0,0,0,5,0,0
Andorra,2022-10-10,11,0,0,0,0,0,0,0,0,0,0,0,0,0,0,0,11,0,0
Andorra,2022-10-24,5,0,0,0,0,0,0,0,0,0,0,0,0,0,0,0,5,0,0
Andorra,2022-11-07,10,0,0,0,0,0,0,0,0,0,0,0,0,0,0,0,10,0,0
Andorra,2022-11-21,1,0,0,0,0,0,0,0,0,0,0,0,0,0,0,0,1,0,0
Andorra,2022-12-05,2,0,0,0,0,0,0,0,0,0,0,0,0,0,0,0,2,0,0
Andorra,2022-12-19,5,0,0,0,0,0,0,0,0,0,0,0,0,0,0,0,5,0,0
Angola,2020-06-22,3,3,0,0,0,0,0,0,0,0,0,0,0,0,0,0,0,0,0
Angola,2020-09-14,5,0,0,0,0,0,4,0,0,0,0,0,0,0,0,0,0,0,1
Angola,2020-09-28,6,0,0,0,0,0,5,0,0,0,0,0,0,0,0,0,0,0,1
Angola,2020-10-12,4,0,0,0,0,0,4,0,0,0,0,0,0,0,0,0,0,0,0
Angola,2020-11-23,5,0,0,0,0,0,5,0,0,0,0,0,0,0,0,0,0,0,0
Angola,2020-12-07,53,0,0,1,0,0,39,0,0,0,0,1,1,0,0,0,0,0,11
Angola,2020-12-21,4,4,0,0,0,0,0,0,0,0,0,0,0,0,0,0,0,0,0
Angola,2021-01-04,36,0,0,2,0,0,1,2,0,0,0,7,0,3,0,0,0,1,20
Angola,2021-01-18,42,0,3,0,0,2,3,4,0,0,0,1,0,0,0,0,0,1,28
Angola,2021-02-01,27,0,0,0,0,1,8,1,0,0,0,2,0,0,0,0,0,1,14
Angola,2021-02-15,43,0,1,0,0,1,17,2,0,0,0,2,0,0,0,0,0,0,20
Angola,2021-03-01,67,0,0,1,0,0,46,5,0,0,0,3,1,0,0,0,0,0,11
Angola,2021-03-15,69,0,0,0,0,0,54,7,1,0,2,1,1,0,0,0,0,0,3
Angola,2021-03-29,51,0,2,1,0,0,10,22,0,0,1,2,5,0,0,0,0,0,8
Angola,2021-04-12,52,0,0,1,0,0,26,11,0,3,1,2,1,0,0,0,0,0,7
Angola,2021-04-26,12,0,0,0,0,0,4,4,0,3,0,0,0,0,0,0,0,0,1
Angola,2021-05-10,1,1,0,0,0,0,0,0,0,0,0,0,0,0,0,0,0,0,0
Angola,2021-05-24,16,0,0,0,0,0,3,13,0,0,0,0,0,0,0,0,0,0,0
Angola,2021-06-07,45,0,0,0,0,0,10,29,0,5,0,0,0,0,0,0,0,0,1
Angola,2021-06-21,33,0,0,0,0,0,13,10,0,9,0,0,0,0,0,0,0,0,1
Angola,2021-07-05,31,0,0,0,0,0,4,4,0,21,0,0,0,0,0,1,0,0,1
Angola,2021-07-19,4,0,0,0,0,0,1,1,0,2,0,0,0,0,0,0,0,0,0
Angola,2021-08-02,2,0,0,0,0,0,0,0,0,2,0,0,0,0,0,0,0,0,0
Angola,2021-08-16,6,0,0,0,0,0,0,0,0,6,0,0,0,0,0,0,0,0,0
Angola,2021-08-30,43,0,0,0,0,0,0,0,0,43,0,0,0,0,0,0,0,0,0
Angola,2021-09-13,96,0,0,0,0,0,0,0,0,96,0,0,0,0,0,0,0,0,0
Angola,2021-09-27,27,0,0,0,0,0,0,0,0,27,0,0,0,0,0,0,0,0,0
Angola,2021-10-11,19,0,0,0,0,0,0,0,0,19,0,0,0,0,0,0,0,0,0
Angola,2021-11-08,1,0,0,0,0,0,0,0,0,1,0,0,0,0,0,0,0,0,0
Angola,2021-11-22,1,0,0,0,0,0,0,0,0,0,0,0,0,0,0,0,1,0,0
Angola,2021-12-20,61,0,0,0,0,0,0,0,0,0,0,0,0,0,0,0,61,0,0
Angola,2022-01-03,26,0,0,0,0,0,0,0,0,0,0,0,0,0,0,0,26,0,0
Angola,2022-07-18,1,0,0,0,0,0,0,0,0,0,0,0,0,0,0,0,1,0,0
Angola,2022-08-01,1,0,0,0,0,0,0,0,0,0,0,0,0,0,0,0,1,0,0
Angola,2022-08-15,10,0,0,0,0,0,0,0,0,0,0,0,0,0,0,0,10,0,0
Angola,2022-09-12,5,0,0,0,0,0,0,0,0,0,0,0,0,0,0,0,5,0,0
Angola,2022-09-26,1,0,0,0,0,0,0,0,0,0,0,0,0,0,0,0,1,0,0
Angola,2022-10-10,5,0,0,0,0,0,0,0,0,0,0,0,0,0,0,0,5,0,0
Angola,2022-10-24,1,0,0,0,0,0,0,0,0,0,0,0,0,0,0,0,1,0,0
Argentina,2020-04-27,146,0,0,0,0,0,0,0,0,0,0,0,0,0,0,0,0,4,142
Argentina,2020-05-11,165,0,0,0,0,0,0,0,0,0,0,0,0,0,0,0,0,4,161
Argentina,2020-05-25,67,0,0,0,0,0,0,0,0,0,0,0,0,0,0,0,0,2,65
Argentina,2020-06-08,78,0,0,0,0,0,0,0,0,0,0,0,0,0,0,0,0,2,76
Argentina,2020-06-22,60,0,0,0,0,0,0,0,0,0,0,0,0,0,0,0,0,2,58
Argentina,2020-07-06,110,0,0,0,0,0,0,0,0,0,0,0,0,0,0,0,0,3,107
Argentina,2020-07-20,99,0,0,0,0,0,0,0,0,0,0,0,0,0,0,0,0,3,96
Argentina,2020-08-03,110,0,0,0,0,0,0,0,0,0,0,0,0,0,0,0,0,3,107
Argentina,2020-08-17,135,0,0,0,0,0,0,0,0,0,0,0,0,0,0,0,0,4,131
Argentina,2020-08-31,49,0,0,0,0,0,0,0,0,0,0,0,0,0,0,0,0,1,48
Argentina,2020-09-14,53,0,0,0,0,0,0,0,0,0,0,0,0,0,0,0,0,1,52
Argentina,2020-09-28,38,0,0,0,0,0,0,0,0,0,0,0,0,0,0,0,0,1,37
Argentina,2020-10-12,96,0,0,0,0,0,0,0,0,0,0,0,0,0,0,0,0,3,93
Argentina,2020-10-26,56,0,0,1,1,10,0,0,0,0,0,0,0,0,1,0,0,0,43
Argentina,2020-11-09,59,0,0,3,1,10,0,0,0,0,0,0,0,0,0,0,0,0,45
Argentina,2020-11-23,54,0,0,0,0,0,0,0,0,0,0,0,0,0,0,0,0,1,53
Argentina,2020-12-07,79,0,0,0,0,0,0,0,0,0,0,0,0,0,0,0,0,2,77
Argentina,2020-12-21,57,0,1,0,0,38,0,1,0,0,0,0,0,0,0,0,0,0,17
Argentina,2021-01-04,80,0,0,2,0,0,0,0,0,0,0,1,0,0,0,0,0,2,75
Argentina,2021-01-18,61,0,0,2,0,0,0,0,2,0,0,1,0,0,2,0,0,2,52
Argentina,2021-02-01,74,0,0,6,0,0,0,5,3,0,1,2,0,0,1,0,0,2,54
Argentina,2021-02-15,66,0,0,3,0,0,0,1,3,0,1,1,0,0,13,0,0,1,43
Argentina,2021-03-01,128,0,0,3,0,0,0,9,13,0,1,4,0,2,21,0,0,3,72
Argentina,2021-03-15,239,0,0,3,0,0,0,32,41,0,2,6,0,3,42,0,0,3,107
Argentina,2021-03-29,295,0,0,6,0,0,0,36,89,0,3,6,0,4,58,0,0,1,92
Argentina,2021-04-12,409,0,0,11,0,0,1,55,159,1,3,4,0,2,70,0,0,1,102
Argentina,2021-04-26,312,1,0,3,0,0,0,35,150,0,1,6,1,2,63,1,0,1,48
Argentina,2021-05-10,344,0,0,3,0,0,0,43,204,0,1,7,0,2,60,0,0,0,24
Argentina,2021-05-24,382,0,0,0,0,0,0,43,220,1,0,4,0,4,105,0,0,0,5
Argentina,2021-06-07,417,0,0,0,0,0,0,31,283,0,0,0,0,0,91,0,0,0,12
Argentina,2021-06-21,375,0,0,0,0,0,0,27,260,11,0,1,0,1,74,0,0,0,1
Argentina,2021-07-05,379,0,0,0,0,0,0,12,249,34,0,0,0,0,78,2,0,0,4
Argentina,2021-07-19,357,0,0,0,0,0,0,14,200,55,0,0,0,0,85,1,0,0,2
Argentina,2021-08-02,505,0,0,0,0,0,0,11,291,94,0,0,0,0,106,2,0,0,1
Argentina,2021-08-16,450,0,0,0,0,0,0,7,251,86,0,0,0,0,98,6,0,0,2
Argentina,2021-08-30,393,0,0,0,0,0,0,2,204,94,0,0,0,0,90,3,0,0,0
Argentina,2021-09-13,281,0,0,0,0,0,0,5,93,135,0,0,0,0,41,5,0,0,2
Argentina,2021-09-27,259,0,0,0,0,0,0,1,84,127,0,0,0,0,46,1,0,0,0
Argentina,2021-10-11,545,0,0,0,0,0,0,9,110,347,0,0,0,0,77,2,0,0,0
Argentina,2021-10-25,718,0,0,0,0,0,0,5,77,569,0,0,0,0,56,8,3,0,0
Argentina,2021-11-08,710,0,0,0,0,0,0,0,21,620,0,0,0,0,49,10,10,0,0
Argentina,2021-11-22,808,0,0,0,0,0,0,0,5,779,0,0,0,1,8,2,13,0,0
Argentina,2021-12-06,832,0,0,0,0,0,0,1,2,632,0,0,0,0,4,1,192,0,0
Argentina,2021-12-20,1060,0,0,0,0,0,0,0,1,401,0,0,0,0,0,0,658,0,0
Argentina,2022-01-03,649,0,0,0,0,0,0,0,0,44,0,0,0,0,0,0,605,0,0
Argentina,2022-01-17,596,0,0,0,0,0,0,0,0,5,0,0,0,0,0,0,591,0,0
Argentina,2022-01-31,356,0,0,0,0,0,0,0,0,1,0,0,0,0,0,0,355,0,0
Argentina,2022-02-14,225,0,0,0,0,0,0,0,0,0,0,0,0,0,0,0,225,0,0
Argentina,2022-02-28,122,0,0,0,0,0,0,0,0,0,0,0,0,0,0,0,122,0,0
Argentina,2022-03-14,53,0,0,0,0,0,0,0,0,0,0,0,0,0,0,0,53,0,0
Argentina,2022-03-28,42,0,0,0,0,0,0,0,0,0,0,0,0,0,0,0,42,0,0
Argentina,2022-04-11,56,0,0,0,0,0,0,0,0,0,0,0,0,0,1,0,55,0,0
Argentina,2022-04-25,100,1,0,0,0,0,0,0,0,0,0,0,0,0,0,0,99,0,0
Argentina,2022-05-09,182,12,0,0,0,0,0,0,0,0,0,0,0,0,0,0,170,0,0
Argentina,2022-05-23,281,9,0,0,0,0,0,0,0,0,0,0,0,0,0,0,272,0,0
Argentina,2022-06-06,251,6,0,0,0,0,0,0,0,0,0,0,0,0,0,0,245,0,0
Argentina,2022-06-20,256,5,0,0,0,0,0,0,0,0,0,0,0,0,0,0,251,0,0
Argentina,2022-07-04,360,9,0,0,0,0,0,0,0,0,0,0,0,0,0,0,351,0,0
Argentina,2022-07-18,435,2,0,0,0,0,0,0,0,0,0,0,0,0,0,0,433,0,0
Argentina,2022-08-01,321,0,0,0,0,0,0,0,0,0,0,0,0,0,0,0,321,0,0
Argentina,2022-08-15,218,0,0,0,0,0,0,0,0,0,0,0,0,0,0,0,218,0,0
Argentina,2022-08-29,120,0,0,0,0,0,0,0,0,0,0,0,0,0,0,0,120,0,0
Argentina,2022-09-12,76,0,0,0,0,0,0,0,0,0,0,0,0,0,0,0,76,0,0
Argentina,2022-09-26,30,0,0,0,0,0,0,0,0,0,0,0,0,0,0,0,30,0,0
Argentina,2022-10-10,27,0,0,0,0,0,0,0,0,0,0,0,0,0,0,0,27,0,0
Argentina,2022-10-24,18,0,0,0,0,0,0,0,0,0,0,0,0,0,0,0,18,0,0
Argentina,2022-11-07,57,0,0,0,0,0,0,0,0,0,0,0,0,0,0,0,57,0,0
Argentina,2022-11-21,214,0,0,0,0,0,0,0,0,0,0,0,0,0,0,0,214,0,0
Argentina,2022-12-05,955,0,0,0,0,0,0,0,0,0,0,0,0,0,0,0,955,0,0
Argentina,2022-12-19,828,0,0,0,0,0,0,0,0,0,0,0,0,0,0,0,828,0,0
Argentina,2023-01-02,491,0,0,0,0,0,0,0,0,0,0,0,0,0,0,0,491,0,0
Argentina,2023-01-16,153,0,0,0,0,0,0,0,0,0,0,0,0,0,0,0,153,0,0
Argentina,2023-01-30,30,0,0,0,0,0,0,0,0,0,0,0,0,0,0,0,30,0,0
Argentina,2023-02-13,17,0,0,0,0,0,0,0,0,0,0,0,0,0,0,0,17,0,0
Argentina,2023-02-27,32,0,0,0,0,0,0,0,0,0,0,0,0,0,0,0,32,0,0
Argentina,2023-03-13,34,0,0,0,0,0,0,0,0,0,0,0,0,0,0,0,34,0,0
Argentina,2023-03-27,23,0,0,0,0,0,0,0,0,0,0,0,0,0,0,0,23,0,0
Argentina,2023-04-10,34,0,0,0,0,0,0,0,0,0,0,0,0,0,0,0,34,0,0
Argentina,2023-04-24,28,0,0,0,0,0,0,0,0,0,0,0,0,0,0,0,28,0,0
Argentina,2023-05-08,41,0,0,0,0,0,0,0,0,0,0,0,0,0,0,0,41,0,0
Argentina,2023-05-22,26,0,0,0,0,0,0,0,0,0,0,0,0,0,0,0,26,0,0
Argentina,2023-06-05,20,0,0,0,0,0,0,0,0,0,0,0,0,0,0,0,20,0,0
Argentina,2023-06-19,40,0,0,0,0,0,0,0,0,0,0,0,0,0,0,0,40,0,0
Argentina,2023-07-03,53,0,0,0,0,0,0,0,0,0,0,0,0,0,0,0,53,0,0
Argentina,2023-07-17,53,0,0,0,0,0,0,0,0,0,0,0,0,0,0,0,53,0,0
Argentina,2023-07-31,82,0,0,0,0,0,0,0,0,0,0,0,0,0,0,0,82,0,0
Argentina,2023-08-14,78,0,0,0,0,0,0,0,0,0,0,0,0,0,0,0,78,0,0
Argentina,2023-08-28,105,0,0,0,0,0,0,0,0,0,0,0,0,0,0,0,105,0,0
Argentina,2023-09-11,48,0,0,0,0,0,0,0,0,0,0,0,0,0,0,0,48,0,0
Argentina,2023-09-25,19,0,0,0,0,0,0,0,0,0,0,0,0,0,0,0,19,0,0
Argentina,2023-10-09,34,0,0,0,0,0,0,0,0,0,0,0,0,0,0,0,34,0,0
Argentina,2023-10-23,29,0,0,0,0,0,0,0,0,0,0,0,0,0,0,0,29,0,0
Argentina,2023-11-06,30,0,0,0,0,0,0,0,0,0,0,0,0,0,0,0,30,0,0
Argentina,2023-11-20,31,0,0,0,0,0,0,0,0,0,0,0,0,0,0,0,31,0,0
Argentina,2023-12-04,36,0,0,0,0,0,0,0,0,0,0,0,0,0,0,0,36,0,0
Argentina,2023-12-18,42,1,0,0,0,0,0,0,0,0,0,0,0,0,0,0,41,0,0
Argentina,2024-01-01,79,6,0,0,0,0,0,0,0,0,0,0,0,0,0,0,73,0,0
Argentina,2024-01-15,138,7,0,0,0,0,0,0,0,0,0,0,0,0,0,0,131,0,0
Argentina,2024-01-29,118,0,0,0,0,0,0,0,0,0,0,0,0,0,0,0,118,0,0
Argentina,2024-02-12,52,1,0,0,0,0,0,0,0,0,0,0,0,0,0,0,51,0,0
Argentina,2024-02-26,40,0,0,0,0,0,0,0,0,0,0,0,0,0,0,0,40,0,0
Argentina,2024-03-11,23,0,0,0,0,0,0,0,0,0,0,0,0,0,0,0,23,0,0
Argentina,2024-03-25,13,0,0,0,0,0,0,0,0,0,0,0,0,0,0,0,13,0,0
Argentina,2024-04-08,5,0,0,0,0,0,0,0,0,0,0,0,0,0,0,0,5,0,0
Argentina,2024-04-22,1,0,0,0,0,0,0,0,0,0,0,0,0,0,0,0,1,0,0
Argentina,2024-07-15,5,0,0,0,0,0,0,0,0,0,0,0,0,0,0,0,5,0,0
Argentina,2024-07-29,5,0,0,0,0,0,0,0,0,0,0,0,0,0,0,0,5,0,0
Aruba,2020-08-03,4,4,0,0,0,0,0,0,0,0,0,0,0,0,0,0,0,0,0
Aruba,2020-08-17,1,1,0,0,0,0,0,0,0,0,0,0,0,0,0,0,0,0,0
Aruba,2021-01-04,10,0,0,0,0,0,0,0,0,0,0,1,0,0,0,0,0,0,9
Aruba,2021-01-18,85,0,0,2,0,3,0,5,0,0,0,2,3,0,0,0,0,0,70
Aruba,2021-02-01,113,0,1,2,0,7,0,13,0,0,0,1,8,0,0,0,0,1,80
Aruba,2021-02-15,135,0,1,7,0,8,2,66,1,0,0,19,2,1,0,0,0,1,27
Aruba,2021-03-01,116,0,0,12,0,0,0,63,1,0,0,19,0,12,0,0,0,0,9
Aruba,2021-03-15,61,0,0,1,0,0,0,52,0,0,0,4,0,3,0,0,0,0,1
Aruba,2021-03-29,146,0,0,2,0,0,1,104,3,13,0,9,0,10,0,0,0,0,4
Aruba,2021-04-12,152,0,0,1,0,0,0,103,13,3,0,1,1,19,1,1,0,0,9
Aruba,2021-04-26,106,0,0,0,0,0,0,64,14,0,0,0,0,24,0,2,0,0,2
Aruba,2021-05-10,72,0,0,0,0,0,0,38,7,10,0,0,0,11,0,4,0,0,2
Aruba,2021-05-24,142,0,0,0,0,0,0,34,49,0,0,0,0,10,1,47,0,0,1
Aruba,2021-06-07,43,0,0,0,0,0,0,6,25,4,0,0,0,4,0,4,0,0,0
Aruba,2021-06-21,9,0,0,0,0,0,0,0,3,2,0,0,0,0,0,4,0,0,0
Aruba,2021-07-05,75,0,0,0,0,0,0,3,3,54,0,0,0,0,0,15,0,0,0
Aruba,2021-07-19,100,0,0,0,0,0,0,0,0,97,0,0,0,0,0,3,0,0,0
Aruba,2021-08-02,606,0,0,0,0,0,0,0,0,600,0,0,0,0,0,6,0,0,0
Aruba,2021-08-16,368,0,0,0,0,0,0,0,1,360,0,0,0,0,0,7,0,0,0
Aruba,2021-08-30,158,0,0,0,0,0,0,0,0,158,0,0,0,0,0,0,0,0,0
Aruba,2021-09-13,158,0,0,0,0,0,0,0,0,158,0,0,0,0,0,0,0,0,0
Aruba,2021-09-27,95,0,0,0,0,0,0,0,0,95,0,0,0,0,0,0,0,0,0
Aruba,2021-10-11,33,0,0,0,0,0,0,0,0,33,0,0,0,0,0,0,0,0,0
Aruba,2021-10-25,38,0,0,0,0,0,0,0,0,38,0,0,0,0,0,0,0,0,0
Aruba,2021-11-08,35,0,0,0,0,0,0,0,0,35,0,0,0,0,0,0,0,0,0
Aruba,2021-11-22,117,0,0,0,0,0,0,0,0,117,0,0,0,0,0,0,0,0,0
Aruba,2021-12-06,98,0,0,0,0,0,0,0,0,81,0,0,0,0,0,0,17,0,0
Aruba,2022-01-03,28,0,0,0,0,0,0,0,0,1,0,0,0,0,0,0,27,0,0
Aruba,2022-01-31,3,0,0,0,0,0,0,0,0,0,0,0,0,0,0,0,3,0,0
Aruba,2022-02-14,4,0,0,0,0,0,0,0,0,0,0,0,0,0,0,0,4,0,0
Aruba,2022-03-14,10,0,0,0,0,0,0,0,0,0,0,0,0,0,0,0,10,0,0
Aruba,2022-03-28,30,0,0,0,0,0,0,0,0,0,0,0,0,0,0,0,30,0,0
Aruba,2022-04-11,9,0,0,0,0,0,0,0,0,0,0,0,0,0,0,0,9,0,0
Aruba,2022-04-25,19,0,0,0,0,0,0,0,0,0,0,0,0,0,0,0,19,0,0
Aruba,2022-05-09,48,0,0,0,0,0,0,0,0,0,0,0,0,0,0,0,48,0,0
Aruba,2022-05-23,48,0,0,0,0,0,0,0,0,0,0,0,0,0,0,0,48,0,0
Aruba,2022-06-06,18,0,0,0,0,0,0,0,0,0,0,0,0,0,0,0,18,0,0
Aruba,2022-06-20,67,0,0,0,0,0,0,0,0,0,0,0,0,0,0,0,67,0,0
Aruba,2022-07-04,59,0,0,0,0,0,0,0,0,0,0,0,0,0,0,0,59,0,0
Aruba,2022-07-18,57,0,0,0,0,0,0,0,0,0,0,0,0,0,0,0,57,0,0
Aruba,2022-08-01,77,0,0,0,0,0,0,0,0,0,0,0,0,0,0,0,77,0,0
Aruba,2022-08-15,66,0,0,0,0,0,0,0,0,0,0,0,0,0,0,0,66,0,0
Aruba,2022-08-29,24,0,0,0,0,0,0,0,0,0,0,0,0,0,0,0,24,0,0
Aruba,2022-09-12,51,0,0,0,0,0,0,0,0,0,0,0,0,0,0,0,51,0,0
Aruba,2022-09-26,15,0,0,0,0,0,0,0,0,0,0,0,0,0,0,0,15,0,0
Aruba,2022-10-10,44,0,0,0,0,0,0,0,0,0,0,0,0,0,0,0,44,0,0
Aruba,2022-10-24,46,0,0,0,0,0,0,0,0,0,0,0,0,0,0,0,46,0,0
Aruba,2022-11-07,45,0,0,0,0,0,0,0,0,0,0,0,0,0,0,0,45,0,0
Aruba,2022-11-21,15,0,0,0,0,0,0,0,0,0,0,0,0,0,0,0,15,0,0
Aruba,2022-12-05,31,0,0,0,0,0,0,0,0,0,0,0,0,0,0,0,31,0,0
Aruba,2022-12-19,59,0,0,0,0,0,0,0,0,0,0,0,0,0,0,0,59,0,0
Aruba,2023-01-02,98,0,0,0,0,0,0,0,0,0,0,0,0,0,0,0,98,0,0
Aruba,2023-01-16,34,0,0,0,0,0,0,0,0,0,0,0,0,0,0,0,34,0,0
Aruba,2023-01-30,9,0,0,0,0,0,0,0,0,0,0,0,0,0,0,0,9,0,0
Aruba,2023-07-03,6,0,0,0,0,0,0,0,0,0,0,0,0,0,0,0,6,0,0
Aruba,2023-07-17,8,0,0,0,0,0,0,0,0,0,0,0,0,0,0,0,8,0,0
Aruba,2023-07-31,5,0,0,0,0,0,0,0,0,0,0,0,0,0,0,0,5,0,0
Aruba,2023-08-14,11,0,0,0,0,0,0,0,0,0,0,0,0,0,0,0,11,0,0
Australia,2020-04-27,113,0,0,0,0,0,0,0,0,0,0,0,0,0,0,0,0,0,113
Australia,2020-05-11,80,0,0,0,0,0,0,0,0,0,0,0,0,0,0,0,0,0,80
Australia,2020-05-25,87,0,0,0,0,0,0,0,0,0,0,0,0,0,0,0,0,0,87
Australia,2020-06-08,159,0,0,0,0,0,0,0,0,0,0,0,0,0,0,0,0,0,159
Australia,2020-06-22,808,0,0,0,0,0,0,0,0,0,0,0,0,0,0,0,0,0,808
Australia,2020-07-06,2643,0,0,0,0,0,0,0,0,0,0,0,0,0,0,0,0,0,2643
Australia,2020-07-20,3900,0,0,0,0,0,0,0,0,0,0,0,0,0,0,0,0,0,3900
Australia,2020-08-03,2390,0,0,0,0,0,0,0,0,0,0,0,0,0,0,0,0,0,2390
Australia,2020-08-17,1563,0,0,0,50,3,0,0,0,0,0,0,0,0,0,0,0,0,1510
Australia,2020-08-31,643,0,2,0,0,0,0,0,0,0,0,0,0,0,0,0,0,0,641
Australia,2020-09-14,264,0,2,0,1,1,0,0,0,0,0,0,0,0,0,0,0,0,260
Australia,2020-09-28,156,0,2,0,3,2,0,0,0,0,0,0,0,0,0,0,0,0,149
Australia,2020-10-12,106,0,3,0,5,4,0,0,0,0,0,0,0,0,0,0,0,0,94
Australia,2020-10-26,63,0,16,0,0,10,0,0,0,0,0,0,0,0,0,0,0,0,37
Australia,2020-11-09,62,0,6,0,1,4,0,0,0,0,0,0,0,0,0,0,0,0,51
Australia,2020-11-23,46,0,4,0,1,5,0,1,0,0,0,0,0,0,0,0,0,0,35
Australia,2020-12-07,134,0,2,0,0,3,0,6,0,0,0,4,0,0,0,0,0,2,117
Australia,2020-12-21,194,0,0,0,0,8,5,17,0,0,0,4,0,0,0,0,0,1,159
Australia,2021-01-04,111,0,0,0,0,2,7,35,0,0,0,6,2,0,0,2,0,0,57
Australia,2021-01-18,68,0,2,0,0,3,4,30,0,0,0,1,0,0,0,1,0,0,27
Australia,2021-02-01,70,0,1,0,0,0,1,49,0,0,0,2,2,0,0,2,0,0,13
Australia,2021-02-15,56,0,0,0,0,0,2,30,0,0,0,4,0,2,0,0,0,0,18
Australia,2021-03-01,120,0,0,0,0,1,7,55,2,0,0,0,2,0,0,6,0,0,47
Australia,2021-03-15,126,0,0,0,0,0,7,50,2,1,2,0,1,0,0,11,0,0,52
Australia,2021-03-29,106,0,1,1,0,0,14,59,1,3,8,0,3,0,1,0,0,0,15
Australia,2021-04-12,232,0,0,0,0,0,18,87,3,87,18,1,0,1,0,5,0,0,12
Australia,2021-04-26,129,0,0,5,0,0,2,40,0,69,4,0,1,0,0,3,0,0,5
Australia,2021-05-10,49,0,0,0,0,0,5,24,0,10,0,0,3,1,0,1,0,0,5
Australia,2021-05-24,68,1,0,0,0,0,2,19,0,33,4,0,2,0,0,2,0,0,5
Australia,2021-06-07,103,0,0,0,0,0,9,16,0,72,0,0,0,0,0,3,0,0,3
Australia,2021-06-21,450,0,0,0,0,0,5,31,0,413,0,0,0,0,0,1,0,0,0
Australia,2021-07-05,1216,0,0,0,0,0,0,9,0,1205,0,0,0,0,0,1,0,0,1
Australia,2021-07-19,2234,0,0,0,0,0,0,4,0,2230,0,0,0,0,0,0,0,0,0
Australia,2021-08-02,2788,0,0,0,0,0,0,2,0,2786,0,0,0,0,0,0,0,0,0
Australia,2021-08-16,3075,0,0,0,0,0,0,0,0,3075,0,0,0,0,0,0,0,0,0
Australia,2021-08-30,4606,0,0,0,0,0,0,0,0,4606,0,0,0,0,0,0,0,0,0
Australia,2021-09-13,2012,0,0,0,0,0,0,0,0,2012,0,0,0,0,0,0,0,0,0
Australia,2021-09-27,2503,0,0,0,0,0,0,0,0,2503,0,0,0,0,0,0,0,0,0
Australia,2021-10-11,2265,0,0,0,0,0,0,0,0,2265,0,0,0,0,0,0,0,0,0
Australia,2021-10-25,1691,0,0,0,0,0,0,0,0,1691,0,0,0,0,0,0,0,0,0
Australia,2021-11-08,1969,0,0,0,0,0,0,0,0,1969,0,0,0,0,0,0,0,0,0
Australia,2021-11-22,2523,0,0,0,0,0,0,0,0,2473,0,0,0,0,0,0,50,0,0
Australia,2021-12-06,4198,0,0,0,0,0,0,0,0,2812,0,0,0,0,0,0,1386,0,0
Australia,2021-12-20,4717,0,0,0,0,0,0,0,0,1238,0,0,0,0,0,0,3476,0,3
Australia,2022-01-03,3979,0,0,0,0,0,0,0,0,197,0,0,0,0,0,0,3782,0,0
Australia,2022-01-17,2807,0,0,0,0,0,0,0,0,36,0,0,0,0,0,0,2771,0,0
Australia,2022-01-31,3161,0,0,0,0,0,0,0,0,17,0,0,0,0,0,0,3144,0,0
Australia,2022-02-14,3037,3,0,0,0,0,0,0,0,8,0,0,0,0,0,0,3025,0,1
Australia,2022-02-28,4152,2,0,0,0,0,0,0,0,24,0,0,0,0,0,0,4126,0,0
Australia,2022-03-14,6314,4,0,0,0,0,0,0,0,11,0,0,0,0,0,0,6298,0,1
Australia,2022-03-28,5787,6,0,0,0,0,0,0,0,0,0,0,0,0,0,0,5780,0,1
Australia,2022-04-11,4975,4,0,0,0,0,0,0,0,0,0,0,0,0,0,0,4971,0,0
Australia,2022-04-25,4935,1,0,0,0,0,0,0,0,0,0,0,0,0,0,0,4934,0,0
Australia,2022-05-09,5328,21,0,0,0,0,0,0,0,0,0,0,0,0,0,0,5307,0,0
Australia,2022-05-23,5409,12,0,0,0,0,0,0,0,0,0,0,0,0,0,0,5397,0,0
Australia,2022-06-06,4255,5,0,0,0,0,0,0,0,1,0,0,0,0,0,0,4249,0,0
Australia,2022-06-20,4676,2,0,0,0,0,0,0,0,0,0,0,0,0,0,0,4674,0,0
Australia,2022-07-04,4540,3,0,0,0,0,0,0,0,0,0,0,0,0,0,0,4537,0,0
Australia,2022-07-18,3852,0,0,0,0,0,0,0,0,0,0,0,0,0,0,0,3852,0,0
Australia,2022-08-01,4011,1,0,0,0,0,0,0,0,0,0,0,0,0,0,0,4010,0,0
Australia,2022-08-15,4310,0,0,0,0,0,0,0,0,0,0,0,0,0,0,0,4310,0,0
Australia,2022-08-29,3276,4,0,0,0,0,0,0,0,0,0,0,0,0,0,0,3272,0,0
Australia,2022-09-12,3441,4,0,0,0,0,0,0,0,0,0,0,0,0,0,0,3437,0,0
Australia,2022-09-26,3459,9,0,0,0,0,0,0,0,0,0,0,0,0,0,0,3450,0,0
Australia,2022-10-10,4170,43,0,0,0,0,0,0,0,0,0,0,0,0,0,0,4127,0,0
Australia,2022-10-24,5271,202,0,0,0,0,0,0,0,0,0,0,0,0,0,0,5069,0,0
Australia,2022-11-07,5323,519,0,0,0,0,0,0,0,0,0,0,0,0,0,0,4804,0,0
Australia,2022-11-21,4299,680,0,0,0,0,0,0,0,0,0,0,0,0,0,0,3619,0,0
Australia,2022-12-05,4055,841,0,0,0,0,0,0,0,0,0,0,0,0,0,0,3214,0,0
Australia,2022-12-19,2488,754,0,0,0,0,0,0,0,0,0,0,0,0,0,0,1734,0,0
Australia,2023-01-02,2780,932,0,0,0,0,0,0,0,0,0,0,0,0,0,0,1848,0,0
Australia,2023-01-16,1890,697,0,0,0,0,0,0,0,0,0,0,0,0,0,0,1193,0,0
Australia,2023-01-30,1832,675,0,0,0,0,0,0,0,0,0,0,0,0,0,0,1157,0,0
Australia,2023-02-13,1945,652,0,0,0,0,0,0,0,0,0,0,0,0,0,0,1293,0,0
Australia,2023-02-27,1863,451,0,0,0,0,0,0,0,0,0,0,0,0,0,0,1412,0,0
Australia,2023-03-13,2192,419,0,0,0,0,0,0,0,0,0,0,0,0,0,0,1773,0,0
Australia,2023-03-27,2378,386,0,0,1,0,0,0,0,0,0,0,0,0,0,0,1991,0,0
Australia,2023-04-10,2575,298,0,0,0,0,0,0,0,0,0,0,0,0,0,0,2277,0,0
Australia,2023-04-24,2766,334,0,0,0,0,0,0,0,0,0,0,0,0,0,0,2432,0,0
Australia,2023-05-08,2634,398,0,0,0,0,0,0,0,0,0,0,0,0,0,0,2236,0,0
Australia,2023-05-22,2771,499,0,0,0,0,0,0,0,0,0,0,0,0,0,0,2272,0,0
Australia,2023-06-05,1590,374,0,0,0,0,0,0,0,0,0,0,0,0,0,0,1216,0,0
Australia,2023-06-19,1144,318,0,0,0,0,0,0,0,0,0,0,0,0,0,0,826,0,0
Australia,2023-07-03,732,247,0,0,0,0,0,0,0,0,0,0,0,0,0,0,485,0,0
Australia,2023-07-17,562,146,0,0,0,0,0,0,0,0,0,0,0,0,0,0,416,0,0
Australia,2023-07-31,521,164,0,0,0,0,0,0,0,0,0,0,0,0,0,0,357,0,0
Australia,2023-08-14,561,154,0,0,0,0,0,0,0,0,0,0,0,0,0,0,407,0,0
Australia,2023-08-28,729,139,0,0,0,0,0,0,0,0,0,0,0,0,0,0,590,0,0
Australia,2023-09-11,796,112,0,0,0,0,0,0,0,0,0,0,0,0,0,0,684,0,0
Australia,2023-09-25,889,106,0,0,0,0,0,0,0,0,0,0,0,0,0,0,783,0,0
Australia,2023-10-09,1078,98,0,0,0,0,0,0,0,0,0,0,0,0,0,0,980,0,0
Australia,2023-10-23,1256,93,0,0,0,0,0,0,0,0,0,0,0,0,0,0,1163,0,0
Australia,2023-11-06,1109,58,0,0,0,0,0,0,0,0,0,0,0,0,0,0,1051,0,0
Australia,2023-11-20,1014,54,0,0,0,0,0,0,0,0,0,0,0,0,0,0,960,0,0
Australia,2023-12-04,859,39,0,0,0,0,0,0,0,0,0,0,0,0,0,0,820,0,0
Australia,2023-12-18,649,26,0,0,0,0,0,0,0,0,0,0,0,0,0,0,623,0,0
Australia,2024-01-01,545,13,0,0,0,0,0,0,0,0,0,0,0,0,0,0,532,0,0
Australia,2024-01-15,617,15,0,0,0,0,0,0,0,0,0,0,0,0,0,0,602,0,0
Australia,2024-01-29,600,7,0,0,0,0,0,0,0,0,0,0,0,0,0,0,593,0,0
Australia,2024-02-12,480,7,0,0,0,0,0,0,0,0,0,0,0,0,0,0,473,0,0
Australia,2024-02-26,662,11,0,0,0,0,0,0,0,0,0,0,0,0,0,0,651,0,0
Australia,2024-03-11,564,9,0,0,0,0,0,0,0,0,0,0,0,0,0,0,555,0,0
Australia,2024-03-25,507,14,0,0,0,0,0,0,0,0,0,0,0,0,0,0,493,0,0
Australia,2024-04-08,611,13,0,0,0,0,0,0,0,0,0,0,0,0,0,0,598,0,0
Australia,2024-04-22,681,6,0,0,0,0,0,0,0,0,0,0,0,0,0,0,675,0,0
Australia,2024-05-06,809,9,0,0,0,0,0,0,0,0,0,0,0,0,0,0,800,0,0
Australia,2024-07-01,618,2,0,0,0,0,0,0,0,0,0,0,0,0,0,0,616,0,0
Australia,2024-07-15,432,1,0,0,0,0,0,0,0,0,0,0,0,0,0,0,431,0,0
Australia,2024-07-29,474,8,0,0,0,0,0,0,0,0,0,0,0,0,0,0,466,0,0
Austria,2020-04-27,36,0,0,0,0,0,0,0,0,0,0,6,0,0,0,0,0,1,29
Austria,2020-05-11,42,0,0,0,0,0,0,0,0,0,0,7,0,0,0,0,0,1,34
Austria,2020-05-25,3,0,0,0,0,0,0,0,0,0,0,1,0,0,0,0,0,0,2
Austria,2020-06-08,7,0,0,0,0,0,0,0,0,0,0,1,0,0,0,0,0,0,6
Austria,2020-06-22,2,0,0,0,0,0,0,0,0,0,0,0,0,0,0,0,0,0,2
Austria,2020-07-06,14,0,0,0,0,0,0,0,0,0,0,2,0,0,0,0,0,0,12
Austria,2020-07-20,11,0,0,0,1,0,0,0,0,0,0,0,0,0,0,0,0,0,10
Austria,2020-08-03,22,0,2,0,0,0,0,0,0,0,0,0,0,0,0,0,0,0,20
Austria,2020-08-17,42,0,8,1,0,1,0,0,0,0,0,0,0,0,0,0,0,0,32
Austria,2020-08-31,37,0,11,0,0,0,0,0,0,0,0,0,0,0,0,0,0,0,26
Austria,2020-09-14,33,0,14,0,0,1,0,0,0,0,0,0,0,0,0,0,0,0,18
Austria,2020-09-28,29,0,7,0,0,2,0,0,0,0,0,0,0,0,0,0,0,0,20
Austria,2020-10-12,73,0,18,0,0,8,0,0,0,0,0,0,0,0,0,0,0,0,47
Austria,2020-10-26,181,0,97,1,0,18,0,0,0,0,0,0,0,0,0,0,0,0,65
Austria,2020-11-09,179,0,98,1,0,25,0,0,0,0,0,0,0,0,0,0,0,0,55
Austria,2020-11-23,129,0,64,1,0,9,0,1,0,0,0,0,0,0,0,0,0,0,54
Austria,2020-12-07,51,0,14,0,0,19,0,0,0,0,0,0,0,0,0,0,0,0,18
Austria,2020-12-21,340,0,206,0,0,57,0,15,0,0,0,0,0,0,0,0,0,0,62
Austria,2021-01-04,338,0,91,0,0,36,45,133,0,0,0,0,0,0,0,0,0,0,33
Austria,2021-01-18,317,0,84,1,0,21,111,60,0,0,0,0,4,0,0,0,0,0,36
Austria,2021-02-01,361,0,66,0,0,14,13,198,0,0,0,1,2,0,0,0,0,0,67
Austria,2021-02-15,356,0,37,0,0,11,29,239,0,0,0,1,1,0,0,0,0,0,38
Austria,2021-03-01,556,0,28,0,0,15,44,419,0,0,0,1,3,0,0,0,0,0,46
Austria,2021-03-15,394,0,8,0,0,7,2,367,0,0,0,0,0,0,0,0,0,0,10
Austria,2021-03-29,234,0,6,0,0,2,9,201,0,0,0,0,1,0,0,0,0,0,15
Austria,2021-04-12,231,0,6,0,0,4,6,194,1,3,0,0,1,2,0,0,0,0,14
Austria,2021-04-26,253,0,2,0,0,2,1,223,0,6,0,0,2,0,0,0,0,0,17
Austria,2021-05-10,602,0,1,0,0,1,2,497,11,4,0,0,0,0,1,48,0,0,37
Austria,2021-05-24,220,0,0,0,0,0,2,144,12,42,0,2,0,0,0,1,0,0,17
Austria,2021-06-07,754,0,0,0,0,1,2,335,6,396,0,0,0,0,1,0,0,0,13
Austria,2021-06-21,402,0,0,0,0,1,0,82,0,317,0,0,1,0,0,0,0,0,1
Austria,2021-07-05,681,0,0,0,0,0,0,16,0,665,0,0,0,0,0,0,0,0,0
Austria,2021-07-19,656,0,0,0,0,0,1,6,1,647,1,0,0,0,0,0,0,0,0
Austria,2021-08-02,501,0,0,0,0,0,0,0,1,499,0,0,0,0,0,0,0,0,1
Austria,2021-08-16,606,0,0,0,0,0,0,0,0,606,0,0,0,0,0,0,0,0,0
Austria,2021-08-30,321,0,0,0,0,0,1,0,1,319,0,0,0,0,0,0,0,0,0
Austria,2021-09-13,352,0,0,0,0,0,0,0,0,352,0,0,0,0,0,0,0,0,0
Austria,2021-09-27,314,0,0,0,0,0,0,0,0,314,0,0,0,0,0,0,0,0,0
Austria,2021-10-11,444,0,0,0,0,0,0,0,0,444,0,0,0,0,0,0,0,0,0
Austria,2021-10-25,449,0,0,0,0,0,0,0,0,448,0,0,0,0,0,0,1,0,0
Austria,2021-11-08,421,0,0,0,0,0,0,0,0,421,0,0,0,0,0,0,0,0,0
Austria,2021-11-22,271,0,0,0,0,0,0,0,0,252,0,0,0,0,0,0,19,0,0
Austria,2021-12-06,247,0,0,0,0,0,0,0,0,176,0,0,0,0,0,0,71,0,0
Austria,2021-12-20,767,0,0,0,0,1,0,0,0,206,0,0,0,0,0,0,559,0,1
Austria,2022-01-03,567,0,0,0,0,0,0,0,0,85,0,0,0,0,0,0,481,0,1
Austria,2022-01-17,860,0,0,0,0,0,0,0,0,4,0,0,0,0,0,0,853,0,3
Austria,2022-01-31,1687,0,0,0,0,0,0,0,0,2,0,0,0,0,0,0,1685,0,0
Austria,2022-02-14,1130,1,0,0,0,0,0,0,0,2,0,0,0,0,0,0,1124,0,3
Austria,2022-02-28,1125,0,0,0,0,0,0,0,0,4,0,0,0,0,0,0,1120,0,1
Austria,2022-03-14,1594,2,0,0,0,0,0,0,0,0,0,0,0,0,0,0,1581,0,11
Austria,2022-03-28,995,6,0,0,0,0,0,0,0,0,0,1,0,0,0,0,988,0,0
Austria,2022-04-11,897,2,0,0,0,0,0,0,0,1,0,0,0,0,0,0,893,0,1
Austria,2022-04-25,883,2,0,0,0,0,0,0,0,0,0,0,0,0,0,0,880,0,1
Austria,2022-05-09,1217,10,0,0,0,0,0,0,0,5,0,0,0,0,0,0,1202,0,0
Austria,2022-05-23,2110,6,0,0,0,0,0,0,0,0,0,0,0,0,0,0,2104,0,0
Austria,2022-06-06,2070,10,0,0,0,0,0,0,0,0,0,0,0,0,0,0,2060,0,0
Austria,2022-06-20,1811,8,0,0,0,0,0,0,0,0,0,0,0,0,0,0,1803,0,0
Austria,2022-07-04,1265,11,0,0,0,0,0,0,0,0,0,0,0,0,0,0,1254,0,0
Austria,2022-07-18,1641,15,0,0,0,0,0,0,0,1,0,0,0,0,0,0,1625,0,0
Austria,2022-08-01,1286,14,0,0,0,0,0,0,0,0,0,0,0,0,0,0,1271,0,1
Austria,2022-08-15,1942,8,0,0,0,0,0,0,0,2,0,0,0,0,0,0,1932,0,0
Austria,2022-08-29,1328,8,0,0,0,0,0,0,0,0,0,0,0,0,0,0,1320,0,0
Austria,2022-09-12,1941,11,0,0,0,0,0,0,0,0,0,0,0,0,0,0,1930,0,0
Austria,2022-09-26,2348,6,0,0,0,0,0,0,0,0,0,0,0,0,0,0,2342,0,0
Austria,2022-10-10,1236,9,0,0,0,0,0,0,0,0,0,0,0,0,0,0,1227,0,0
Austria,2022-10-24,1806,4,0,0,0,0,0,0,0,0,0,0,0,0,0,0,1802,0,0
Austria,2022-11-07,1726,5,0,0,0,0,0,0,0,0,0,0,0,0,0,0,1721,0,0
Austria,2022-11-21,2038,17,0,0,0,0,0,0,0,0,0,0,0,0,0,0,2021,0,0
Austria,2022-12-05,1732,26,0,0,0,0,0,0,0,0,0,0,0,0,0,0,1706,0,0
Austria,2022-12-19,2142,24,0,0,0,0,0,0,0,0,0,0,0,0,0,0,2118,0,0
Austria,2023-01-02,1539,23,0,0,0,0,0,0,0,0,0,0,0,0,0,0,1516,0,0
Austria,2023-01-16,2012,56,0,0,0,0,0,0,0,0,0,0,0,0,0,0,1956,0,0
Austria,2023-01-30,2009,59,0,0,0,0,0,0,0,0,0,0,0,0,0,0,1950,0,0
Austria,2023-02-13,2035,84,0,0,0,0,0,0,0,0,0,0,0,0,0,0,1951,0,0
Austria,2023-02-27,2018,59,0,0,0,0,0,0,0,0,0,0,0,0,0,0,1959,0,0
Austria,2023-03-13,1508,43,0,0,0,0,0,0,0,0,0,0,0,0,0,0,1465,0,0
Austria,2023-03-27,2065,51,0,0,0,0,0,0,0,0,0,0,0,0,0,0,2014,0,0
Austria,2023-04-10,1546,19,0,0,0,0,0,0,0,0,0,0,0,0,0,0,1527,0,0
Austria,2023-04-24,840,6,0,0,0,0,0,0,0,0,0,0,0,0,0,0,834,0,0
Austria,2023-05-08,339,3,0,0,0,0,0,0,0,0,0,0,0,0,0,0,336,0,0
Austria,2023-05-22,684,8,0,0,0,0,0,0,0,0,0,0,0,0,0,0,676,0,0
Austria,2023-06-05,567,3,0,0,0,0,0,0,0,0,0,0,0,0,0,0,564,0,0
Austria,2023-06-19,417,5,0,0,0,0,0,0,0,0,0,0,0,0,0,0,412,0,0
Austria,2023-07-03,9,0,0,0,0,0,0,0,0,0,0,0,0,0,0,0,9,0,0
Austria,2023-07-17,11,0,0,0,0,0,0,0,0,0,0,0,0,0,0,0,11,0,0
Austria,2023-07-31,32,0,0,0,0,0,0,0,0,0,0,0,0,0,0,0,32,0,0
Austria,2023-08-14,92,1,0,0,0,0,0,0,0,0,0,0,0,0,0,0,91,0,0
Austria,2023-08-28,130,4,0,0,0,0,0,0,0,0,0,0,0,0,0,0,126,0,0
Austria,2023-09-11,151,3,0,0,0,0,0,0,0,0,0,0,0,0,0,0,148,0,0
Austria,2023-09-25,199,8,0,0,0,0,0,0,0,0,0,0,0,0,0,0,191,0,0
Austria,2023-10-09,266,10,0,0,0,0,0,0,0,0,0,0,0,0,0,0,256,0,0
Austria,2023-10-23,313,9,0,0,0,0,0,0,0,0,0,0,0,0,0,0,304,0,0
Austria,2023-11-06,370,9,0,0,0,0,0,0,0,0,0,0,0,0,0,0,361,0,0
Austria,2023-11-20,514,2,0,0,0,0,0,0,0,0,0,0,0,0,0,0,512,0,0
Austria,2023-12-04,359,5,0,0,0,0,0,0,0,0,0,0,0,0,0,0,354,0,0
Austria,2023-12-18,226,5,0,0,0,0,0,0,0,0,0,0,0,0,0,0,221,0,0
Austria,2024-01-01,190,4,0,0,0,0,0,0,0,0,0,0,0,0,0,0,186,0,0
Austria,2024-01-15,71,2,0,0,0,0,0,0,0,0,0,0,0,0,0,0,69,0,0
Austria,2024-01-29,50,0,0,0,0,0,0,0,0,0,0,0,0,0,0,0,50,0,0
Austria,2024-02-12,17,0,0,0,0,0,0,0,0,0,0,0,0,0,0,0,17,0,0
Austria,2024-02-26,12,0,0,0,0,0,0,0,0,0,0,0,0,0,0,0,12,0,0
Austria,2024-03-11,4,0,0,0,0,0,0,0,0,0,0,0,0,0,0,0,4,0,0
Austria,2024-03-25,5,0,0,0,0,0,0,0,0,0,0,0,0,0,0,0,5,0,0
Austria,2024-04-08,4,0,0,0,0,0,0,0,0,0,0,0,0,0,0,0,4,0,0
Austria,2024-04-22,4,0,0,0,0,0,0,0,0,0,0,0,0,0,0,0,4,0,0
Austria,2024-05-06,2,0,0,0,0,0,0,0,0,0,0,0,0,0,0,0,2,0,0
Austria,2024-07-01,32,1,0,0,0,0,0,0,0,0,0,0,0,0,0,0,31,0,0
Austria,2024-07-15,45,0,0,0,0,0,0,0,0,0,0,0,0,0,0,0,45,0,0
Austria,2024-07-29,61,4,0,0,0,0,0,0,0,0,0,0,0,0,0,0,57,0,0
Bahamas,2020-07-20,1,1,0,0,0,0,0,0,0,0,0,0,0,0,0,0,0,0,0
Bahamas,2020-08-03,2,2,0,0,0,0,0,0,0,0,0,0,0,0,0,0,0,0,0
Bahamas,2020-08-17,1,1,0,0,0,0,0,0,0,0,0,0,0,0,0,0,0,0,0
Bahamas,2020-08-31,2,2,0,0,0,0,0,0,0,0,0,0,0,0,0,0,0,0,0
Bahamas,2020-10-12,1,1,0,0,0,0,0,0,0,0,0,0,0,0,0,0,0,0,0
Bahamas,2020-10-26,8,8,0,0,0,0,0,0,0,0,0,0,0,0,0,0,0,0,0
Bahamas,2020-11-09,5,5,0,0,0,0,0,0,0,0,0,0,0,0,0,0,0,0,0
Bahamas,2020-11-23,1,1,0,0,0,0,0,0,0,0,0,0,0,0,0,0,0,0,0
Bahamas,2021-01-18,4,4,0,0,0,0,0,0,0,0,0,0,0,0,0,0,0,0,0
Bahamas,2021-03-15,7,0,0,0,0,1,0,3,0,0,0,1,0,0,0,0,0,0,2
Bahamas,2021-03-29,14,0,0,0,0,2,0,10,0,0,0,0,0,1,0,0,0,0,1
Bahamas,2021-04-12,13,0,0,0,0,0,0,13,0,0,0,0,0,0,0,0,0,0,0
Bahamas,2021-04-26,2,0,0,0,0,0,0,2,0,0,0,0,0,0,0,0,0,0,0
Bahamas,2021-05-10,7,0,0,0,0,0,0,6,0,1,0,0,0,0,0,0,0,0,0
Bahamas,2021-06-21,7,0,0,0,0,0,0,7,0,0,0,0,0,0,0,0,0,0,0
Bahamas,2021-07-05,13,0,0,0,0,0,0,8,0,5,0,0,0,0,0,0,0,0,0
Bahamas,2021-07-19,25,0,0,0,0,0,0,12,1,12,0,0,0,0,0,0,0,0,0
Bahamas,2021-08-02,79,0,0,0,0,0,0,8,1,70,0,0,0,0,0,0,0,0,0
Bahamas,2021-08-16,1,0,0,0,0,0,0,0,0,1,0,0,0,0,0,0,0,0,0
Bahamas,2021-09-27,2,0,0,0,0,0,0,0,0,2,0,0,0,0,0,0,0,0,0
Bahamas,2021-10-11,8,0,0,0,0,0,0,0,0,8,0,0,0,0,0,0,0,0,0
Bahamas,2021-10-25,20,0,0,0,0,0,0,1,0,19,0,0,0,0,0,0,0,0,0
Bahamas,2021-11-08,16,0,0,0,0,0,0,0,0,16,0,0,0,0,0,0,0,0,0
Bahamas,2021-11-22,6,0,0,0,0,0,0,0,0,6,0,0,0,0,0,0,0,0,0
Bahamas,2021-12-06,2,0,0,0,0,0,0,1,0,0,0,0,0,0,0,0,1,0,0
Bahamas,2021-12-20,2,0,0,0,0,0,0,0,0,0,0,0,0,0,0,0,2,0,0
Bahamas,2022-01-03,5,0,0,0,0,0,0,0,0,0,0,0,0,0,0,0,5,0,0
Bahamas,2022-01-17,3,0,0,0,0,0,0,0,0,0,0,0,0,0,0,0,3,0,0
Bahamas,2022-02-14,1,0,0,0,0,0,0,0,0,0,0,0,0,0,0,0,1,0,0
Bahamas,2022-03-14,1,0,0,0,0,0,0,0,0,0,0,0,0,0,0,0,1,0,0
Bahamas,2022-04-11,1,0,0,0,0,0,0,0,0,0,0,0,0,0,0,0,1,0,0
Bahamas,2022-04-25,2,0,0,0,0,0,0,0,0,0,0,0,0,0,0,0,2,0,0
Bahamas,2022-05-09,8,0,0,0,0,0,0,0,0,0,0,0,0,0,0,0,8,0,0
Bahamas,2022-05-23,4,0,0,0,0,0,0,0,0,0,0,0,0,0,0,0,4,0,0
Bahamas,2022-06-06,4,0,0,0,0,0,0,0,0,0,0,0,0,0,0,0,4,0,0
Bahamas,2022-06-20,9,0,0,0,0,0,0,0,0,0,0,0,0,0,0,0,9,0,0
Bahamas,2022-07-04,2,0,0,0,0,0,0,0,0,0,0,0,0,0,0,0,2,0,0
Bahamas,2022-08-15,7,0,0,0,0,0,0,0,0,0,0,0,0,0,0,0,7,0,0
Bahamas,2022-08-29,17,0,0,0,0,0,0,0,0,0,0,0,0,0,0,0,17,0,0
Bahamas,2022-09-12,14,0,0,0,0,0,0,0,0,0,0,0,0,0,0,0,14,0,0
Bahamas,2022-09-26,7,0,0,0,0,0,0,0,0,0,0,0,0,0,0,0,7,0,0
Bahamas,2022-10-10,6,0,0,0,0,0,0,0,0,0,0,0,0,0,0,0,6,0,0
Bahamas,2022-10-24,16,0,0,0,0,0,0,0,0,0,0,0,0,0,0,0,16,0,0
Bahamas,2022-11-07,2,0,0,0,0,0,0,0,0,0,0,0,0,0,0,0,2,0,0
Bahamas,2022-11-21,7,0,0,0,0,0,0,0,0,0,0,0,0,0,0,0,7,0,0
Bahamas,2022-12-05,3,0,0,0,0,0,0,0,0,0,0,0,0,0,0,0,3,0,0
Bahamas,2023-01-02,5,0,0,0,0,0,0,0,0,0,0,0,0,0,0,0,5,0,0
Bahrain,2020-05-25,1,0,0,0,0,0,0,0,0,0,0,0,0,0,0,0,0,0,1
Bahrain,2020-06-08,2,0,0,0,0,0,0,0,0,0,0,0,0,0,0,0,0,0,2
Bahrain,2020-06-22,12,0,0,0,0,0,0,0,0,0,0,2,0,0,0,0,0,0,10
Bahrain,2020-07-06,1,0,0,0,0,0,0,0,0,0,0,0,0,0,0,0,0,0,1
Bahrain,2020-07-20,3,0,0,0,0,0,0,0,0,0,0,1,0,0,0,0,0,0,2
Bahrain,2020-08-17,6,0,0,0,0,0,0,0,0,0,0,1,0,0,0,0,0,0,5
Bahrain,2020-08-31,4,0,0,0,0,0,0,0,0,0,0,1,0,0,0,0,0,0,3
Bahrain,2020-09-14,3,0,0,0,0,0,0,0,0,0,0,1,0,0,0,0,0,0,2
Bahrain,2020-09-28,12,0,0,0,0,0,0,0,0,0,0,2,0,0,0,0,0,0,10
Bahrain,2020-10-12,45,0,0,0,0,0,0,0,0,0,0,7,0,1,0,0,0,1,36
Bahrain,2020-10-26,6,0,0,0,0,0,0,0,0,0,0,1,0,0,0,0,0,0,5
Bahrain,2020-11-09,35,0,0,0,0,0,0,0,0,0,0,5,0,1,0,0,0,1,28
Bahrain,2020-12-07,5,0,0,0,0,0,0,0,0,0,0,1,0,0,0,0,0,0,4
Bahrain,2020-12-21,2,0,0,0,0,0,0,0,0,0,0,0,0,0,0,0,0,0,2
Bahrain,2021-01-04,3,0,0,0,0,0,0,0,0,0,0,1,0,0,0,0,0,0,2
Bahrain,2021-01-18,11,0,0,0,0,1,0,6,0,0,0,1,1,0,0,0,0,0,2
Bahrain,2021-02-01,25,0,2,0,0,5,0,12,0,0,0,0,0,0,0,0,0,0,6
Bahrain,2021-02-15,17,0,2,0,0,4,0,6,0,0,0,0,0,0,0,0,0,0,5
Bahrain,2021-03-15,7,0,0,0,0,0,0,7,0,0,0,0,0,0,0,0,0,0,0
Bahrain,2021-03-29,41,0,0,0,0,0,9,5,0,15,6,0,0,1,0,2,0,0,3
Bahrain,2021-04-12,16,0,0,0,0,0,8,1,0,4,2,0,0,0,0,0,0,0,1
Bahrain,2021-04-26,15,0,0,0,0,1,0,12,0,1,0,0,0,0,0,0,0,0,1
Bahrain,2021-05-10,47,0,0,0,0,0,0,17,0,30,0,0,0,0,0,0,0,0,0
Bahrain,2021-05-24,41,0,0,0,0,0,1,3,0,36,0,0,0,0,0,1,0,0,0
Bahrain,2021-06-07,16,0,0,0,0,0,1,3,0,12,0,0,0,0,0,0,0,0,0
Bahrain,2021-06-21,132,0,0,0,0,0,0,1,0,131,0,0,0,0,0,0,0,0,0
Bahrain,2021-07-05,61,0,0,0,0,0,0,3,0,58,0,0,0,0,0,0,0,0,0
Bahrain,2021-07-19,227,0,0,0,0,0,1,3,1,220,0,0,0,0,0,1,0,0,1
Bahrain,2021-08-02,64,0,0,0,0,0,0,0,0,64,0,0,0,0,0,0,0,0,0
Bahrain,2021-08-16,260,0,0,0,0,0,0,1,0,259,0,0,0,0,0,0,0,0,0
Bahrain,2021-08-30,88,0,0,0,0,0,0,0,0,88,0,0,0,0,0,0,0,0,0
Bahrain,2021-09-13,190,0,0,0,0,0,0,0,0,190,0,0,0,0,0,0,0,0,0
Bahrain,2021-09-27,348,0,0,0,0,0,0,0,0,348,0,0,0,0,0,0,0,0,0
Bahrain,2021-10-11,403,0,0,0,0,0,0,0,0,403,0,0,0,0,0,0,0,0,0
Bahrain,2021-10-25,431,0,0,0,0,0,0,0,0,431,0,0,0,0,0,0,0,0,0
Bahrain,2021-11-08,216,0,0,0,0,0,0,0,0,216,0,0,0,0,0,0,0,0,0
Bahrain,2021-11-22,561,0,0,0,0,0,0,0,0,560,0,0,0,0,0,0,1,0,0
Bahrain,2021-12-06,381,0,0,0,0,0,0,1,0,305,0,0,0,0,0,0,75,0,0
Bahrain,2021-12-20,372,0,0,0,0,0,0,2,0,4,0,0,0,0,0,0,366,0,0
Bahrain,2022-01-03,185,0,0,0,0,0,0,0,0,1,0,0,0,0,0,0,184,0,0
Bahrain,2022-01-17,99,0,0,0,0,0,0,0,0,0,0,0,0,0,0,0,99,0,0
Bahrain,2022-01-31,355,0,0,0,0,0,0,0,0,11,0,0,0,0,0,0,344,0,0
Bahrain,2022-02-14,1628,0,0,0,0,0,0,0,0,0,0,0,0,0,0,0,1628,0,0
Bahrain,2022-02-28,426,0,0,0,0,0,0,0,0,0,0,0,0,0,0,0,426,0,0
Bahrain,2022-03-14,359,0,0,0,0,0,0,0,0,1,0,0,0,0,0,0,358,0,0
Bahrain,2022-03-28,252,0,0,0,0,0,0,0,0,1,0,0,0,0,0,0,251,0,0
Bahrain,2022-04-11,269,0,0,0,0,0,0,0,0,0,0,0,0,0,0,0,269,0,0
Bahrain,2022-04-25,291,0,0,0,0,0,0,0,0,0,0,0,0,0,0,0,291,0,0
Bahrain,2022-05-09,423,0,0,0,0,0,0,0,0,0,0,0,0,0,0,0,423,0,0
Bahrain,2022-05-23,101,0,0,0,0,0,0,0,0,0,0,0,0,0,0,0,101,0,0
Bahrain,2022-06-06,42,1,0,0,0,0,0,0,0,0,0,0,0,0,0,0,41,0,0
Bahrain,2022-06-20,65,0,0,0,0,0,0,0,0,0,0,0,0,0,0,0,65,0,0
Bahrain,2022-07-04,270,0,0,0,0,0,0,0,0,0,0,0,0,0,0,0,270,0,0
Bahrain,2022-07-18,148,0,0,0,0,0,0,0,0,0,0,0,0,0,0,0,148,0,0
Bahrain,2022-08-01,141,0,0,0,0,0,0,0,0,0,0,0,0,0,0,0,141,0,0
Bahrain,2022-08-15,87,0,0,0,0,0,0,0,0,0,0,0,0,0,0,0,87,0,0
Bahrain,2022-11-07,4,0,0,0,0,0,0,0,0,0,0,0,0,0,0,0,4,0,0
Bahrain,2022-11-21,83,0,0,0,0,0,0,0,0,0,0,0,0,0,0,0,83,0,0
Bahrain,2022-12-05,78,0,0,0,0,0,0,0,0,0,0,0,0,0,0,0,78,0,0
Bahrain,2022-12-19,56,0,0,0,0,0,0,0,0,0,0,0,0,0,0,0,56,0,0
Bahrain,2023-01-02,127,1,0,0,0,0,0,0,0,0,0,0,0,0,0,0,126,0,0
Bahrain,2023-01-16,180,0,0,0,0,0,0,0,0,0,0,0,0,0,0,0,180,0,0
Bahrain,2023-01-30,153,1,0,0,0,0,0,0,0,0,0,0,0,0,0,0,152,0,0
Bahrain,2023-03-27,84,0,0,0,0,0,0,0,0,0,0,0,0,0,0,0,84,0,0
Bahrain,2023-07-17,71,1,0,0,0,0,0,0,0,0,0,0,0,0,0,0,70,0,0
Bahrain,2023-08-28,113,2,0,0,0,0,0,0,0,0,0,0,0,0,0,0,111,0,0
Bahrain,2023-09-11,38,0,0,0,0,0,0,0,0,0,0,0,0,0,0,0,38,0,0
Bahrain,2023-10-09,50,4,0,0,0,0,0,0,0,0,0,0,0,0,0,0,46,0,0
Bahrain,2023-12-04,38,12,0,0,0,0,0,0,0,0,0,0,0,0,0,0,26,0,0
Bahrain,2024-01-15,81,2,0,0,0,0,0,0,0,0,0,0,0,0,0,0,79,0,0
Bahrain,2024-02-12,93,0,0,0,0,0,0,0,0,0,0,0,0,0,0,0,93,0,0
Bahrain,2024-03-11,82,1,0,0,0,0,0,0,0,0,0,0,0,0,0,0,81,0,0
Bahrain,2024-07-01,42,1,0,0,0,0,0,0,0,0,0,0,0,0,0,0,41,0,0
Bangladesh,2020-04-27,127,0,0,0,0,0,0,0,0,0,0,20,0,3,0,0,0,3,101
Bangladesh,2020-05-11,158,0,0,0,0,0,0,0,0,0,0,25,0,4,0,0,0,3,126
Bangladesh,2020-05-25,104,0,0,0,0,0,0,0,0,0,0,16,0,3,0,0,0,2,83
Bangladesh,2020-06-08,102,0,0,0,0,0,0,0,0,0,0,16,0,3,0,0,0,2,81
Bangladesh,2020-06-22,155,0,0,0,0,0,0,0,0,0,0,24,0,4,0,0,0,3,124
Bangladesh,2020-07-06,181,0,0,0,0,0,0,0,0,0,0,29,0,4,0,0,0,4,144
Bangladesh,2020-07-20,86,0,0,0,0,0,0,0,0,0,0,13,0,2,0,0,0,2,69
Bangladesh,2020-08-03,54,0,0,0,0,0,0,0,0,0,0,9,0,1,0,0,0,1,43
Bangladesh,2020-08-17,26,0,0,0,0,0,0,0,0,0,0,4,0,1,0,0,0,0,21
Bangladesh,2020-08-31,93,0,0,0,0,0,0,0,0,0,0,15,0,2,0,0,0,2,74
Bangladesh,2020-09-14,14,0,0,0,0,0,0,0,0,0,0,2,0,1,0,0,0,0,11
Bangladesh,2020-09-28,23,0,0,0,0,0,0,0,0,0,0,4,0,1,0,0,0,0,18
Bangladesh,2020-10-12,15,0,0,0,0,0,0,0,0,0,0,3,0,0,0,0,0,0,12
Bangladesh,2020-10-26,19,0,0,0,0,0,0,0,0,0,0,3,0,1,0,0,0,0,15
Bangladesh,2020-11-09,26,0,0,0,0,0,0,0,0,0,0,4,0,1,0,0,0,0,21
Bangladesh,2020-11-23,48,0,0,0,0,0,0,0,0,0,0,8,0,1,0,0,0,1,38
Bangladesh,2020-12-07,22,0,0,0,0,0,0,0,0,0,0,3,0,1,0,0,0,0,18
Bangladesh,2020-12-21,46,0,8,0,0,18,0,2,0,0,0,1,0,0,0,0,0,0,17
Bangladesh,2021-01-04,24,0,3,0,0,6,0,10,0,0,0,0,0,0,0,0,0,0,5
Bangladesh,2021-01-18,58,0,10,1,0,9,2,4,0,0,0,3,0,0,0,0,0,1,28
Bangladesh,2021-02-01,19,0,3,0,0,6,0,5,0,0,0,0,0,0,0,0,0,0,5
Bangladesh,2021-02-15,29,0,2,0,0,1,7,14,1,0,0,0,0,0,0,0,0,0,4
Bangladesh,2021-03-01,93,0,3,0,0,3,60,15,0,0,0,0,3,0,0,0,0,0,9
Bangladesh,2021-03-15,108,0,2,0,0,2,78,17,0,0,0,0,4,0,0,0,0,0,5
Bangladesh,2021-03-29,134,0,1,0,0,1,112,12,0,0,0,0,4,0,0,0,0,0,4
Bangladesh,2021-04-12,99,0,2,0,0,1,80,9,0,1,0,0,1,0,0,0,0,0,5
Bangladesh,2021-04-26,40,0,1,0,0,0,19,4,0,13,0,0,1,0,0,0,0,0,2
Bangladesh,2021-05-10,76,0,0,0,0,0,33,2,0,31,0,0,2,0,1,4,0,0,3
Bangladesh,2021-05-24,85,0,0,0,0,0,23,3,0,54,0,0,3,0,0,1,0,0,1
Bangladesh,2021-06-07,88,0,0,0,0,0,13,0,0,71,0,0,1,0,0,0,0,0,3
Bangladesh,2021-06-21,248,0,0,0,0,0,4,1,0,240,0,0,0,0,0,1,0,0,2
Bangladesh,2021-07-05,408,0,0,0,0,0,1,0,0,404,0,0,0,0,0,0,0,0,3
Bangladesh,2021-07-19,236,0,0,0,0,0,1,0,0,235,0,0,0,0,0,0,0,0,0
Bangladesh,2021-08-02,340,0,0,0,0,0,0,0,0,339,0,0,0,0,0,0,0,0,1
Bangladesh,2021-08-16,209,0,0,0,0,0,0,0,0,209,0,0,0,0,0,0,0,0,0
Bangladesh,2021-08-30,157,0,0,0,0,0,0,0,0,157,0,0,0,0,0,0,0,0,0
Bangladesh,2021-09-13,147,0,0,0,0,0,0,0,0,145,0,0,0,0,0,0,0,0,2
Bangladesh,2021-09-27,140,0,0,0,0,0,0,0,0,140,0,0,0,0,0,0,0,0,0
Bangladesh,2021-10-11,128,0,0,0,0,0,0,0,0,128,0,0,0,0,0,0,0,0,0
Bangladesh,2021-10-25,96,0,0,0,0,0,0,0,0,96,0,0,0,0,0,0,0,0,0
Bangladesh,2021-11-08,127,0,0,0,0,0,0,0,0,127,0,0,0,0,0,0,0,0,0
Bangladesh,2021-11-22,145,0,0,0,0,0,0,0,0,145,0,0,0,0,0,0,0,0,0
Bangladesh,2021-12-06,122,0,0,0,0,0,0,0,0,117,0,0,0,0,0,0,4,0,1
Bangladesh,2021-12-20,148,0,0,0,0,0,0,0,0,106,0,0,0,0,0,0,42,0,0
Bangladesh,2022-01-03,378,0,0,0,0,0,0,0,0,65,0,0,0,0,0,0,313,0,0
Bangladesh,2022-01-17,364,1,0,0,0,0,0,0,0,4,0,0,0,0,0,0,358,0,1
Bangladesh,2022-01-31,202,0,0,0,0,0,0,0,0,2,0,0,0,0,0,0,200,0,0
Bangladesh,2022-02-14,115,0,0,0,0,0,0,0,0,0,0,0,0,0,0,0,115,0,0
Bangladesh,2022-02-28,55,1,0,0,0,0,0,0,0,1,0,0,0,0,0,0,53,0,0
Bangladesh,2022-03-14,19,0,0,0,0,0,0,0,0,0,0,0,0,0,0,0,19,0,0
Bangladesh,2022-03-28,7,0,0,0,0,0,0,0,0,0,0,0,0,0,0,0,7,0,0
Bangladesh,2022-04-11,6,0,0,0,0,0,0,0,0,0,0,0,0,0,0,0,6,0,0
Bangladesh,2022-04-25,7,1,0,0,0,0,0,0,0,0,0,0,0,0,0,0,6,0,0
Bangladesh,2022-05-09,4,0,0,0,0,0,0,0,0,0,0,0,0,0,0,0,4,0,0
Bangladesh,2022-05-23,11,0,0,0,0,0,0,0,0,0,0,0,0,0,0,0,11,0,0
Bangladesh,2022-06-06,108,1,0,0,0,0,0,0,0,0,0,0,0,0,0,0,107,0,0
Bangladesh,2022-06-20,162,0,0,0,0,0,0,0,0,0,0,0,0,0,0,0,162,0,0
Bangladesh,2022-07-04,40,0,0,0,0,0,0,0,0,0,0,0,0,0,0,0,40,0,0
Bangladesh,2022-07-18,23,0,0,0,0,0,0,0,0,0,0,0,0,0,0,0,23,0,0
Bangladesh,2022-08-01,8,0,0,0,0,0,0,0,0,2,0,0,0,0,0,0,5,0,1
Bangladesh,2022-08-15,8,0,0,0,0,0,0,0,0,0,0,0,0,0,0,0,8,0,0
Bangladesh,2022-08-29,25,0,0,0,0,0,0,0,0,0,0,0,0,0,0,0,25,0,0
Bangladesh,2022-09-12,98,1,0,0,0,0,0,0,0,0,0,0,0,0,0,0,97,0,0
Bangladesh,2022-09-26,85,0,0,0,0,0,0,0,0,0,0,0,0,0,0,0,85,0,0
Bangladesh,2022-10-10,50,0,0,0,0,0,0,0,0,0,0,0,0,0,0,0,50,0,0
Bangladesh,2022-10-24,8,0,0,0,0,0,0,0,0,0,0,0,0,0,0,0,8,0,0
Bangladesh,2022-11-07,1,0,0,0,0,0,0,0,0,0,0,0,0,0,0,0,1,0,0
Bangladesh,2022-12-05,1,0,0,0,0,0,0,0,0,0,0,0,0,0,0,0,0,0,1
Bangladesh,2022-12-19,1,0,0,0,0,0,0,0,0,0,0,0,0,0,0,0,1,0,0
Bangladesh,2023-01-02,2,0,0,0,0,0,0,0,0,0,0,0,0,0,0,0,2,0,0
Bangladesh,2023-01-30,2,0,0,0,0,0,0,0,0,0,0,0,0,0,0,0,2,0,0
Bangladesh,2023-03-13,1,0,0,0,0,0,0,0,0,0,0,0,0,0,0,0,1,0,0
Bangladesh,2023-03-27,1,0,0,0,0,0,0,0,0,0,0,0,0,0,0,0,1,0,0
Bangladesh,2023-04-10,6,0,0,0,0,0,0,0,0,0,0,0,0,0,0,0,6,0,0
Bangladesh,2023-04-24,17,0,0,0,0,0,0,0,0,0,0,0,0,0,0,0,17,0,0
Bangladesh,2023-05-08,9,0,0,0,0,0,0,0,0,0,0,0,0,0,0,0,9,0,0
Bangladesh,2023-05-22,14,0,0,0,0,0,0,0,0,0,0,0,0,0,0,0,14,0,0
Bangladesh,2023-06-05,41,0,0,0,0,0,0,0,0,0,0,0,0,0,0,0,41,0,0
Bangladesh,2023-06-19,21,0,0,0,0,0,0,0,0,0,0,0,0,0,0,0,21,0,0
Bangladesh,2023-07-03,38,0,0,0,0,0,0,0,0,0,0,0,0,0,0,0,38,0,0
Bangladesh,2023-07-17,44,0,0,0,0,0,0,0,0,0,0,0,0,0,0,0,44,0,0
Bangladesh,2023-07-31,14,0,0,0,0,0,0,0,0,0,0,0,0,0,0,0,14,0,0
Bangladesh,2023-08-14,5,0,0,0,0,0,0,0,0,0,0,0,0,0,0,0,5,0,0
Bangladesh,2023-08-28,1,0,0,0,0,0,0,0,0,0,0,0,0,0,0,0,1,0,0
Bangladesh,2023-12-04,1,0,0,0,0,0,0,0,0,0,0,0,0,0,0,0,1,0,0
Bangladesh,2023-12-18,4,0,0,0,0,0,0,0,0,0,0,0,0,0,0,0,4,0,0
Bangladesh,2024-01-01,19,0,0,0,0,0,0,0,0,0,0,0,0,0,0,0,19,0,0
Bangladesh,2024-01-15,8,0,0,0,0,0,0,0,0,0,0,0,0,0,0,0,8,0,0
Bangladesh,2024-01-29,10,0,0,0,0,0,0,0,0,0,0,0,0,0,0,0,10,0,0
Bangladesh,2024-02-12,5,0,0,0,0,0,0,0,0,0,0,0,0,0,0,0,5,0,0
Bangladesh,2024-02-26,10,0,0,0,0,0,0,0,0,0,0,0,0,0,0,0,10,0,0
Bangladesh,2024-03-11,6,0,0,0,0,0,0,0,0,0,0,0,0,0,0,0,6,0,0
Belarus,2020-05-25,10,10,0,0,0,0,0,0,0,0,0,0,0,0,0,0,0,0,0
Belarus,2020-06-08,1,1,0,0,0,0,0,0,0,0,0,0,0,0,0,0,0,0,0
Belarus,2020-07-06,1,1,0,0,0,0,0,0,0,0,0,0,0,0,0,0,0,0,0
Belarus,2020-07-20,1,1,0,0,0,0,0,0,0,0,0,0,0,0,0,0,0,0,0
Belarus,2020-09-28,1,1,0,0,0,0,0,0,0,0,0,0,0,0,0,0,0,0,0
Belarus,2020-10-12,4,4,0,0,0,0,0,0,0,0,0,0,0,0,0,0,0,0,0
Belarus,2020-10-26,20,20,0,0,0,0,0,0,0,0,0,0,0,0,0,0,0,0,0
Belarus,2020-11-09,1,1,0,0,0,0,0,0,0,0,0,0,0,0,0,0,0,0,0
Belarus,2020-11-23,4,4,0,0,0,0,0,0,0,0,0,0,0,0,0,0,0,0,0
Belarus,2020-12-07,1,1,0,0,0,0,0,0,0,0,0,0,0,0,0,0,0,0,0
Belarus,2021-01-18,2,2,0,0,0,0,0,0,0,0,0,0,0,0,0,0,0,0,0
Belarus,2021-02-15,4,0,0,0,0,0,0,3,0,0,0,0,0,0,0,0,0,0,1
Belarus,2021-03-01,1,0,0,0,0,0,0,1,0,0,0,0,0,0,0,0,0,0,0
Belarus,2021-03-15,13,0,1,0,0,1,0,5,0,0,0,1,1,0,0,0,0,0,4
Belarus,2021-03-29,6,0,1,0,0,1,0,3,0,0,0,0,0,0,0,0,0,0,1
Belarus,2021-04-12,5,0,1,0,0,1,0,1,0,0,0,0,0,0,0,0,0,0,2
Belarus,2021-04-26,5,0,0,0,0,0,0,4,0,0,0,0,0,0,0,0,0,0,1
Belarus,2021-05-10,1,0,0,0,0,0,0,1,0,0,0,0,0,0,0,0,0,0,0
Belarus,2021-05-24,2,0,0,0,0,0,0,1,0,1,0,0,0,0,0,0,0,0,0
Belarus,2021-08-02,5,0,0,0,0,0,0,0,0,4,0,0,0,0,0,0,0,0,1
Belarus,2021-08-16,15,0,0,0,0,0,0,0,0,15,0,0,0,0,0,0,0,0,0
Belarus,2021-08-30,17,0,0,0,0,0,0,0,0,17,0,0,0,0,0,0,0,0,0
Belarus,2021-09-13,9,0,0,0,0,0,0,0,0,8,0,0,0,0,0,0,0,0,1
Belarus,2021-09-27,34,0,0,0,0,0,0,0,0,34,0,0,0,0,0,0,0,0,0
Belarus,2021-10-11,5,0,0,0,0,0,0,0,0,5,0,0,0,0,0,0,0,0,0
Belarus,2021-10-25,16,0,0,0,0,0,0,0,0,16,0,0,0,0,0,0,0,0,0
Belarus,2021-11-22,3,0,0,0,0,0,0,0,0,3,0,0,0,0,0,0,0,0,0
Belarus,2021-12-06,6,0,0,0,0,0,0,0,0,6,0,0,0,0,0,0,0,0,0
Belarus,2021-12-20,7,0,0,0,0,0,0,0,0,7,0,0,0,0,0,0,0,0,0
Belarus,2022-01-03,9,0,0,0,0,0,0,0,0,9,0,0,0,0,0,0,0,0,0
Belarus,2022-01-17,12,0,0,0,0,0,0,0,0,6,0,0,0,0,0,0,6,0,0
Belarus,2022-01-31,10,0,0,0,0,0,0,0,0,0,0,0,0,0,0,0,10,0,0
Belarus,2022-02-14,2,0,0,0,0,0,0,0,0,0,0,0,0,0,0,0,2,0,0
Belgium,2020-04-27,134,0,0,0,0,0,0,0,0,0,0,22,0,0,0,0,0,3,109
Belgium,2020-05-11,67,0,0,0,0,0,0,0,0,0,0,11,0,0,0,0,0,1,55
Belgium,2020-05-25,15,0,0,0,0,0,0,0,0,0,0,3,0,0,0,0,0,0,12
Belgium,2020-06-08,38,0,0,0,0,0,0,0,0,0,0,6,0,0,0,0,0,1,31
Belgium,2020-06-22,39,0,1,0,0,0,0,0,0,0,0,0,0,0,0,0,0,0,38
Belgium,2020-07-06,39,0,3,0,0,1,0,0,0,0,0,0,0,0,0,0,0,0,35
Belgium,2020-07-20,146,0,42,0,0,9,0,0,0,0,0,0,0,0,0,0,0,0,95
Belgium,2020-08-03,128,0,52,0,0,2,0,0,0,0,0,0,0,0,0,0,0,0,74
Belgium,2020-08-17,54,0,34,0,2,0,0,0,0,0,0,0,0,0,0,0,0,0,18
Belgium,2020-08-31,87,0,37,0,4,9,0,0,0,0,0,0,0,0,0,0,0,0,37
Belgium,2020-09-14,246,0,107,1,2,40,0,0,0,0,0,0,0,0,0,0,0,0,96
Belgium,2020-09-28,130,0,72,0,0,35,0,0,0,0,0,0,0,0,0,0,0,0,23
Belgium,2020-10-12,356,0,235,0,0,74,0,0,0,0,0,0,0,0,0,0,0,0,47
Belgium,2020-10-26,216,0,161,0,0,24,0,0,0,0,0,0,0,0,0,0,0,0,31
Belgium,2020-11-09,242,0,172,0,0,51,0,0,0,0,0,0,0,0,0,0,0,0,19
Belgium,2020-11-23,149,0,93,0,0,36,0,3,0,0,0,0,0,0,0,0,0,0,17
Belgium,2020-12-07,343,0,139,0,0,37,2,0,0,0,0,0,0,0,0,0,0,0,165
Belgium,2020-12-21,237,0,104,0,0,45,7,48,0,0,0,0,0,0,0,0,0,0,33
Belgium,2021-01-04,758,0,261,0,0,141,16,253,0,2,0,1,0,0,0,0,0,1,83
Belgium,2021-01-18,1705,0,550,0,0,225,66,692,1,1,0,1,4,0,0,0,0,2,163
Belgium,2021-02-01,1648,0,385,0,0,219,129,722,22,0,0,1,3,0,0,0,0,2,165
Belgium,2021-02-15,2138,0,295,0,0,192,173,1180,63,0,0,3,6,0,0,0,0,1,225
Belgium,2021-03-01,2434,0,134,0,0,50,244,1667,89,0,0,6,13,0,0,0,0,1,230
Belgium,2021-03-15,3231,0,57,0,0,13,184,2581,186,0,1,6,15,0,0,0,0,0,188
Belgium,2021-03-29,3028,0,26,0,0,8,82,2488,248,4,6,6,20,0,0,0,0,0,140
Belgium,2021-04-12,3169,0,19,0,0,2,68,2571,296,42,2,15,12,0,0,0,0,0,142
Belgium,2021-04-26,3201,0,5,0,0,3,51,2671,241,98,4,10,5,0,0,0,0,0,113
Belgium,2021-05-10,3159,0,7,0,0,1,46,2544,318,138,1,15,1,0,0,1,0,0,87
Belgium,2021-05-24,2370,0,4,1,0,0,23,1841,246,208,0,5,1,0,0,2,0,0,39
Belgium,2021-06-07,1481,0,3,0,0,0,12,981,121,336,0,1,1,0,1,12,0,0,13
Belgium,2021-06-21,1404,0,1,0,0,0,8,411,19,937,0,1,1,0,1,3,0,0,22
Belgium,2021-07-05,3553,0,2,0,0,0,6,368,92,3057,0,0,1,1,4,9,0,0,13
Belgium,2021-07-19,3578,0,2,0,0,0,7,68,11,3457,0,0,0,0,4,27,0,0,2
Belgium,2021-08-02,4559,1,2,0,0,0,0,20,10,4521,0,0,0,0,0,4,0,0,1
Belgium,2021-08-16,4427,0,0,0,0,0,0,12,0,4406,0,0,0,0,0,4,0,0,5
Belgium,2021-08-30,3859,0,0,0,0,0,0,0,0,3859,0,0,0,0,0,0,0,0,0
Belgium,2021-09-13,2890,0,1,0,0,0,0,1,0,2887,0,0,0,0,0,0,0,0,1
Belgium,2021-09-27,3064,0,0,0,0,0,0,3,0,3061,0,0,0,0,0,0,0,0,0
Belgium,2021-10-11,3862,0,0,0,0,0,0,0,0,3860,0,0,0,0,0,1,0,0,1
Belgium,2021-10-25,3199,0,0,0,0,0,0,0,0,3199,0,0,0,0,0,0,0,0,0
Belgium,2021-11-08,4214,0,0,0,0,0,0,1,0,4207,0,0,0,0,0,0,5,0,1
Belgium,2021-11-22,4591,0,0,0,0,0,0,0,1,4531,0,0,0,0,0,0,58,0,1
Belgium,2021-12-06,4972,0,0,0,0,0,0,0,0,3728,0,0,0,0,0,0,1234,0,10
Belgium,2021-12-20,4594,0,0,0,0,0,0,1,0,1424,0,0,0,0,0,0,3165,0,4
Belgium,2022-01-03,6725,0,0,0,0,0,0,0,0,325,0,0,0,0,0,0,6396,0,4
Belgium,2022-01-17,7740,1,0,0,0,0,0,0,0,60,0,0,0,0,0,0,7675,0,4
Belgium,2022-01-31,6651,7,0,0,0,0,0,0,0,17,0,0,0,0,0,0,6622,0,5
Belgium,2022-02-14,6655,13,0,0,0,0,0,0,0,6,0,0,0,0,0,0,6632,0,4
Belgium,2022-02-28,5354,34,0,0,0,0,0,0,0,8,0,0,0,0,0,0,5310,0,2
Belgium,2022-03-14,4952,18,0,0,0,0,0,0,0,2,0,0,0,0,0,0,4931,0,1
Belgium,2022-03-28,4235,24,0,0,0,0,0,0,0,1,0,0,0,0,0,0,4209,0,1
Belgium,2022-04-11,3628,23,0,0,0,0,0,0,0,1,0,0,0,0,0,0,3603,0,1
Belgium,2022-04-25,3031,15,0,0,0,0,0,0,0,0,0,0,0,0,0,0,3016,0,0
Belgium,2022-05-09,2356,5,0,0,0,0,0,0,0,0,0,0,0,0,0,0,2351,0,0
Belgium,2022-05-23,1709,2,0,0,0,0,0,0,0,1,0,0,0,0,0,0,1706,0,0
Belgium,2022-06-06,2901,13,0,0,0,0,0,0,0,0,0,0,0,0,0,0,2888,0,0
Belgium,2022-06-20,3933,5,0,0,0,0,0,0,0,0,0,0,0,0,0,0,3928,0,0
Belgium,2022-07-04,3746,16,0,0,0,0,0,0,0,0,0,0,0,0,0,0,3730,0,0
Belgium,2022-07-18,2843,9,0,0,0,0,0,0,0,1,0,0,0,0,0,0,2833,0,0
Belgium,2022-08-01,2093,9,0,0,0,0,0,0,0,2,0,0,0,0,0,0,2082,0,0
Belgium,2022-08-15,1640,11,0,0,0,0,0,0,0,0,0,0,0,0,0,0,1629,0,0
Belgium,2022-08-29,1626,8,0,0,0,0,0,0,0,0,0,0,0,0,0,0,1618,0,0
Belgium,2022-09-12,1794,4,0,0,0,0,0,0,0,0,0,0,0,0,0,0,1790,0,0
Belgium,2022-09-26,2351,3,0,0,0,0,0,0,0,0,0,0,0,0,0,0,2348,0,0
Belgium,2022-10-10,1762,5,0,0,0,0,0,0,0,0,0,0,0,0,0,0,1757,0,0
Belgium,2022-10-24,813,1,0,0,0,0,0,0,0,0,0,0,0,0,0,0,812,0,0
Belgium,2022-11-07,599,0,0,0,0,0,0,0,0,0,0,0,0,0,0,0,599,0,0
Belgium,2022-11-21,760,2,0,0,0,0,0,0,0,0,0,0,0,0,0,0,758,0,0
Belgium,2022-12-05,930,3,0,0,0,0,0,0,0,0,0,0,0,0,0,0,927,0,0
Belgium,2022-12-19,735,8,0,0,0,0,0,0,0,0,0,0,0,0,0,0,727,0,0
Belgium,2023-01-02,649,7,0,0,0,0,0,0,0,0,0,0,0,0,0,0,642,0,0
Belgium,2023-01-16,445,6,0,0,0,0,0,0,0,0,0,0,0,0,0,0,439,0,0
Belgium,2023-01-30,720,19,0,0,0,0,0,0,0,0,0,0,0,0,0,0,701,0,0
Belgium,2023-02-13,892,20,0,0,0,0,0,0,0,0,0,0,0,0,0,0,872,0,0
Belgium,2023-02-27,1019,20,0,0,0,0,0,0,0,0,0,0,0,0,0,0,999,0,0
Belgium,2023-03-13,747,14,0,0,0,0,0,0,0,0,0,0,0,0,0,0,733,0,0
Belgium,2023-03-27,630,10,0,0,0,0,0,0,0,0,0,0,0,0,0,0,620,0,0
Belgium,2023-04-10,413,4,0,0,0,0,0,0,0,0,0,0,0,0,0,0,409,0,0
Belgium,2023-04-24,285,3,0,0,0,0,0,0,0,0,0,0,0,0,0,0,282,0,0
Belgium,2023-05-08,209,0,0,0,0,0,0,0,0,0,0,0,0,0,0,0,209,0,0
Belgium,2023-05-22,119,0,0,0,0,0,0,0,0,0,0,0,0,0,0,0,119,0,0
Belgium,2023-06-05,99,1,0,0,0,0,0,0,0,0,0,0,0,0,0,0,98,0,0
Belgium,2023-06-19,38,1,0,0,0,0,0,0,0,0,0,0,0,0,0,0,37,0,0
Belgium,2023-07-03,24,0,0,0,0,0,0,0,0,0,0,0,0,0,0,0,24,0,0
Belgium,2023-07-17,41,0,0,0,0,0,0,0,0,0,0,0,0,0,0,0,41,0,0
Belgium,2023-07-31,166,1,0,0,0,0,0,0,0,0,0,0,0,0,0,0,165,0,0
Belgium,2023-08-14,292,6,0,0,0,0,0,0,0,0,0,0,0,0,0,0,286,0,0
Belgium,2023-08-28,362,7,0,0,0,0,0,0,0,0,0,0,0,0,0,0,355,0,0
Belgium,2023-09-11,415,10,0,0,0,0,0,0,0,0,0,0,0,0,0,0,405,0,0
Belgium,2023-09-25,490,9,0,0,0,0,0,0,0,0,0,0,0,0,0,0,481,0,0
Belgium,2023-10-09,495,8,0,0,0,0,0,0,0,0,0,0,0,0,0,0,487,0,0
Belgium,2023-10-23,522,16,0,0,0,0,0,0,0,0,0,0,0,0,0,0,506,0,0
Belgium,2023-11-06,312,9,0,0,0,0,0,0,0,0,0,0,0,0,0,0,303,0,0
Belgium,2023-11-20,492,12,0,0,0,0,0,0,0,0,0,0,0,0,0,0,480,0,0
Belgium,2023-12-04,679,8,0,0,0,0,0,0,0,0,0,0,0,0,0,0,671,0,0
Belgium,2023-12-18,284,5,0,0,0,0,0,0,0,0,0,0,0,0,0,0,279,0,0
Belgium,2024-01-01,40,2,0,0,0,0,0,0,0,0,0,0,0,0,0,0,38,0,0
Belgium,2024-01-15,35,1,0,0,0,0,0,0,0,0,0,0,0,0,0,0,34,0,0
Belgium,2024-01-29,66,1,0,0,0,0,0,0,0,0,0,0,0,0,0,0,65,0,0
Belgium,2024-02-12,22,2,0,0,0,0,0,0,0,0,0,0,0,0,0,0,20,0,0
Belgium,2024-02-26,13,2,0,0,0,0,0,0,0,0,0,0,0,0,0,0,11,0,0
Belgium,2024-03-11,9,0,0,0,0,0,0,0,0,0,0,0,0,0,0,0,9,0,0
Belgium,2024-03-25,6,1,0,0,0,0,0,0,0,0,0,0,0,0,0,0,5,0,0
Belgium,2024-04-08,12,1,0,0,0,0,0,0,0,0,0,0,0,0,0,0,11,0,0
Belgium,2024-04-22,8,0,0,0,0,0,0,0,0,0,0,0,0,0,0,0,8,0,0
Belgium,2024-05-06,10,1,0,0,0,0,0,0,0,0,0,0,0,0,0,0,9,0,0
Belgium,2024-07-01,66,1,0,0,0,0,0,0,0,0,0,0,0,0,0,0,65,0,0
Belgium,2024-07-15,81,1,0,0,0,0,0,0,0,0,0,0,0,0,0,0,80,0,0
Belgium,2024-07-29,59,0,0,0,0,0,0,0,0,0,0,0,0,0,0,0,59,0,0
Belize,2020-08-03,3,0,0,0,0,0,0,0,0,0,0,0,0,0,0,0,0,0,3
Belize,2020-08-17,1,0,0,0,0,0,0,0,0,0,0,0,0,0,0,0,0,0,1
Belize,2020-09-14,2,0,0,0,0,0,0,0,0,0,0,0,0,0,0,0,0,0,2
Belize,2020-09-28,4,0,0,0,0,0,0,0,0,0,0,0,0,0,0,0,0,0,4
Belize,2020-10-12,6,0,0,0,0,0,0,0,0,0,0,0,0,0,0,0,0,0,6
Belize,2020-10-26,1,0,0,0,0,0,0,0,0,0,0,0,0,0,0,0,0,0,1
Belize,2020-12-07,7,0,0,0,0,0,0,0,0,0,0,0,0,0,0,0,0,0,7
Belize,2020-12-21,12,0,2,2,0,2,0,0,0,0,0,0,0,0,0,0,0,0,6
Belize,2021-01-04,7,0,0,0,0,0,0,0,0,0,0,0,0,0,0,0,0,0,7
Belize,2021-01-18,30,0,4,1,0,9,0,1,0,0,0,0,0,0,0,0,0,0,15
Belize,2021-02-01,12,0,0,0,0,0,0,0,0,0,0,1,0,0,0,0,0,0,11
Belize,2021-02-15,9,0,0,0,0,0,0,0,0,0,0,1,0,0,0,0,0,0,8
Belize,2021-03-01,2,0,0,1,0,0,0,0,0,1,0,0,0,0,0,0,0,0,0
Belize,2021-03-15,1,0,0,0,0,0,0,0,0,0,0,1,0,0,0,0,0,0,0
Belize,2021-03-29,3,0,0,0,0,0,0,1,0,2,0,0,0,0,0,0,0,0,0
Belize,2021-04-26,13,0,0,0,0,0,0,2,1,7,0,0,0,1,0,1,0,0,1
Belize,2021-05-10,2,0,0,0,0,0,0,0,0,0,0,0,0,0,0,0,0,0,2
Belize,2021-05-24,3,0,0,0,0,1,0,2,0,0,0,0,0,0,0,0,0,0,0
Belize,2021-06-07,9,0,1,0,0,1,0,7,0,0,0,0,0,0,0,0,0,0,0
Belize,2021-06-21,38,0,0,0,0,0,1,11,6,10,0,0,1,0,0,2,0,0,7
Belize,2021-07-05,12,0,0,0,0,0,0,0,0,5,0,0,0,0,0,0,0,0,7
Belize,2021-07-19,61,10,0,0,0,0,0,1,11,31,0,0,0,0,1,4,0,0,3
Belize,2021-08-02,63,0,0,0,0,0,1,1,3,39,0,0,0,0,1,10,0,0,8
Belize,2021-09-13,1,0,0,0,0,0,0,0,0,1,0,0,0,0,0,0,0,0,0
Belize,2021-09-27,39,0,0,0,0,0,0,0,0,38,0,0,0,0,0,0,0,0,1
Belize,2021-10-11,39,0,0,0,0,0,0,0,0,37,0,0,0,0,0,0,0,0,2
Belize,2021-10-25,18,0,0,0,0,0,0,0,0,18,0,0,0,0,0,0,0,0,0
Belize,2021-11-08,6,0,0,0,0,0,0,0,0,6,0,0,0,0,0,0,0,0,0
Belize,2021-11-22,32,0,0,0,0,0,0,0,0,32,0,0,0,0,0,0,0,0,0
Belize,2021-12-06,9,0,0,0,0,0,0,0,0,9,0,0,0,0,0,0,0,0,0
Belize,2021-12-20,165,0,0,0,0,0,0,0,0,22,0,0,0,0,0,0,143,0,0
Belize,2022-01-03,65,0,0,0,0,0,0,0,0,4,0,0,0,0,0,0,61,0,0
Belize,2022-01-17,30,0,0,0,0,0,0,0,0,0,0,0,0,0,0,0,30,0,0
Belize,2022-01-31,21,0,0,0,0,0,0,0,0,0,0,0,0,0,0,0,21,0,0
Belize,2022-02-14,44,0,0,0,0,0,0,0,0,0,0,0,0,0,0,0,44,0,0
Belize,2022-02-28,14,0,0,0,0,0,0,0,0,0,0,0,0,0,0,0,14,0,0
Belize,2022-03-14,23,0,0,0,0,0,0,0,0,0,0,0,0,0,0,0,23,0,0
Belize,2022-03-28,7,0,0,0,0,0,0,0,0,0,0,0,0,0,0,0,7,0,0
Belize,2022-04-25,15,0,0,0,0,0,0,0,0,0,0,0,0,0,0,0,15,0,0
Belize,2022-05-09,43,0,0,0,0,0,0,0,0,0,0,0,0,0,0,0,43,0,0
Belize,2022-05-23,28,1,0,0,0,0,0,0,0,0,0,0,0,0,0,0,27,0,0
Belize,2022-06-06,16,0,0,0,0,0,0,0,0,0,0,0,0,0,0,0,16,0,0
Belize,2022-06-20,23,0,0,0,0,0,0,0,0,0,0,0,0,0,0,0,23,0,0
Belize,2022-07-04,41,1,0,0,0,0,0,0,0,0,0,0,0,0,0,0,40,0,0
Belize,2022-07-18,34,0,0,0,0,0,0,0,0,0,0,0,0,0,0,0,34,0,0
Belize,2022-08-01,19,0,0,0,0,0,0,0,0,0,0,0,0,0,0,0,19,0,0
Belize,2022-08-15,9,0,0,0,0,0,0,0,0,0,0,0,0,0,0,0,9,0,0
Belize,2022-08-29,6,0,0,0,0,0,0,0,0,0,0,0,0,0,0,0,6,0,0
Belize,2022-09-12,4,0,0,0,0,0,0,0,0,0,0,0,0,0,0,0,4,0,0
Belize,2022-09-26,1,0,0,0,0,0,0,0,0,0,0,0,0,0,0,0,1,0,0
Belize,2022-10-10,2,0,0,0,0,0,0,0,0,0,0,0,0,0,0,0,2,0,0
Belize,2022-10-24,3,0,0,0,0,0,0,0,0,0,0,0,0,0,0,0,3,0,0
Belize,2022-11-07,3,0,0,0,0,0,0,0,0,0,0,0,0,0,0,0,3,0,0
Belize,2022-11-21,24,0,0,0,0,0,0,0,0,0,0,0,0,0,0,0,24,0,0
Belize,2022-12-05,16,0,0,0,0,0,0,0,0,0,0,0,0,0,0,0,16,0,0
Belize,2022-12-19,15,0,0,0,0,0,0,0,0,0,0,0,0,0,0,0,15,0,0
Belize,2023-01-02,15,0,0,0,0,0,0,0,0,0,0,0,0,0,0,0,15,0,0
Belize,2023-01-16,7,0,0,0,0,0,0,0,0,0,0,0,0,0,0,0,7,0,0
Belize,2023-01-30,3,0,0,0,0,0,0,0,0,0,0,0,0,0,0,0,3,0,0
Belize,2023-02-27,2,0,0,0,0,0,0,0,0,0,0,0,0,0,0,0,2,0,0
Belize,2023-04-10,2,0,0,0,0,0,0,0,0,0,0,0,0,0,0,0,2,0,0
Belize,2023-04-24,4,0,0,0,0,0,0,0,0,0,0,0,0,0,0,0,4,0,0
Belize,2023-05-08,2,0,0,0,0,0,0,0,0,0,0,0,0,0,0,0,2,0,0
Benin,2021-01-18,30,0,0,1,0,1,0,5,2,0,0,2,9,0,0,0,0,0,10
Benin,2021-02-01,77,0,1,1,0,1,0,22,2,0,0,2,38,0,0,0,0,0,10
Benin,2021-02-15,39,0,0,0,0,0,0,11,1,0,0,1,22,0,0,0,0,0,4
Benin,2021-03-01,80,0,0,1,0,1,0,11,3,0,0,3,46,0,0,0,0,1,14
Benin,2021-03-15,85,0,3,1,0,5,2,10,4,0,0,2,36,0,0,0,0,1,21
Benin,2021-03-29,70,0,0,1,0,1,1,3,4,0,0,3,39,0,0,0,0,1,17
Benin,2021-04-12,3,0,0,0,0,0,0,0,0,0,0,0,2,0,0,0,0,0,1
Benin,2021-04-26,14,0,0,1,0,0,0,1,1,0,0,1,4,0,0,0,0,0,6
Benin,2021-05-10,20,0,0,1,0,0,1,2,2,0,0,2,3,0,0,0,0,0,9
Benin,2021-05-24,21,0,1,0,0,2,0,2,2,1,0,1,2,0,0,0,0,0,10
Benin,2021-06-07,15,0,0,0,0,0,0,0,0,5,0,0,0,0,0,1,0,0,9
Benin,2021-06-21,19,0,0,0,0,0,0,0,1,9,0,0,1,0,0,0,0,0,8
Benin,2021-07-05,37,0,0,0,0,0,0,0,1,24,0,0,0,0,0,1,0,0,11
Benin,2021-07-19,22,0,0,0,0,0,0,0,0,20,0,0,0,0,0,0,0,0,2
Benin,2021-08-02,63,0,0,0,0,0,0,0,0,63,0,0,0,0,0,0,0,0,0
Benin,2021-08-16,54,0,0,0,0,0,0,0,0,54,0,0,0,0,0,0,0,0,0
Benin,2021-08-30,1,0,0,0,0,0,0,0,0,1,0,0,0,0,0,0,0,0,0
Benin,2021-09-13,2,0,0,0,0,0,0,0,0,2,0,0,0,0,0,0,0,0,0
Benin,2021-09-27,1,0,0,0,0,0,0,0,0,1,0,0,0,0,0,0,0,0,0
Benin,2021-10-11,2,0,0,0,0,0,0,0,0,2,0,0,0,0,0,0,0,0,0
Benin,2021-10-25,1,0,0,0,0,0,0,0,0,1,0,0,0,0,0,0,0,0,0
Benin,2021-12-06,111,0,0,0,0,0,0,0,0,1,0,0,0,0,0,0,110,0,0
Benin,2021-12-20,240,0,0,0,0,0,0,0,0,0,0,0,0,0,0,0,240,0,0
Benin,2022-01-03,78,0,0,0,0,0,0,0,0,0,0,0,0,0,0,0,78,0,0
Benin,2022-01-17,10,0,0,0,0,0,0,0,0,0,0,0,0,0,0,0,10,0,0
Benin,2022-01-31,4,0,0,0,0,0,0,0,0,0,0,0,0,0,0,0,4,0,0
Bolivia,2020-04-27,8,8,0,0,0,0,0,0,0,0,0,0,0,0,0,0,0,0,0
Bolivia,2020-05-11,15,15,0,0,0,0,0,0,0,0,0,0,0,0,0,0,0,0,0
Bolivia,2020-06-08,8,8,0,0,0,0,0,0,0,0,0,0,0,0,0,0,0,0,0
Bolivia,2020-06-22,4,4,0,0,0,0,0,0,0,0,0,0,0,0,0,0,0,0,0
Bolivia,2020-07-06,1,1,0,0,0,0,0,0,0,0,0,0,0,0,0,0,0,0,0
Bolivia,2020-07-20,3,3,0,0,0,0,0,0,0,0,0,0,0,0,0,0,0,0,0
Bolivia,2020-08-03,9,9,0,0,0,0,0,0,0,0,0,0,0,0,0,0,0,0,0
Bolivia,2020-08-17,3,3,0,0,0,0,0,0,0,0,0,0,0,0,0,0,0,0,0
Bolivia,2020-08-31,8,8,0,0,0,0,0,0,0,0,0,0,0,0,0,0,0,0,0
Bolivia,2020-09-28,2,2,0,0,0,0,0,0,0,0,0,0,0,0,0,0,0,0,0
Bolivia,2020-10-12,4,4,0,0,0,0,0,0,0,0,0,0,0,0,0,0,0,0,0
Bolivia,2020-11-09,7,7,0,0,0,0,0,0,0,0,0,0,0,0,0,0,0,0,0
Bolivia,2020-11-23,1,1,0,0,0,0,0,0,0,0,0,0,0,0,0,0,0,0,0
Bolivia,2020-12-07,6,6,0,0,0,0,0,0,0,0,0,0,0,0,0,0,0,0,0
Bolivia,2020-12-21,9,9,0,0,0,0,0,0,0,0,0,0,0,0,0,0,0,0,0
Bolivia,2021-01-04,12,12,0,0,0,0,0,0,0,0,0,0,0,0,0,0,0,0,0
Bolivia,2021-01-18,9,0,1,0,0,1,0,0,0,0,0,0,0,0,0,0,0,0,7
Bolivia,2021-02-01,10,0,0,0,0,0,0,4,1,0,0,1,0,0,1,1,0,0,2
Bolivia,2021-02-15,5,0,0,0,0,0,0,2,2,0,0,0,0,0,0,0,0,0,1
Bolivia,2021-03-15,12,0,0,0,0,0,0,3,8,0,0,0,0,0,0,0,0,0,1
Bolivia,2021-03-29,1,1,0,0,0,0,0,0,0,0,0,0,0,0,0,0,0,0,0
Bolivia,2021-04-12,2,0,0,0,0,0,0,0,2,0,0,0,0,0,0,0,0,0,0
Bolivia,2021-04-26,6,0,0,0,0,0,0,0,5,0,0,0,0,0,0,1,0,0,0
Bolivia,2021-05-10,15,0,0,0,0,0,0,0,13,0,0,0,0,0,0,2,0,0,0
Bolivia,2021-05-24,17,0,0,0,0,0,0,1,14,0,0,0,0,0,1,1,0,0,0
Bolivia,2021-06-07,18,0,0,0,0,0,0,0,11,1,0,0,0,0,1,5,0,0,0
Bolivia,2021-06-21,11,0,0,0,0,0,0,0,9,0,0,0,0,0,1,1,0,0,0
Bolivia,2021-07-05,6,0,0,0,0,0,0,0,5,0,0,0,0,0,0,1,0,0,0
Bolivia,2021-07-19,8,0,0,0,0,0,0,0,2,2,0,0,0,0,0,4,0,0,0
Bolivia,2021-08-02,10,0,0,0,0,0,0,1,5,1,0,0,0,0,0,3,0,0,0
Bolivia,2021-08-16,3,0,0,0,0,0,0,0,2,0,0,0,0,0,0,1,0,0,0
Bolivia,2021-08-30,3,0,0,0,0,0,0,0,2,1,0,0,0,0,0,0,0,0,0
Bolivia,2021-09-13,3,0,0,0,0,0,0,0,1,1,0,0,0,0,0,1,0,0,0
Bolivia,2021-09-27,6,0,0,0,0,0,0,0,0,5,0,0,0,0,0,1,0,0,0
Bolivia,2021-10-11,7,0,0,0,0,0,0,0,0,6,0,0,0,0,0,1,0,0,0
Bolivia,2021-10-25,17,0,0,0,0,0,0,0,0,16,0,0,0,0,0,1,0,0,0
Bolivia,2021-11-08,2,0,0,0,0,0,0,0,0,2,0,0,0,0,0,0,0,0,0
Bolivia,2021-11-22,3,0,0,0,0,0,0,0,0,3,0,0,0,0,0,0,0,0,0
Bolivia,2021-12-06,9,0,0,0,0,0,0,0,1,7,0,0,0,0,0,0,1,0,0
Bolivia,2021-12-20,43,0,0,0,0,0,0,0,0,9,0,0,0,0,0,0,34,0,0
Bolivia,2022-01-03,34,0,0,0,0,0,0,0,0,5,0,0,0,0,0,0,29,0,0
Bolivia,2022-01-17,5,0,0,0,0,0,0,0,0,0,0,0,0,0,0,0,5,0,0
Bolivia,2022-01-31,1,0,0,0,0,0,0,0,0,0,0,0,0,0,0,0,1,0,0
Bolivia,2022-02-14,2,0,0,0,0,0,0,0,0,0,0,0,0,0,0,0,2,0,0
Bolivia,2022-04-11,1,0,0,0,0,0,0,0,0,0,0,0,0,0,0,0,1,0,0
Bolivia,2022-05-09,2,0,0,0,0,0,0,0,0,0,0,0,0,0,0,0,2,0,0
Bolivia,2022-05-23,1,0,0,0,0,0,0,0,0,0,0,0,0,0,0,0,1,0,0
Bolivia,2022-06-06,7,0,0,0,0,0,0,0,0,0,0,0,0,0,0,0,7,0,0
Bolivia,2022-06-20,17,0,0,0,0,0,0,0,0,0,0,0,0,0,0,0,17,0,0
Bolivia,2022-07-04,13,0,0,0,0,0,0,0,0,0,0,0,0,0,0,0,13,0,0
Bolivia,2022-07-18,18,0,0,0,0,0,0,0,0,0,0,0,0,0,0,0,18,0,0
Bolivia,2022-08-01,3,0,0,0,0,0,0,0,0,0,0,0,0,0,0,0,3,0,0
Bolivia,2022-10-10,1,0,0,0,0,0,0,0,0,0,0,0,0,0,0,0,1,0,0
Bolivia,2022-11-07,1,0,0,0,0,0,0,0,0,0,0,0,0,0,0,0,1,0,0
Bolivia,2022-11-21,1,0,0,0,0,0,0,0,0,0,0,0,0,0,0,0,1,0,0
Bolivia,2022-12-05,9,0,0,0,0,0,0,0,0,0,0,0,0,0,0,0,9,0,0
Bolivia,2022-12-19,1,0,0,0,0,0,0,0,0,0,0,0,0,0,0,0,1,0,0
Bolivia,2023-01-02,12,0,0,0,0,0,0,0,0,0,0,0,0,0,0,0,12,0,0
Bolivia,2023-01-16,4,0,0,0,0,0,0,0,0,0,0,0,0,0,0,0,4,0,0
Bolivia,2023-01-30,2,0,0,0,0,0,0,0,0,0,0,0,0,0,0,0,2,0,0
Bolivia,2023-02-27,2,0,0,0,0,0,0,0,0,0,0,0,0,0,0,0,2,0,0
Bolivia,2023-03-27,1,0,0,0,0,0,0,0,0,0,0,0,0,0,0,0,1,0,0
Bolivia,2023-04-10,1,0,0,0,0,0,0,0,0,0,0,0,0,0,0,0,1,0,0
Bolivia,2023-04-24,1,0,0,0,0,0,0,0,0,0,0,0,0,0,0,0,1,0,0
Bolivia,2023-05-08,7,0,0,0,0,0,0,0,0,0,0,0,0,0,0,0,7,0,0
Bolivia,2023-05-22,5,0,0,0,0,0,0,0,0,0,0,0,0,0,0,0,5,0,0
Bolivia,2023-06-05,10,0,0,0,0,0,0,0,0,0,0,0,0,0,0,0,10,0,0
Bolivia,2023-06-19,3,0,0,0,0,0,0,0,0,0,0,0,0,0,0,0,3,0,0
Bolivia,2024-01-15,1,0,0,0,0,0,0,0,0,0,0,0,0,0,0,0,1,0,0
Bosnia and Herzegovina,2020-04-27,1,0,0,0,0,0,0,0,0,0,0,0,0,0,0,0,0,0,1
Bosnia and Herzegovina,2020-05-25,1,0,0,0,0,0,0,0,0,0,0,0,0,0,0,0,0,0,1
Bosnia and Herzegovina,2020-07-06,1,0,0,0,0,0,0,0,0,0,0,0,0,0,0,0,0,0,1
Bosnia and Herzegovina,2020-08-17,1,0,0,0,0,0,0,0,0,0,0,0,0,0,0,0,0,0,1
Bosnia and Herzegovina,2020-08-31,1,0,0,0,0,0,0,0,0,0,0,0,0,0,0,0,0,0,1
Bosnia and Herzegovina,2020-09-14,1,0,0,0,0,0,0,0,0,0,0,0,0,0,0,0,0,0,1
Bosnia and Herzegovina,2020-09-28,1,0,0,0,0,0,0,0,0,0,0,0,0,0,0,0,0,0,1
Bosnia and Herzegovina,2020-10-26,2,0,0,0,0,0,0,0,0,0,0,0,0,0,0,0,0,0,2
Bosnia and Herzegovina,2020-11-09,2,0,1,0,0,0,0,0,0,0,0,0,0,0,0,0,0,0,1
Bosnia and Herzegovina,2020-11-23,3,0,1,0,0,0,0,0,0,0,0,0,0,0,0,0,0,0,2
Bosnia and Herzegovina,2020-12-07,1,0,0,0,0,0,0,0,0,0,0,0,0,0,0,0,0,0,1
Bosnia and Herzegovina,2020-12-21,2,0,0,0,0,0,0,2,0,0,0,0,0,0,0,0,0,0,0
Bosnia and Herzegovina,2021-01-04,12,0,2,0,0,0,0,0,0,0,0,0,0,0,0,0,0,0,10
Bosnia and Herzegovina,2021-01-18,5,0,0,0,0,0,0,1,0,0,0,1,0,1,0,0,0,0,2
Bosnia and Herzegovina,2021-02-01,5,0,1,0,0,0,0,2,0,0,0,0,0,0,0,0,0,0,2
Bosnia and Herzegovina,2021-02-15,4,0,3,0,0,0,0,1,0,0,0,0,0,0,0,0,0,0,0
Bosnia and Herzegovina,2021-03-01,17,0,1,0,0,1,0,15,0,0,0,0,0,0,0,0,0,0,0
Bosnia and Herzegovina,2021-03-15,4,0,0,0,0,0,0,4,0,0,0,0,0,0,0,0,0,0,0
Bosnia and Herzegovina,2021-03-29,17,0,0,0,0,0,0,17,0,0,0,0,0,0,0,0,0,0,0
Bosnia and Herzegovina,2021-04-26,2,0,0,0,0,0,0,2,0,0,0,0,0,0,0,0,0,0,0
Bosnia and Herzegovina,2021-05-24,9,0,0,0,0,0,0,7,0,0,0,1,0,0,0,0,0,0,1
Bosnia and Herzegovina,2021-06-07,18,0,0,0,0,0,0,10,0,6,0,0,0,0,0,1,0,0,1
Bosnia and Herzegovina,2021-06-21,18,0,0,0,0,0,0,4,0,14,0,0,0,0,0,0,0,0,0
Bosnia and Herzegovina,2021-07-05,9,0,0,0,0,0,0,0,1,8,0,0,0,0,0,0,0,0,0
Bosnia and Herzegovina,2021-07-19,12,0,0,0,0,0,0,0,0,12,0,0,0,0,0,0,0,0,0
Bosnia and Herzegovina,2021-08-02,10,0,0,0,0,0,0,0,0,10,0,0,0,0,0,0,0,0,0
Bosnia and Herzegovina,2021-08-16,2,0,0,0,0,0,0,0,0,2,0,0,0,0,0,0,0,0,0
Bosnia and Herzegovina,2021-08-30,4,0,0,0,0,0,0,0,0,4,0,0,0,0,0,0,0,0,0
Bosnia and Herzegovina,2021-09-13,4,0,0,0,0,0,0,0,0,4,0,0,0,0,0,0,0,0,0
Bosnia and Herzegovina,2021-09-27,157,0,0,0,0,0,0,0,0,157,0,0,0,0,0,0,0,0,0
Bosnia and Herzegovina,2021-10-11,118,0,0,0,0,0,0,0,0,118,0,0,0,0,0,0,0,0,0
Bosnia and Herzegovina,2021-10-25,154,0,0,0,0,0,0,0,0,154,0,0,0,0,0,0,0,0,0
Bosnia and Herzegovina,2021-11-08,125,0,0,0,0,0,0,0,0,125,0,0,0,0,0,0,0,0,0
Bosnia and Herzegovina,2021-11-22,179,0,0,0,0,0,0,0,0,179,0,0,0,0,0,0,0,0,0
Bosnia and Herzegovina,2021-12-06,180,0,0,0,0,0,0,0,0,175,0,0,0,0,0,0,5,0,0
Bosnia and Herzegovina,2021-12-20,145,0,0,0,0,0,0,0,0,118,0,0,0,0,1,0,26,0,0
Bosnia and Herzegovina,2022-01-03,66,0,0,0,0,0,0,0,0,27,0,0,0,0,0,0,39,0,0
Bosnia and Herzegovina,2022-01-17,18,0,0,0,0,0,0,0,0,0,0,0,0,0,0,0,18,0,0
Bosnia and Herzegovina,2022-01-31,11,0,0,0,0,0,0,0,0,4,0,0,0,0,0,0,7,0,0
Bosnia and Herzegovina,2022-02-14,9,0,0,0,0,0,0,0,0,2,0,0,0,0,0,0,7,0,0
Bosnia and Herzegovina,2022-02-28,14,0,0,0,0,0,0,0,0,0,0,0,0,0,0,0,14,0,0
Bosnia and Herzegovina,2022-03-14,6,0,0,0,0,0,0,0,0,0,0,0,0,0,0,0,6,0,0
Bosnia and Herzegovina,2022-03-28,1,0,0,0,0,0,0,0,0,0,0,0,0,0,0,0,1,0,0
Bosnia and Herzegovina,2022-04-25,1,0,0,0,0,0,0,0,0,0,0,0,0,0,0,0,1,0,0
Bosnia and Herzegovina,2022-05-09,2,0,0,0,0,0,0,0,0,0,0,0,0,0,0,0,2,0,0
Bosnia and Herzegovina,2022-05-23,8,0,0,0,0,0,0,0,0,0,0,0,0,0,0,0,8,0,0
Bosnia and Herzegovina,2022-06-06,3,0,0,0,0,0,0,0,0,0,0,0,0,0,0,0,3,0,0
Bosnia and Herzegovina,2022-06-20,7,0,0,0,0,0,0,0,0,0,0,0,0,0,0,0,7,0,0
Bosnia and Herzegovina,2022-07-04,6,0,0,0,0,0,0,0,0,0,0,0,0,0,0,0,6,0,0
Bosnia and Herzegovina,2022-07-18,3,0,0,0,0,0,0,0,0,0,0,0,0,0,0,0,3,0,0
Bosnia and Herzegovina,2022-08-01,3,0,0,0,0,0,0,0,0,0,0,0,0,0,0,0,3,0,0
Bosnia and Herzegovina,2022-08-15,2,0,0,0,0,0,0,0,0,0,0,0,0,0,0,0,2,0,0
Bosnia and Herzegovina,2022-08-29,1,0,0,0,0,0,0,0,0,0,0,0,0,0,0,0,1,0,0
Bosnia and Herzegovina,2022-09-26,3,0,0,0,0,0,0,0,0,0,0,0,0,0,0,0,3,0,0
Bosnia and Herzegovina,2022-10-10,1,0,0,0,0,0,0,0,0,0,0,0,0,0,0,0,1,0,0
Bosnia and Herzegovina,2022-10-24,4,1,0,0,0,0,0,0,0,0,0,0,0,0,0,0,3,0,0
Bosnia and Herzegovina,2022-11-07,3,0,0,0,0,0,0,0,0,0,0,0,0,0,0,0,3,0,0
Bosnia and Herzegovina,2022-11-21,4,0,0,0,0,0,0,0,0,0,0,0,0,0,0,0,4,0,0
Bosnia and Herzegovina,2022-12-05,9,0,0,0,0,0,0,0,0,0,0,0,0,0,0,0,9,0,0
Bosnia and Herzegovina,2022-12-19,13,0,0,0,0,0,0,0,0,0,0,0,0,0,0,0,13,0,0
Bosnia and Herzegovina,2023-01-02,8,0,0,0,0,0,0,0,0,0,0,0,0,0,0,0,8,0,0
Bosnia and Herzegovina,2023-01-16,9,0,0,0,0,0,0,0,0,0,0,0,0,0,0,0,9,0,0
Bosnia and Herzegovina,2023-01-30,8,0,0,0,0,0,0,0,0,0,0,0,0,0,0,0,8,0,0
Bosnia and Herzegovina,2023-02-13,13,0,0,0,0,0,0,0,0,0,0,0,0,0,0,0,13,0,0
Bosnia and Herzegovina,2023-02-27,6,0,0,0,0,0,0,0,0,0,0,0,0,0,0,0,6,0,0
Bosnia and Herzegovina,2023-03-13,6,0,0,0,0,0,0,0,0,0,0,0,0,0,0,0,6,0,0
Bosnia and Herzegovina,2023-04-10,1,0,0,0,0,0,0,0,0,0,0,0,0,0,0,0,1,0,0
Botswana,2020-08-31,1,0,0,0,0,0,1,0,0,0,0,0,0,0,0,0,0,0,0
Botswana,2020-09-14,8,0,0,0,0,0,0,0,0,0,0,1,0,0,0,0,0,0,7
Botswana,2020-09-28,6,0,0,0,0,0,0,0,0,0,0,1,0,0,0,0,0,0,5
Botswana,2020-10-12,4,0,0,0,0,0,0,0,0,0,0,1,0,0,0,0,0,0,3
Botswana,2020-10-26,6,0,0,0,0,0,0,0,0,0,0,1,0,0,0,0,0,0,5
Botswana,2020-11-09,6,0,1,0,0,1,2,0,0,0,0,0,0,0,0,0,0,0,2
Botswana,2020-11-23,10,0,2,0,0,1,3,0,0,0,0,0,0,0,0,0,0,0,4
Botswana,2020-12-07,16,0,3,0,0,2,4,0,1,0,0,0,0,0,0,0,0,0,6
Botswana,2020-12-21,13,0,2,0,0,2,4,0,0,0,0,0,0,0,0,0,0,0,5
Botswana,2021-01-04,15,0,1,0,0,0,12,0,0,0,0,0,0,0,0,0,0,0,2
Botswana,2021-01-18,43,0,1,0,0,0,41,0,0,0,0,0,0,0,0,0,0,0,1
Botswana,2021-02-01,8,0,0,0,0,0,8,0,0,0,0,0,0,0,0,0,0,0,0
Botswana,2021-02-15,3,0,0,0,0,0,3,0,0,0,0,0,0,0,0,0,0,0,0
Botswana,2021-03-01,27,0,0,0,0,0,27,0,0,0,0,0,0,0,0,0,0,0,0
Botswana,2021-03-15,26,0,1,0,0,0,23,0,0,0,0,0,0,0,0,0,0,0,2
Botswana,2021-03-29,1,0,0,0,0,0,0,0,0,0,0,0,0,0,0,0,0,0,1
Botswana,2021-04-26,3,0,0,0,0,0,3,0,0,0,0,0,0,0,0,0,0,0,0
Botswana,2021-05-10,46,0,0,0,0,0,45,1,0,0,0,0,0,0,0,0,0,0,0
Botswana,2021-05-24,70,0,0,0,0,0,59,0,0,10,0,0,0,0,0,0,0,0,1
Botswana,2021-06-07,105,0,0,0,0,0,32,0,0,71,0,0,0,0,0,0,0,0,2
Botswana,2021-06-21,127,0,0,0,0,0,17,0,0,109,0,0,0,0,0,0,0,0,1
Botswana,2021-07-05,25,0,0,0,0,0,1,0,0,24,0,0,0,0,0,0,0,0,0
Botswana,2021-07-19,64,0,0,0,0,0,2,0,0,62,0,0,0,0,0,0,0,0,0
Botswana,2021-08-02,52,0,0,0,0,0,1,0,0,51,0,0,0,0,0,0,0,0,0
Botswana,2021-08-16,169,0,0,0,0,0,0,0,0,169,0,0,0,0,0,0,0,0,0
Botswana,2021-08-30,114,0,0,0,0,0,0,0,0,114,0,0,0,0,0,0,0,0,0
Botswana,2021-09-13,70,0,0,0,0,0,0,0,0,70,0,0,0,0,0,0,0,0,0
Botswana,2021-09-27,65,0,0,0,0,0,0,0,0,65,0,0,0,0,0,0,0,0,0
Botswana,2021-10-11,96,0,0,0,0,0,0,0,0,96,0,0,0,0,0,0,0,0,0
Botswana,2021-10-25,64,0,0,0,0,0,0,0,0,64,0,0,0,0,0,0,0,0,0
Botswana,2021-11-08,101,0,0,0,0,0,0,0,0,92,0,0,0,0,0,0,9,0,0
Botswana,2021-11-22,74,0,0,0,0,0,0,0,0,12,0,0,0,0,0,0,62,0,0
Botswana,2021-12-06,447,0,0,0,0,0,0,0,0,6,0,0,0,0,0,0,438,0,3
Botswana,2021-12-20,411,0,0,0,0,0,0,0,0,0,0,0,0,0,0,0,410,0,1
Botswana,2022-01-03,189,0,0,0,0,0,0,0,0,0,0,0,0,0,0,0,187,0,2
Botswana,2022-01-17,69,0,0,0,0,0,0,0,0,0,0,0,0,0,0,0,69,0,0
Botswana,2022-01-31,49,0,0,0,0,0,0,0,0,1,0,0,0,0,0,0,48,0,0
Botswana,2022-02-14,30,0,0,0,0,0,0,0,0,0,0,0,0,0,0,0,30,0,0
Botswana,2022-02-28,23,0,0,0,0,0,0,0,0,0,0,0,0,0,0,0,23,0,0
Botswana,2022-03-14,9,0,0,0,0,0,0,0,0,0,0,0,0,0,0,0,9,0,0
Botswana,2022-03-28,10,1,0,0,0,0,0,0,0,0,0,0,0,0,0,0,9,0,0
Botswana,2022-04-11,17,1,0,0,0,0,0,0,0,0,0,0,0,0,0,0,16,0,0
Botswana,2022-04-25,12,0,0,0,0,0,0,0,0,0,0,0,0,0,0,0,12,0,0
Botswana,2022-05-09,37,0,0,0,0,0,0,0,0,2,0,0,0,0,0,0,35,0,0
Botswana,2022-05-23,63,0,0,0,0,0,0,0,0,0,0,0,0,0,0,0,63,0,0
Botswana,2022-06-06,246,1,0,0,0,0,0,0,0,0,0,0,0,0,0,0,245,0,0
Botswana,2022-06-20,134,0,0,0,0,0,0,0,0,0,0,0,0,0,0,0,134,0,0
Botswana,2022-07-04,38,0,0,0,0,0,0,0,0,0,0,0,0,0,0,0,38,0,0
Botswana,2022-08-01,4,0,0,0,0,0,0,0,0,0,0,0,0,0,0,0,4,0,0
Botswana,2022-08-15,1,0,0,0,0,0,0,0,0,0,0,0,0,0,0,0,1,0,0
Botswana,2022-09-12,2,0,0,0,0,0,0,0,0,0,0,0,0,0,0,0,2,0,0
Botswana,2022-10-10,1,0,0,0,0,0,0,0,0,0,0,0,0,0,0,0,1,0,0
Botswana,2022-10-24,7,0,0,0,0,0,0,0,0,0,0,0,0,0,0,0,7,0,0
Botswana,2022-11-07,7,0,0,0,0,0,0,0,0,0,0,0,0,0,0,0,7,0,0
Botswana,2022-11-21,9,0,0,0,0,0,0,0,0,0,0,0,0,0,0,0,9,0,0
Botswana,2022-12-05,10,0,0,0,0,0,0,0,0,1,0,0,0,0,0,0,9,0,0
Botswana,2022-12-19,11,0,0,0,0,0,0,0,0,0,0,0,0,0,0,0,11,0,0
Botswana,2023-01-02,11,0,0,0,0,0,0,0,0,0,0,0,0,0,0,0,11,0,0
Botswana,2023-01-16,7,1,0,0,0,0,0,0,0,0,0,0,0,0,0,0,6,0,0
Botswana,2023-04-10,1,0,0,0,0,0,0,0,0,0,0,0,0,0,0,0,1,0,0
Botswana,2023-04-24,1,0,0,0,0,0,0,0,0,0,0,0,0,0,0,0,1,0,0
Botswana,2023-05-08,11,0,0,0,0,0,0,0,0,0,0,0,0,0,0,0,11,0,0
Botswana,2023-06-05,4,0,0,0,0,0,0,0,0,0,0,0,0,0,0,0,4,0,0
Botswana,2023-06-19,9,0,0,0,0,0,0,0,0,0,0,0,0,0,0,0,9,0,0
Botswana,2023-07-31,2,0,0,0,0,0,0,0,0,0,0,0,0,0,0,0,2,0,0
Botswana,2023-08-14,1,0,0,0,0,0,0,0,0,0,0,0,0,0,0,0,1,0,0
Botswana,2023-09-25,1,0,0,0,0,0,0,0,0,0,0,0,0,0,0,0,1,0,0
Botswana,2024-01-15,1,0,0,0,0,0,0,0,0,0,0,0,0,0,0,0,1,0,0
Brazil,2020-04-27,344,0,0,0,0,0,0,0,0,0,0,55,0,8,0,0,0,0,281
Brazil,2020-05-11,253,0,0,0,0,0,0,0,0,0,0,41,0,6,0,0,0,0,206
Brazil,2020-05-25,407,0,0,0,0,0,0,0,0,0,0,65,0,10,0,0,0,0,332
Brazil,2020-06-08,450,0,0,0,0,0,0,0,0,0,0,72,0,11,0,0,0,0,367
Brazil,2020-06-22,589,0,0,0,0,0,0,0,0,0,0,95,0,14,0,0,0,0,480
Brazil,2020-07-06,525,0,0,0,0,0,0,0,0,0,0,84,0,13,0,0,0,0,428
Brazil,2020-07-20,466,0,0,0,0,0,0,0,0,0,0,75,0,11,0,0,0,0,380
Brazil,2020-08-03,485,0,0,0,0,0,0,0,0,0,0,78,0,12,0,0,0,0,395
Brazil,2020-08-17,438,0,0,0,0,0,0,0,0,0,0,70,0,11,0,0,0,0,357
Brazil,2020-08-31,506,0,0,0,0,0,0,0,0,0,0,81,0,12,0,0,0,0,413
Brazil,2020-09-14,444,0,0,0,0,0,0,0,0,0,0,71,0,11,0,0,0,0,362
Brazil,2020-09-28,417,0,0,0,0,0,0,0,0,0,0,67,0,10,0,0,0,0,340
Brazil,2020-10-12,452,0,0,0,0,0,0,0,3,0,12,41,0,89,0,0,0,0,307
Brazil,2020-10-26,524,0,0,0,0,0,0,0,4,0,13,48,0,103,0,0,0,0,356
Brazil,2020-11-09,721,0,0,0,26,1,0,0,3,0,5,7,0,1,0,0,0,0,678
Brazil,2020-11-23,844,0,0,0,0,0,0,0,5,0,22,77,0,166,0,0,0,0,574
Brazil,2020-12-07,713,0,1,0,0,1,0,0,29,0,15,53,0,104,0,0,0,0,510
Brazil,2020-12-21,776,0,0,0,0,0,0,5,115,1,15,76,0,143,0,0,0,0,421
Brazil,2021-01-04,1365,0,3,1,0,2,0,36,195,1,25,132,0,246,0,0,0,0,724
Brazil,2021-01-18,1324,0,0,2,0,2,0,24,326,0,22,113,0,212,0,0,0,0,623
Brazil,2021-02-01,1524,0,0,1,0,1,0,24,613,0,20,103,0,193,0,0,0,0,569
Brazil,2021-02-15,2037,0,0,0,0,0,0,51,1408,1,13,67,1,125,3,0,0,0,368
Brazil,2021-03-01,2401,0,0,0,0,0,8,93,1962,0,8,39,0,73,0,0,0,1,217
Brazil,2021-03-15,3222,0,0,0,0,0,0,130,2813,0,6,33,0,61,0,0,0,0,179
Brazil,2021-03-29,3944,0,0,0,0,1,3,173,3613,3,3,18,0,33,0,0,0,0,97
Brazil,2021-04-12,4161,0,0,0,0,0,0,123,3927,2,2,13,0,24,0,0,0,0,70
Brazil,2021-04-26,4175,0,0,0,0,0,0,95,4029,7,1,5,0,10,0,0,0,0,28
Brazil,2021-05-10,4570,0,0,0,0,0,1,100,4401,13,1,6,0,10,6,1,0,0,31
Brazil,2021-05-24,5314,0,0,0,0,0,0,168,5064,25,1,6,0,11,5,1,0,0,33
Brazil,2021-06-07,5711,0,0,0,0,0,0,153,5458,59,1,3,0,6,6,2,0,0,23
Brazil,2021-06-21,5941,0,0,0,0,0,0,86,5625,200,1,2,0,5,3,2,0,0,17
Brazil,2021-07-05,5743,0,0,0,0,0,0,33,5117,561,1,2,0,3,1,6,0,0,19
Brazil,2021-07-19,5468,0,0,0,0,0,0,41,4386,1004,1,2,0,4,1,3,0,0,26
Brazil,2021-08-02,6431,0,0,0,0,0,1,13,3436,2961,0,1,0,1,2,5,0,0,11
Brazil,2021-08-16,5763,0,0,0,0,0,0,8,1847,3891,0,0,0,2,0,4,0,0,11
Brazil,2021-08-30,7086,0,0,0,0,0,0,1,922,6156,0,0,0,0,0,4,0,0,3
Brazil,2021-09-13,5030,0,0,0,0,0,0,1,435,4591,0,0,0,0,0,0,0,0,3
Brazil,2021-09-27,6180,0,0,0,0,0,0,0,195,5984,0,0,0,0,0,0,0,0,1
Brazil,2021-10-11,4298,0,0,0,0,0,0,0,43,4254,0,0,0,0,0,0,0,0,1
Brazil,2021-10-25,4388,0,0,0,0,0,0,0,27,4353,0,0,0,0,0,0,6,0,2
Brazil,2021-11-08,4715,0,0,0,0,0,0,0,11,4684,0,0,0,0,0,0,20,0,0
Brazil,2021-11-22,3986,0,0,0,0,0,0,0,11,3960,0,0,0,0,0,1,13,0,1
Brazil,2021-12-06,2931,0,0,0,0,0,0,0,16,2556,0,0,0,0,0,0,359,0,0
Brazil,2021-12-20,3963,0,0,0,0,0,0,0,33,952,0,0,0,0,0,0,2975,0,3
Brazil,2022-01-03,13251,0,0,0,0,0,0,0,0,318,0,0,0,0,0,0,12894,0,39
Brazil,2022-01-17,11334,0,0,0,0,0,0,0,0,40,0,0,0,0,0,0,11261,0,33
Brazil,2022-01-31,8379,0,0,0,0,0,0,0,2,4,0,0,0,0,0,0,8370,0,3
Brazil,2022-02-14,4605,2,0,0,0,0,0,0,2,13,0,0,0,0,0,0,4588,0,0
Brazil,2022-02-28,3796,4,0,0,0,0,0,0,0,2,0,0,0,0,0,0,3789,0,1
Brazil,2022-03-14,1439,2,0,0,0,0,0,0,0,0,0,0,0,0,0,0,1430,0,7
Brazil,2022-03-28,1329,3,0,0,0,0,0,0,0,0,0,0,0,0,0,0,1325,0,1
Brazil,2022-04-11,1275,9,0,0,0,0,0,0,0,1,0,0,0,0,0,0,1265,0,0
Brazil,2022-04-25,1562,39,0,0,0,0,0,0,0,2,0,0,0,0,0,0,1521,0,0
Brazil,2022-05-09,3652,85,0,0,0,0,0,0,0,0,0,0,0,0,0,0,3567,0,0
Brazil,2022-05-23,4137,96,0,0,2,0,0,0,0,0,0,0,0,0,0,0,4039,0,0
Brazil,2022-06-06,4918,77,0,0,21,0,0,0,0,1,0,0,0,0,0,0,4819,0,0
Brazil,2022-06-20,5736,33,0,0,0,0,0,0,4,8,0,3,0,0,0,0,5661,0,27
Brazil,2022-07-04,6426,13,0,0,0,0,0,0,0,0,0,3,0,0,0,0,6380,0,30
Brazil,2022-07-18,3125,7,0,0,0,0,0,0,2,0,0,0,0,0,0,0,3114,0,2
Brazil,2022-08-01,2304,0,0,0,0,0,0,0,0,0,0,0,0,0,0,0,2293,0,11
Brazil,2022-08-15,818,0,0,0,0,0,0,0,0,0,0,0,0,0,0,0,787,0,31
Brazil,2022-08-29,509,1,0,0,0,0,0,0,0,0,0,0,0,0,0,0,508,0,0
Brazil,2022-09-12,229,0,0,0,0,0,0,0,0,0,0,0,0,0,0,0,229,0,0
Brazil,2022-09-26,339,0,0,0,0,0,0,0,0,1,0,0,0,0,0,0,338,0,0
Brazil,2022-10-10,896,0,0,0,0,0,0,0,0,0,0,0,0,0,0,0,896,0,0
Brazil,2022-10-24,1412,0,0,0,0,0,0,0,0,0,0,0,0,0,0,0,1412,0,0
Brazil,2022-11-07,5182,0,0,0,0,0,0,0,0,0,0,0,0,0,0,0,5181,0,1
Brazil,2022-11-21,3618,0,0,0,0,0,0,0,0,0,0,0,0,0,0,0,3616,0,2
Brazil,2022-12-05,3211,0,0,0,0,0,0,0,0,0,0,0,0,0,0,0,3211,0,0
Brazil,2022-12-19,1733,2,0,0,0,0,0,0,0,0,0,0,0,0,0,0,1731,0,0
Brazil,2023-01-02,1306,0,0,0,0,0,0,0,0,0,0,0,0,0,0,0,1306,0,0
Brazil,2023-01-16,565,1,0,0,0,0,0,0,0,0,0,0,0,0,0,0,564,0,0
Brazil,2023-01-30,1105,0,0,0,0,0,0,0,0,0,0,0,0,0,0,0,1105,0,0
Brazil,2023-02-13,1326,0,0,0,0,0,0,0,0,0,0,0,0,0,0,0,1326,0,0
Brazil,2023-02-27,877,0,0,0,0,0,0,0,0,0,0,0,0,0,0,0,877,0,0
Brazil,2023-03-13,686,4,0,0,0,0,0,0,0,0,0,0,0,0,0,0,682,0,0
Brazil,2023-03-27,617,0,0,0,0,0,0,0,0,0,0,0,0,0,0,0,617,0,0
Brazil,2023-04-10,582,2,0,0,0,0,0,0,0,0,0,0,0,0,0,0,580,0,0
Brazil,2023-04-24,571,0,0,0,0,0,0,0,0,0,0,0,0,0,0,0,571,0,0
Brazil,2023-05-08,526,0,0,0,0,0,0,0,0,0,0,0,0,0,0,0,526,0,0
Brazil,2023-05-22,522,0,0,0,0,0,0,0,0,0,0,0,0,0,0,0,522,0,0
Brazil,2023-06-05,528,1,0,0,0,0,0,0,0,0,0,0,0,0,0,0,527,0,0
Brazil,2023-06-19,338,0,0,0,0,0,0,0,0,0,0,0,0,0,0,0,338,0,0
Brazil,2023-07-03,259,0,0,0,0,0,0,0,0,0,0,0,0,0,0,0,259,0,0
Brazil,2023-07-17,163,0,0,0,0,0,0,0,0,0,0,0,0,0,0,0,163,0,0
Brazil,2023-07-31,253,0,0,0,0,0,0,0,0,0,0,0,0,0,0,0,253,0,0
Brazil,2023-08-14,396,0,0,0,0,0,0,0,0,0,0,0,0,0,0,0,396,0,0
Brazil,2023-08-28,547,0,0,0,0,0,0,0,0,0,0,0,0,0,0,0,547,0,0
Brazil,2023-09-11,854,1,0,0,0,0,0,0,0,0,0,0,0,0,0,0,853,0,0
Brazil,2023-09-25,970,4,0,0,0,0,0,0,0,0,0,0,0,0,0,0,966,0,0
Brazil,2023-10-09,854,3,0,0,0,0,0,0,0,0,0,0,0,0,0,0,851,0,0
Brazil,2023-10-23,835,2,0,0,0,0,0,0,0,0,0,0,0,0,0,0,833,0,0
Brazil,2023-11-06,804,3,0,0,0,0,0,0,0,0,0,0,0,0,0,0,801,0,0
Brazil,2023-11-20,893,4,0,0,0,0,0,0,0,0,0,0,0,0,0,0,889,0,0
Brazil,2023-12-04,1068,11,0,0,0,0,0,0,0,0,0,0,0,0,0,0,1057,0,0
Brazil,2023-12-18,509,32,0,0,0,0,0,0,0,0,0,0,0,0,0,0,477,0,0
Brazil,2024-01-01,754,109,0,0,0,0,0,0,0,0,0,0,0,0,0,0,645,0,0
Brazil,2024-01-15,799,120,0,0,0,0,0,0,0,0,0,0,0,0,0,0,679,0,0
Brazil,2024-01-29,1054,147,0,0,0,0,0,0,0,0,0,0,0,0,0,0,907,0,0
Brazil,2024-02-12,778,104,0,0,0,0,0,0,0,0,0,0,0,0,0,0,674,0,0
Brazil,2024-02-26,666,111,0,0,0,0,0,0,0,0,0,0,0,0,0,0,555,0,0
Brazil,2024-03-11,343,45,0,0,0,0,0,0,0,0,0,0,0,0,0,0,298,0,0
Brazil,2024-03-25,208,35,0,0,0,0,0,0,0,0,0,0,0,0,0,0,173,0,0
Brazil,2024-04-08,108,14,0,0,0,0,0,0,0,0,0,0,0,0,0,0,94,0,0
Brazil,2024-04-22,79,15,0,0,0,0,0,0,0,0,0,0,0,0,0,0,64,0,0
Brazil,2024-05-06,94,9,0,0,0,0,0,0,0,0,0,0,0,0,0,0,85,0,0
Brazil,2024-07-01,183,7,0,0,0,0,0,0,0,0,0,0,0,0,0,0,176,0,0
Brazil,2024-07-15,222,17,0,0,0,0,0,0,0,0,0,0,0,0,0,0,205,0,0
Brazil,2024-07-29,221,12,0,0,0,0,0,0,0,0,0,0,0,0,0,0,209,0,0
Brunei,2020-12-21,2,0,0,0,0,0,0,0,0,0,0,0,0,0,0,0,0,0,2
Brunei,2021-01-18,2,0,0,0,0,0,0,0,0,0,0,0,0,0,0,0,0,0,2
Brunei,2021-07-19,16,0,0,0,0,0,0,0,0,16,0,0,0,0,0,0,0,0,0
Brunei,2021-08-16,12,0,0,0,0,0,0,0,0,12,0,0,0,0,0,0,0,0,0
Brunei,2021-10-25,72,0,0,0,0,0,0,0,0,72,0,0,0,0,0,0,0,0,0
Brunei,2021-11-08,130,0,0,0,0,0,0,0,0,130,0,0,0,0,0,0,0,0,0
Brunei,2021-11-22,139,0,0,0,0,0,0,0,0,139,0,0,0,0,0,0,0,0,0
Brunei,2021-12-06,102,0,0,0,0,0,0,0,0,97,0,0,0,0,0,0,5,0,0
Brunei,2021-12-20,54,0,0,0,0,0,0,0,0,49,0,0,0,0,0,0,5,0,0
Brunei,2022-01-03,302,0,0,0,0,0,0,0,0,67,0,0,0,0,0,0,235,0,0
Brunei,2022-01-17,302,0,0,0,0,0,0,0,0,14,0,0,0,0,0,0,288,0,0
Brunei,2022-01-31,191,0,0,0,0,0,0,0,0,1,0,0,0,0,0,0,190,0,0
Brunei,2022-02-14,235,0,0,0,0,0,0,0,0,0,0,0,0,0,0,0,235,0,0
Brunei,2022-02-28,334,0,0,0,0,0,0,0,0,0,0,0,0,0,0,0,334,0,0
Brunei,2022-03-14,137,0,0,0,0,0,0,0,0,0,0,0,0,0,0,0,137,0,0
Brunei,2022-03-28,84,0,0,0,0,0,0,0,0,0,0,0,0,0,0,0,84,0,0
Brunei,2022-04-11,10,0,0,0,0,0,0,0,0,0,0,0,0,0,0,0,10,0,0
Brunei,2022-04-25,49,0,0,0,0,0,0,0,0,0,0,0,0,0,0,0,49,0,0
Brunei,2022-05-09,57,0,0,0,0,0,0,0,0,0,0,0,0,0,0,0,57,0,0
Brunei,2022-05-23,41,0,0,0,0,0,0,0,0,0,0,0,0,0,0,0,41,0,0
Brunei,2022-06-06,180,0,0,0,0,0,0,0,0,0,0,0,0,0,0,0,180,0,0
Brunei,2022-06-20,202,0,0,0,0,0,0,0,0,0,0,0,0,0,0,0,202,0,0
Brunei,2022-07-04,90,0,0,0,0,0,0,0,0,0,0,0,0,0,0,0,90,0,0
Brunei,2022-07-18,26,0,0,0,0,0,0,0,0,0,0,0,0,0,0,0,26,0,0
Brunei,2022-08-01,337,0,0,0,0,0,0,0,0,0,0,0,0,0,0,0,337,0,0
Brunei,2022-08-15,235,0,0,0,0,0,0,0,0,0,0,0,0,0,0,0,235,0,0
Brunei,2022-08-29,159,0,0,0,0,0,0,0,0,0,0,0,0,0,0,0,159,0,0
Brunei,2022-09-12,175,4,0,0,0,0,0,0,0,0,0,0,0,0,0,0,171,0,0
Brunei,2022-09-26,172,16,0,0,0,0,0,0,0,0,0,0,0,0,0,0,156,0,0
Brunei,2022-10-10,186,36,0,0,0,0,0,0,0,0,0,0,0,0,0,0,150,0,0
Brunei,2022-10-24,168,14,0,0,0,0,0,0,0,0,0,0,0,0,0,0,154,0,0
Brunei,2022-11-07,178,12,0,0,0,0,0,0,0,0,0,0,0,0,0,0,166,0,0
Brunei,2022-11-21,177,6,0,0,0,0,0,0,0,0,0,0,0,0,0,0,171,0,0
Brunei,2022-12-05,182,4,0,0,0,0,0,0,0,0,0,0,0,0,0,0,178,0,0
Brunei,2022-12-19,170,1,0,0,0,0,0,0,0,0,0,0,0,0,0,0,169,0,0
Brunei,2023-01-02,162,7,0,0,0,0,0,0,0,0,0,0,0,0,0,0,155,0,0
Brunei,2023-01-16,169,5,0,0,0,0,0,0,0,0,0,0,0,0,0,0,164,0,0
Brunei,2023-01-30,155,2,0,0,0,0,0,0,0,0,0,0,0,0,0,0,153,0,0
Brunei,2023-02-13,155,0,0,0,0,0,0,0,0,0,0,0,0,0,0,0,155,0,0
Brunei,2023-02-27,205,0,0,0,0,0,0,0,0,0,0,0,0,0,0,0,205,0,0
Brunei,2023-03-13,170,0,0,0,0,0,0,0,0,0,0,0,0,0,0,0,170,0,0
Brunei,2023-03-27,91,3,0,0,0,0,0,0,0,0,0,0,0,0,0,0,88,0,0
Brunei,2023-04-10,73,0,0,0,0,0,0,0,0,0,0,0,0,0,0,0,73,0,0
Brunei,2023-04-24,96,4,0,0,0,0,0,0,0,0,0,0,0,0,0,0,92,0,0
Brunei,2023-05-08,83,4,0,0,0,0,0,0,0,0,0,0,0,0,0,0,79,0,0
Brunei,2023-05-22,88,2,0,0,0,0,0,0,0,0,0,0,0,0,0,0,86,0,0
Brunei,2023-06-05,81,0,0,0,0,0,0,0,0,0,0,0,0,0,0,0,81,0,0
Brunei,2023-06-19,43,3,0,0,0,0,0,0,0,0,0,0,0,0,0,0,40,0,0
Brunei,2023-07-03,54,3,0,0,0,0,0,0,0,0,0,0,0,0,0,0,51,0,0
Brunei,2023-07-17,24,0,0,0,0,0,0,0,0,0,0,0,0,0,0,0,24,0,0
Brunei,2023-07-31,23,0,0,0,0,0,0,0,0,0,0,0,0,0,0,0,23,0,0
Brunei,2023-08-14,16,0,0,0,0,0,0,0,0,0,0,0,0,0,0,0,16,0,0
Brunei,2023-08-28,15,0,0,0,0,0,0,0,0,0,0,0,0,0,0,0,15,0,0
Brunei,2023-09-11,15,0,0,0,0,0,0,0,0,0,0,0,0,0,0,0,15,0,0
Brunei,2023-09-25,19,0,0,0,0,0,0,0,0,0,0,0,0,0,0,0,19,0,0
Brunei,2023-10-09,21,1,0,0,0,0,0,0,0,0,0,0,0,0,0,0,20,0,0
Brunei,2023-10-23,28,0,0,0,0,0,0,0,0,0,0,0,0,0,0,0,28,0,0
Brunei,2023-11-06,31,1,0,0,0,0,0,0,0,0,0,0,0,0,0,0,30,0,0
Brunei,2023-11-20,43,1,0,0,0,0,0,0,0,0,0,0,0,0,0,0,42,0,0
Brunei,2023-12-04,64,1,0,0,0,0,0,0,0,0,0,0,0,0,0,0,63,0,0
Brunei,2023-12-18,51,0,0,0,0,0,0,0,0,0,0,0,0,0,0,0,51,0,0
Brunei,2024-01-01,20,0,0,0,0,0,0,0,0,0,0,0,0,0,0,0,20,0,0
Brunei,2024-01-15,15,0,0,0,0,0,0,0,0,0,0,0,0,0,0,0,15,0,0
Brunei,2024-01-29,5,0,0,0,0,0,0,0,0,0,0,0,0,0,0,0,5,0,0
Brunei,2024-02-12,1,0,0,0,0,0,0,0,0,0,0,0,0,0,0,0,1,0,0
Brunei,2024-02-26,2,0,0,0,0,0,0,0,0,0,0,0,0,0,0,0,2,0,0
Brunei,2024-03-11,2,0,0,0,0,0,0,0,0,0,0,0,0,0,0,0,2,0,0
Brunei,2024-03-25,2,0,0,0,0,0,0,0,0,0,0,0,0,0,0,0,2,0,0
Brunei,2024-04-08,1,0,0,0,0,0,0,0,0,0,0,0,0,0,0,0,1,0,0
Brunei,2024-04-22,2,0,0,0,0,0,0,0,0,0,0,0,0,0,0,0,2,0,0
Brunei,2024-05-06,2,0,0,0,0,0,0,0,0,0,0,0,0,0,0,0,2,0,0
Brunei,2024-07-01,13,0,0,0,0,0,0,0,0,0,0,0,0,0,0,0,13,0,0
Bulgaria,2020-04-27,3,0,0,0,0,0,0,0,0,0,0,1,0,0,0,0,0,0,2
Bulgaria,2020-05-11,3,0,0,0,0,0,0,0,0,0,0,1,0,0,0,0,0,0,2
Bulgaria,2020-07-06,1,0,0,0,0,0,0,0,0,0,0,0,0,0,0,0,0,0,1
Bulgaria,2020-07-20,1,0,0,0,0,0,0,0,0,0,0,0,0,0,0,0,0,0,1
Bulgaria,2020-08-03,6,0,0,0,0,0,0,0,0,0,0,1,0,0,0,0,0,0,5
Bulgaria,2020-08-17,3,0,0,0,0,0,0,0,0,0,0,1,0,0,0,0,0,0,2
Bulgaria,2020-08-31,5,0,0,0,0,0,0,0,0,0,0,1,0,0,0,0,0,0,4
Bulgaria,2020-09-14,4,0,0,0,0,0,0,0,0,0,0,1,0,0,0,0,0,0,3
Bulgaria,2020-09-28,2,0,1,0,0,0,0,0,0,0,0,0,0,0,0,0,0,0,1
Bulgaria,2020-10-12,2,0,1,0,0,0,0,0,0,0,0,0,0,0,0,0,0,0,1
Bulgaria,2020-10-26,5,0,1,0,0,1,0,0,0,0,0,0,0,0,0,0,0,0,3
Bulgaria,2020-11-09,5,0,3,0,0,0,0,0,0,0,0,0,0,0,0,0,0,0,2
Bulgaria,2020-11-23,7,0,2,0,0,0,0,0,0,0,0,0,0,0,0,0,0,0,5
Bulgaria,2020-12-07,50,0,14,0,0,1,0,2,0,0,0,0,0,0,0,0,0,0,33
Bulgaria,2020-12-21,38,0,12,0,0,6,0,2,0,0,0,0,0,0,0,0,0,0,18
Bulgaria,2021-01-04,91,0,13,1,0,5,0,38,0,0,0,3,1,0,0,0,0,1,29
Bulgaria,2021-01-18,138,0,23,0,0,3,0,103,1,0,0,1,0,0,0,0,0,0,7
Bulgaria,2021-02-01,259,0,18,0,0,8,0,222,1,0,0,2,0,0,0,0,0,0,8
Bulgaria,2021-02-15,269,0,5,0,0,1,0,260,0,0,0,1,0,0,0,0,0,0,2
Bulgaria,2021-03-01,513,0,10,1,0,0,0,492,1,0,0,2,0,1,0,0,0,0,6
Bulgaria,2021-03-15,648,0,3,0,0,2,0,640,1,0,0,1,0,0,0,0,0,0,1
Bulgaria,2021-03-29,450,0,0,0,0,0,0,447,0,1,0,1,0,0,0,0,0,0,1
Bulgaria,2021-04-12,293,0,0,0,0,0,0,293,0,0,0,0,0,0,0,0,0,0,0
Bulgaria,2021-04-26,186,0,0,0,0,0,0,186,0,0,0,0,0,0,0,0,0,0,0
Bulgaria,2021-05-10,54,0,0,0,0,0,0,54,0,0,0,0,0,0,0,0,0,0,0
Bulgaria,2021-05-24,69,0,1,0,0,0,0,67,0,0,0,0,0,0,0,0,0,0,1
Bulgaria,2021-06-07,92,0,1,0,0,0,1,66,1,23,0,0,0,0,0,0,0,0,0
Bulgaria,2021-06-21,169,0,0,0,0,0,2,75,3,88,0,0,0,0,0,0,0,0,1
Bulgaria,2021-07-05,154,0,0,0,0,0,0,27,0,127,0,0,0,0,0,0,0,0,0
Bulgaria,2021-07-19,374,0,0,0,0,0,0,5,1,367,0,0,0,0,0,1,0,0,0
Bulgaria,2021-08-02,611,0,0,0,0,0,0,4,2,602,0,0,0,0,0,2,0,0,1
Bulgaria,2021-08-16,936,0,0,0,0,0,0,1,1,931,0,0,0,0,0,1,0,0,2
Bulgaria,2021-08-30,747,0,0,0,0,0,0,0,0,747,0,0,0,0,0,0,0,0,0
Bulgaria,2021-09-13,827,0,0,0,0,0,0,0,0,827,0,0,0,0,0,0,0,0,0
Bulgaria,2021-09-27,961,0,0,0,0,0,0,1,0,960,0,0,0,0,0,0,0,0,0
Bulgaria,2021-10-11,1057,0,0,0,0,0,0,0,0,1057,0,0,0,0,0,0,0,0,0
Bulgaria,2021-10-25,922,0,0,0,0,0,0,0,0,922,0,0,0,0,0,0,0,0,0
Bulgaria,2021-11-08,925,0,0,0,0,0,0,0,0,925,0,0,0,0,0,0,0,0,0
Bulgaria,2021-11-22,973,0,0,0,0,0,0,0,0,973,0,0,0,0,0,0,0,0,0
Bulgaria,2021-12-06,739,0,0,0,0,0,0,0,0,734,0,0,0,0,0,0,5,0,0
Bulgaria,2021-12-20,517,0,0,0,0,0,0,0,0,354,0,0,0,0,0,0,163,0,0
Bulgaria,2022-01-03,1185,0,0,0,0,0,0,0,0,442,0,0,0,0,0,0,743,0,0
Bulgaria,2022-01-17,1529,0,0,0,0,0,0,0,0,154,0,0,0,0,0,0,1375,0,0
Bulgaria,2022-01-31,1312,0,0,0,0,0,0,0,0,49,0,0,0,0,0,0,1263,0,0
Bulgaria,2022-02-14,811,0,0,0,0,0,0,0,0,1,0,0,0,0,0,0,810,0,0
Bulgaria,2022-02-28,445,0,0,0,0,0,0,0,0,0,0,0,0,0,0,0,445,0,0
Bulgaria,2022-03-14,437,0,0,0,0,0,0,0,0,0,0,0,0,0,0,0,437,0,0
Bulgaria,2022-03-28,178,0,0,0,0,0,0,0,0,0,0,0,0,0,0,0,178,0,0
Bulgaria,2022-04-11,141,1,0,0,0,0,0,0,0,0,0,0,0,0,0,0,140,0,0
Bulgaria,2022-04-25,108,0,0,0,0,0,0,0,0,0,0,0,0,0,0,0,108,0,0
Bulgaria,2022-05-09,85,2,0,0,0,0,0,0,0,0,0,0,0,0,0,0,83,0,0
Bulgaria,2022-05-23,69,1,0,0,0,0,0,0,0,0,0,0,0,0,0,0,68,0,0
Bulgaria,2022-06-06,46,0,0,0,0,0,0,0,0,0,0,0,0,0,0,0,46,0,0
Bulgaria,2022-06-20,56,0,0,0,0,0,0,0,0,0,0,0,0,0,0,0,56,0,0
Bulgaria,2022-07-04,154,0,0,0,0,0,0,0,0,0,0,0,0,0,0,0,154,0,0
Bulgaria,2022-07-18,170,0,0,0,0,0,0,0,0,0,0,0,0,0,0,0,170,0,0
Bulgaria,2022-08-01,179,0,0,0,0,0,0,0,0,0,0,0,0,0,0,0,179,0,0
Bulgaria,2022-08-15,87,0,0,0,0,0,0,0,0,0,0,0,0,0,0,0,87,0,0
Bulgaria,2022-08-29,81,0,0,0,0,0,0,0,0,0,0,0,0,0,0,0,81,0,0
Bulgaria,2022-09-12,17,1,0,0,0,0,0,0,0,0,0,0,0,0,0,0,16,0,0
Bulgaria,2022-09-26,83,0,0,0,0,0,0,0,0,0,0,0,0,0,0,0,83,0,0
Bulgaria,2022-10-10,89,1,0,0,0,0,0,0,0,0,0,0,0,0,0,0,88,0,0
Bulgaria,2022-10-24,21,0,0,0,0,0,0,0,0,0,0,0,0,0,0,0,21,0,0
Bulgaria,2022-11-07,56,0,0,0,0,0,0,0,0,0,0,0,0,0,0,0,56,0,0
Bulgaria,2022-11-21,55,0,0,0,0,0,0,0,0,0,0,0,0,0,0,0,55,0,0
Bulgaria,2022-12-05,28,0,0,0,0,0,0,0,0,1,0,0,0,0,0,0,27,0,0
Bulgaria,2022-12-19,1,0,0,0,0,0,0,0,0,0,0,0,0,0,0,0,1,0,0
Bulgaria,2023-01-02,37,0,0,0,0,0,0,0,0,0,0,0,0,0,0,0,37,0,0
Bulgaria,2023-01-16,32,0,0,0,0,0,0,0,0,0,0,0,0,0,0,0,32,0,0
Bulgaria,2023-01-30,22,0,0,0,0,0,0,0,0,0,0,0,0,0,0,0,22,0,0
Bulgaria,2023-02-13,17,0,0,0,0,0,0,0,0,0,0,0,0,0,0,0,17,0,0
Bulgaria,2023-02-27,35,1,0,0,0,0,0,0,0,0,0,0,0,0,0,0,34,0,0
Bulgaria,2023-03-13,44,1,0,0,0,0,0,0,0,0,0,0,0,0,0,0,43,0,0
Bulgaria,2023-03-27,54,0,0,0,0,0,0,0,0,0,0,0,0,0,0,0,54,0,0
Bulgaria,2023-04-10,47,0,0,0,0,0,0,0,0,0,0,0,0,0,0,0,47,0,0
Bulgaria,2023-04-24,66,0,0,0,0,0,0,0,0,0,0,0,0,0,0,0,66,0,0
Bulgaria,2023-05-08,61,5,0,0,0,0,0,0,0,0,0,0,0,0,0,0,56,0,0
Bulgaria,2023-05-22,17,0,0,0,0,0,0,0,0,0,0,0,0,0,0,0,17,0,0
Bulgaria,2023-06-05,7,0,0,0,0,0,0,0,0,0,0,0,0,0,0,0,7,0,0
Bulgaria,2023-06-19,5,0,0,0,0,0,0,0,0,0,0,0,0,0,0,0,5,0,0
Bulgaria,2023-07-03,7,0,0,0,0,0,0,0,0,0,0,0,0,0,0,0,7,0,0
Bulgaria,2023-07-17,6,1,0,0,0,0,0,0,0,0,0,0,0,0,0,0,5,0,0
Bulgaria,2023-07-31,7,0,0,0,0,0,0,0,0,0,0,0,0,0,0,0,7,0,0
Bulgaria,2023-08-14,5,0,0,0,0,0,0,0,0,0,0,0,0,0,0,0,5,0,0
Bulgaria,2023-08-28,33,0,0,0,0,0,0,0,0,0,0,0,0,0,0,0,33,0,0
Bulgaria,2023-09-11,55,0,0,0,0,0,0,0,0,0,0,0,0,0,0,0,55,0,0
Bulgaria,2023-09-25,67,1,0,0,0,0,0,0,0,0,0,0,0,0,0,0,66,0,0
Bulgaria,2023-10-09,70,0,0,0,0,0,0,0,0,0,0,0,0,0,0,0,70,0,0
Bulgaria,2023-10-23,52,0,0,0,0,0,0,0,0,0,0,0,0,0,0,0,52,0,0
Bulgaria,2023-11-06,48,0,0,0,0,0,0,0,0,0,0,0,0,0,0,0,48,0,0
Bulgaria,2023-11-20,29,1,0,0,0,0,0,0,0,0,0,0,0,0,0,0,28,0,0
Bulgaria,2023-12-04,24,0,0,0,0,0,0,0,0,0,0,0,0,0,0,0,24,0,0
Bulgaria,2023-12-18,6,0,0,0,0,0,0,0,0,0,0,0,0,0,0,0,6,0,0
Bulgaria,2024-01-01,45,1,0,0,0,0,0,0,0,0,0,0,0,0,0,0,44,0,0
Bulgaria,2024-01-15,7,0,0,0,0,0,0,0,0,0,0,0,0,0,0,0,7,0,0
Bulgaria,2024-05-06,1,0,0,0,0,0,0,0,0,0,0,0,0,0,0,0,1,0,0
Bulgaria,2024-07-15,3,0,0,0,0,0,0,0,0,0,0,0,0,0,0,0,3,0,0
Bulgaria,2024-07-29,4,0,0,0,0,0,0,0,0,0,0,0,0,0,0,0,4,0,0
Cambodia,2020-10-26,2,0,1,0,0,0,0,0,0,0,0,0,0,0,0,0,0,0,1
Cambodia,2020-11-09,3,0,3,0,0,0,0,0,0,0,0,0,0,0,0,0,0,0,0
Cambodia,2020-11-23,11,0,0,0,0,0,0,0,0,0,0,0,0,0,0,0,0,0,11
Cambodia,2020-12-07,1,0,0,0,0,0,0,0,0,0,0,0,0,0,0,0,0,0,1
Cambodia,2020-12-21,5,0,0,0,0,0,0,0,0,0,0,0,0,0,0,0,0,0,5
Cambodia,2021-01-18,2,0,0,0,0,0,0,0,0,0,0,2,0,0,0,0,0,0,0
Cambodia,2021-02-01,3,0,0,0,0,0,0,3,0,0,0,0,0,0,0,0,0,0,0
Cambodia,2021-02-15,20,0,0,0,0,1,1,18,0,0,0,0,0,0,0,0,0,0,0
Cambodia,2021-03-01,18,0,0,0,0,0,0,18,0,0,0,0,0,0,0,0,0,0,0
Cambodia,2021-03-15,1,0,0,0,0,0,0,1,0,0,0,0,0,0,0,0,0,0,0
Cambodia,2021-03-29,19,0,0,0,0,2,1,16,0,0,0,0,0,0,0,0,0,0,0
Cambodia,2021-04-12,50,0,0,0,0,1,0,49,0,0,0,0,0,0,0,0,0,0,0
Cambodia,2021-04-26,52,0,0,0,0,0,0,52,0,0,0,0,0,0,0,0,0,0,0
Cambodia,2021-05-10,71,0,0,0,0,1,0,70,0,0,0,0,0,0,0,0,0,0,0
Cambodia,2021-05-24,73,0,0,0,0,0,0,58,5,7,0,0,0,1,0,0,0,0,2
Cambodia,2021-06-07,66,0,0,0,0,0,0,47,0,19,0,0,0,0,0,0,0,0,0
Cambodia,2021-06-21,98,0,0,0,0,0,0,70,0,28,0,0,0,0,0,0,0,0,0
Cambodia,2021-07-05,89,0,0,0,0,0,0,55,0,34,0,0,0,0,0,0,0,0,0
Cambodia,2021-07-19,105,0,0,0,0,0,0,54,0,51,0,0,0,0,0,0,0,0,0
Cambodia,2021-08-02,94,0,0,0,0,0,0,68,0,26,0,0,0,0,0,0,0,0,0
Cambodia,2021-08-16,91,0,0,0,0,0,0,57,0,34,0,0,0,0,0,0,0,0,0
Cambodia,2021-08-30,91,0,0,0,0,0,0,62,0,29,0,0,0,0,0,0,0,0,0
Cambodia,2021-09-13,94,0,0,0,0,0,0,56,0,38,0,0,0,0,0,0,0,0,0
Cambodia,2021-09-27,85,0,0,0,0,0,0,22,0,63,0,0,0,0,0,0,0,0,0
Cambodia,2021-10-11,146,0,0,0,0,0,0,17,0,129,0,0,0,0,0,0,0,0,0
Cambodia,2021-10-25,125,0,0,0,0,0,0,1,0,124,0,0,0,0,0,0,0,0,0
Cambodia,2021-11-08,136,0,0,0,0,0,0,0,0,136,0,0,0,0,0,0,0,0,0
Cambodia,2021-11-22,149,0,0,0,0,0,0,1,0,148,0,0,0,0,0,0,0,0,0
Cambodia,2021-12-06,107,0,0,0,0,0,0,0,0,105,0,0,0,0,0,0,2,0,0
Cambodia,2021-12-20,88,0,0,0,0,0,0,0,0,53,0,0,0,0,0,0,35,0,0
Cambodia,2022-01-03,118,0,0,0,0,0,0,0,0,45,0,0,0,0,0,0,73,0,0
Cambodia,2022-01-17,139,0,0,0,0,0,0,0,0,22,0,0,0,0,0,0,117,0,0
Cambodia,2022-01-31,223,0,0,0,0,0,0,0,0,2,0,0,0,0,0,0,221,0,0
Cambodia,2022-02-14,195,0,0,0,0,0,0,0,0,0,0,0,0,0,0,0,195,0,0
Cambodia,2022-02-28,150,0,0,0,0,0,0,0,0,0,0,0,0,0,0,0,150,0,0
Cambodia,2022-03-14,55,0,0,0,0,0,0,0,0,0,0,0,0,0,0,0,55,0,0
Cambodia,2022-03-28,57,0,0,0,0,0,0,0,0,0,0,0,0,0,0,0,57,0,0
Cambodia,2022-04-11,44,0,0,0,0,0,0,0,0,0,0,0,0,0,0,0,44,0,0
Cambodia,2022-04-25,25,0,0,0,0,0,0,0,0,1,0,0,0,0,0,0,24,0,0
Cambodia,2022-05-09,12,0,0,0,0,0,0,0,0,0,0,0,0,0,0,0,12,0,0
Cambodia,2022-05-23,9,0,0,0,0,0,0,0,0,0,0,0,0,0,0,0,9,0,0
Cambodia,2022-06-06,10,0,0,0,0,0,0,0,0,0,0,0,0,0,0,0,10,0,0
Cambodia,2022-06-20,38,0,0,0,0,0,0,0,0,0,0,0,0,0,0,0,38,0,0
Cambodia,2022-07-04,32,1,0,0,0,0,0,0,0,0,0,0,0,0,0,0,31,0,0
Cambodia,2022-07-18,77,0,0,0,0,0,0,0,0,0,0,0,0,0,0,0,77,0,0
Cambodia,2022-08-01,77,0,0,0,0,0,0,0,0,0,0,0,0,0,0,0,77,0,0
Cambodia,2022-08-15,66,1,0,0,0,0,0,0,0,0,0,0,0,0,0,0,65,0,0
Cambodia,2022-08-29,43,0,0,0,0,0,0,0,0,0,0,0,0,0,0,0,43,0,0
Cambodia,2022-09-12,35,0,0,0,0,0,0,0,0,0,0,0,0,0,0,0,35,0,0
Cambodia,2022-09-26,33,0,0,0,0,0,0,0,0,0,0,0,0,0,0,0,33,0,0
Cambodia,2022-10-10,19,0,0,0,0,0,0,0,0,0,0,0,0,0,0,0,19,0,0
Cambodia,2022-10-24,11,0,0,0,0,0,0,0,0,0,0,0,0,0,0,0,11,0,0
Cambodia,2022-11-07,17,0,0,0,0,0,0,0,0,0,0,0,0,0,0,0,17,0,0
Cambodia,2022-11-21,45,0,0,0,0,0,0,0,0,0,0,0,0,0,0,0,45,0,0
Cambodia,2022-12-05,64,0,0,0,0,0,0,0,0,0,0,0,0,0,0,0,64,0,0
Cambodia,2022-12-19,34,0,0,0,0,0,0,0,0,0,0,0,0,0,0,0,34,0,0
Cambodia,2023-01-02,9,0,0,0,0,0,0,0,0,0,0,0,0,0,0,0,9,0,0
Cambodia,2023-01-16,3,0,0,0,0,0,0,0,0,0,0,0,0,0,0,0,3,0,0
Cambodia,2023-01-30,2,0,0,0,0,0,0,0,0,0,0,0,0,0,0,0,2,0,0
Cambodia,2023-02-13,2,0,0,0,0,0,0,0,0,0,0,0,0,0,0,0,2,0,0
Cambodia,2023-02-27,1,0,0,0,0,0,0,0,0,0,0,0,0,0,0,0,1,0,0
Cambodia,2023-04-10,4,0,0,0,0,0,0,0,0,0,0,0,0,0,0,0,4,0,0
Cambodia,2023-04-24,1,0,0,0,0,0,0,0,0,0,0,0,0,0,0,0,1,0,0
Cambodia,2023-05-08,5,0,0,0,0,0,0,0,0,0,0,0,0,0,0,0,5,0,0
Cambodia,2023-05-22,13,0,0,0,0,0,0,0,0,0,0,0,0,0,0,0,13,0,0
Cambodia,2023-06-05,11,0,0,0,0,0,0,0,0,0,0,0,0,0,0,0,11,0,0
Cambodia,2023-10-09,1,0,0,0,0,0,0,0,0,0,0,0,0,0,0,0,1,0,0
Cambodia,2023-10-23,4,0,0,0,0,0,0,0,0,0,0,0,0,0,0,0,4,0,0
Cambodia,2023-11-06,2,0,0,0,0,0,0,0,0,0,0,0,0,0,0,0,2,0,0
Cambodia,2023-11-20,4,0,0,0,0,0,0,0,0,0,0,0,0,0,0,0,4,0,0
Cambodia,2023-12-04,17,0,0,0,0,0,0,0,0,0,0,0,0,0,0,0,17,0,0
Cambodia,2023-12-18,23,0,0,0,0,0,0,0,0,0,0,0,0,0,0,0,23,0,0
Cambodia,2024-01-01,17,0,0,0,0,0,0,0,0,0,0,0,0,0,0,0,17,0,0
Cambodia,2024-01-15,12,0,0,0,0,0,0,0,0,0,0,0,0,0,0,0,12,0,0
Cambodia,2024-01-29,2,0,0,0,0,0,0,0,0,0,0,0,0,0,0,0,2,0,0
Cambodia,2024-02-12,6,0,0,0,0,0,0,0,0,0,0,0,0,0,0,0,6,0,0
Cambodia,2024-03-11,1,0,0,0,0,0,0,0,0,0,0,0,0,0,0,0,1,0,0
Cambodia,2024-03-25,2,0,0,0,0,0,0,0,0,0,0,0,0,0,0,0,2,0,0
Cambodia,2024-04-22,11,0,0,0,0,0,0,0,0,0,0,0,0,0,0,0,11,0,0
Cambodia,2024-05-06,11,0,0,0,0,0,0,0,0,0,0,0,0,0,0,0,11,0,0
Cambodia,2024-07-01,3,0,0,0,0,0,0,0,0,0,0,0,0,0,0,0,3,0,0
Cambodia,2024-07-15,3,0,0,0,0,0,0,0,0,0,0,0,0,0,0,0,3,0,0
Cambodia,2024-07-29,1,0,0,0,0,0,0,0,0,0,0,0,0,0,0,0,1,0,0
Cameroon,2020-04-27,3,3,0,0,0,0,0,0,0,0,0,0,0,0,0,0,0,0,0
Cameroon,2020-05-11,14,14,0,0,0,0,0,0,0,0,0,0,0,0,0,0,0,0,0
Cameroon,2020-06-08,6,6,0,0,0,0,0,0,0,0,0,0,0,0,0,0,0,0,0
Cameroon,2020-08-03,2,2,0,0,0,0,0,0,0,0,0,0,0,0,0,0,0,0,0
Cameroon,2020-10-12,1,1,0,0,0,0,0,0,0,0,0,0,0,0,0,0,0,0,0
Cameroon,2020-10-26,3,0,0,0,0,2,0,0,0,0,0,0,0,0,0,0,0,0,1
Cameroon,2020-11-09,6,0,1,0,0,0,0,0,0,0,0,0,0,0,0,0,0,0,5
Cameroon,2020-11-23,2,2,0,0,0,0,0,0,0,0,0,0,0,0,0,0,0,0,0
Cameroon,2020-12-07,6,6,0,0,0,0,0,0,0,0,0,0,0,0,0,0,0,0,0
Cameroon,2020-12-21,10,10,0,0,0,0,0,0,0,0,0,0,0,0,0,0,0,0,0
Cameroon,2021-01-04,14,0,0,0,0,0,3,0,1,0,0,0,0,0,0,0,0,0,10
Cameroon,2021-01-18,25,0,0,1,0,0,1,2,6,0,0,0,2,0,0,0,0,0,13
Cameroon,2021-02-01,32,0,1,1,0,0,2,5,3,0,0,3,2,2,0,0,0,0,13
Cameroon,2021-02-15,6,0,0,0,0,0,1,2,2,0,0,0,0,0,0,0,0,0,1
Cameroon,2021-03-01,30,0,7,0,0,0,2,2,0,0,0,0,8,0,0,0,0,0,11
Cameroon,2021-03-15,1,1,0,0,0,0,0,0,0,0,0,0,0,0,0,0,0,0,0
Cameroon,2021-03-29,16,0,1,0,0,0,0,5,3,1,0,0,2,0,0,0,0,0,4
Cameroon,2021-04-12,3,0,1,0,0,0,0,1,0,0,0,0,1,0,0,0,0,0,0
Cameroon,2021-04-26,26,0,20,0,0,0,2,0,0,1,0,0,1,0,0,0,0,0,2
Cameroon,2021-05-10,1,0,1,0,0,0,0,0,0,0,0,0,0,0,0,0,0,0,0
Cameroon,2021-05-24,28,0,8,0,0,0,0,0,0,19,0,0,0,0,0,0,0,0,1
Cameroon,2021-06-21,2,0,0,0,0,0,0,0,0,2,0,0,0,0,0,0,0,0,0
Cameroon,2021-07-05,3,0,0,0,0,0,0,0,0,2,0,0,0,0,0,0,0,0,1
Cameroon,2021-07-19,1,0,0,0,0,0,0,0,0,1,0,0,0,0,0,0,0,0,0
Cameroon,2021-08-02,13,0,0,0,0,0,0,0,0,13,0,0,0,0,0,0,0,0,0
Cameroon,2021-08-16,70,0,2,0,0,0,1,0,0,66,0,0,1,0,0,0,0,0,0
Cameroon,2021-08-30,114,0,0,0,0,0,0,0,0,114,0,0,0,0,0,0,0,0,0
Cameroon,2021-09-13,58,0,1,0,0,0,1,0,0,56,0,0,0,0,0,0,0,0,0
Cameroon,2021-09-27,1,0,0,0,0,0,0,0,0,1,0,0,0,0,0,0,0,0,0
Cameroon,2021-10-25,10,0,0,0,0,0,0,0,0,7,0,0,0,0,0,0,3,0,0
Cameroon,2021-11-08,9,0,0,0,0,0,0,0,0,9,0,0,0,0,0,0,0,0,0
Cameroon,2021-11-22,24,0,0,0,0,0,0,0,0,12,0,0,0,0,0,0,12,0,0
Cameroon,2021-12-06,42,0,0,0,0,0,0,0,0,13,0,0,0,0,0,0,29,0,0
Cameroon,2021-12-20,126,1,0,0,0,0,0,0,0,3,0,0,0,0,0,0,122,0,0
Cameroon,2022-01-03,267,0,0,0,0,0,0,0,0,2,0,0,0,0,0,0,265,0,0
Cameroon,2022-01-17,68,0,0,0,0,0,0,0,0,0,0,0,0,0,0,0,68,0,0
Cameroon,2022-01-31,14,0,0,0,0,0,0,0,0,0,0,0,0,0,0,0,14,0,0
Cameroon,2022-02-28,7,0,0,0,0,0,0,0,0,0,0,0,0,0,0,0,7,0,0
Cameroon,2022-03-14,3,0,0,0,0,0,0,0,0,0,0,0,0,0,0,0,3,0,0
Cameroon,2022-03-28,6,0,0,0,0,0,0,0,0,0,0,0,0,0,0,0,6,0,0
Cameroon,2022-04-11,1,0,0,0,0,0,0,0,0,0,0,0,0,0,0,0,1,0,0
Cameroon,2022-04-25,4,0,0,0,0,0,0,0,0,0,0,0,0,0,0,0,4,0,0
Cameroon,2022-05-09,4,0,0,0,0,0,0,0,0,0,0,0,0,0,0,0,4,0,0
Cameroon,2022-05-23,4,0,0,0,0,0,0,0,0,0,0,0,0,0,0,0,4,0,0
Cameroon,2022-06-06,3,0,0,0,0,0,0,0,0,0,0,0,0,0,0,0,3,0,0
Cameroon,2022-06-20,73,0,0,0,0,0,0,0,0,0,0,0,0,0,0,0,73,0,0
Cameroon,2022-07-04,18,0,0,0,0,0,0,0,0,0,0,0,0,0,0,0,18,0,0
Cameroon,2022-07-18,53,0,0,0,0,0,0,0,0,0,0,0,0,0,0,0,53,0,0
Cameroon,2022-08-01,209,0,0,0,0,0,0,0,0,0,0,0,0,0,0,0,209,0,0
Cameroon,2022-08-15,62,0,0,0,0,0,0,0,0,0,0,0,0,0,0,0,62,0,0
Cameroon,2022-08-29,67,0,0,0,0,0,0,0,0,0,0,0,0,0,0,0,67,0,0
Cameroon,2022-09-12,14,0,0,0,0,0,0,0,0,0,0,0,0,0,0,0,14,0,0
Cameroon,2022-09-26,13,0,0,0,0,0,0,0,0,0,0,0,0,0,0,0,13,0,0
Cameroon,2022-10-10,17,0,0,0,0,0,0,0,0,0,0,0,0,0,0,0,17,0,0
Cameroon,2022-10-24,5,0,0,0,0,0,0,0,0,0,0,0,0,0,0,0,5,0,0
Cameroon,2022-11-07,1,0,0,0,0,0,0,0,0,0,0,0,0,0,0,0,1,0,0
Cameroon,2023-01-30,2,0,0,0,0,0,0,0,0,0,0,0,0,0,0,0,2,0,0
Cameroon,2024-01-15,12,0,0,0,0,0,0,0,0,0,0,0,0,0,0,0,12,0,0
Canada,2020-04-27,949,0,0,0,0,0,0,0,0,0,0,0,0,0,0,0,0,0,949
Canada,2020-05-11,628,0,0,0,0,0,0,0,0,0,0,0,0,0,0,0,0,0,628
Canada,2020-05-25,215,0,0,0,0,0,0,0,0,0,0,0,0,0,0,0,0,0,215
Canada,2020-06-08,211,0,0,0,0,0,0,0,0,0,0,0,0,0,0,0,0,0,211
Canada,2020-06-22,117,0,0,0,0,0,0,0,0,0,0,0,0,0,0,0,0,0,117
Canada,2020-07-06,218,0,1,0,0,0,0,0,0,0,0,0,0,0,0,0,0,0,217
Canada,2020-07-20,304,0,0,0,0,0,0,0,0,0,0,0,0,0,0,0,0,0,304
Canada,2020-08-03,595,0,0,0,0,0,0,0,0,0,0,0,0,0,0,0,0,0,595
Canada,2020-08-17,757,0,0,0,0,0,0,0,0,0,0,0,0,0,0,0,0,0,757
Canada,2020-08-31,769,0,6,0,1,2,0,0,0,0,0,0,0,0,0,0,0,0,760
Canada,2020-09-14,842,0,6,0,0,2,0,0,0,0,0,0,0,0,0,0,0,0,834
Canada,2020-09-28,1134,0,17,0,0,8,0,0,0,0,0,0,0,0,0,0,0,0,1109
Canada,2020-10-12,1223,0,47,0,0,9,0,0,0,0,0,0,0,0,0,0,0,0,1167
Canada,2020-10-26,1959,0,73,0,0,3,0,1,0,0,0,0,0,0,0,0,0,1,1881
Canada,2020-11-09,2323,0,118,0,0,1,0,0,0,1,0,0,0,0,0,0,0,3,2200
Canada,2020-11-23,2637,0,133,1,0,3,0,0,1,1,0,1,0,0,0,0,0,10,2487
Canada,2020-12-07,2790,0,336,10,0,6,1,5,0,0,0,5,5,0,0,0,0,12,2410
Canada,2020-12-21,2809,0,479,22,0,7,9,9,0,0,0,12,0,0,0,0,0,1,2270
Canada,2021-01-04,4714,0,641,31,0,13,40,40,0,0,0,28,4,0,0,0,0,3,3914
Canada,2021-01-18,4141,0,497,36,0,1,24,99,0,0,0,37,3,0,0,0,0,14,3430
Canada,2021-02-01,3712,0,260,90,0,0,51,285,1,0,0,31,30,0,0,0,0,1,2963
Canada,2021-02-15,4490,0,131,226,0,1,62,981,15,0,2,40,100,0,2,0,0,7,2923
Canada,2021-03-01,6345,0,130,301,0,0,59,2175,146,1,30,85,203,1,0,0,0,1,3213
Canada,2021-03-15,10114,0,56,197,0,3,52,4981,1283,3,137,121,271,15,9,0,0,7,2979
Canada,2021-03-29,10218,0,16,192,0,1,177,4359,2373,41,219,103,484,6,7,0,0,3,2237
Canada,2021-04-12,11067,0,9,190,0,0,178,6061,2330,246,68,141,215,38,5,0,0,1,1585
Canada,2021-04-26,10988,0,13,92,0,0,104,6365,2599,405,26,137,192,24,2,0,0,1,1028
Canada,2021-05-10,7544,0,4,14,0,0,33,4333,1925,637,9,36,109,12,1,0,0,6,425
Canada,2021-05-24,4778,0,2,2,0,0,30,2726,1235,562,1,24,29,11,0,6,0,2,148
Canada,2021-06-07,4466,0,8,3,0,0,22,2252,711,1121,0,4,85,7,0,18,0,0,235
Canada,2021-06-21,2820,0,8,1,0,0,30,1270,364,1008,0,2,43,0,1,13,0,0,80
Canada,2021-07-05,1915,0,0,1,0,0,7,396,249,1231,0,1,6,0,0,2,0,0,22
Canada,2021-07-19,4757,0,1,0,0,0,4,318,169,4242,0,0,0,0,0,5,0,0,18
Canada,2021-08-02,11022,0,0,0,0,0,1,281,95,10585,0,0,0,0,0,3,0,0,57
Canada,2021-08-16,14938,1,0,0,0,0,0,121,46,14764,0,0,0,0,0,5,0,0,1
Canada,2021-08-30,12403,0,0,1,0,0,0,74,19,12299,0,0,0,0,0,8,0,0,2
Canada,2021-09-13,7259,0,0,0,0,0,0,8,2,7246,0,0,0,0,0,3,0,0,0
Canada,2021-09-27,8757,0,0,0,0,0,0,3,1,8751,0,0,0,0,0,0,0,0,2
Canada,2021-10-11,7370,0,0,0,0,0,0,4,0,7366,0,0,0,0,0,0,0,0,0
Canada,2021-10-25,7707,0,0,0,0,0,2,2,2,7696,0,0,2,0,0,0,0,0,3
Canada,2021-11-08,7047,0,0,0,0,0,0,0,0,7046,0,0,0,0,0,0,1,0,0
Canada,2021-11-22,10905,0,0,0,0,0,1,0,1,10708,1,2,1,1,0,0,188,0,2
Canada,2021-12-06,15362,0,0,0,0,0,0,0,0,8152,0,0,0,0,0,0,7203,0,7
Canada,2021-12-20,17670,0,0,0,0,0,0,0,0,1514,0,0,0,0,0,0,16155,0,1
Canada,2022-01-03,14917,0,0,0,0,0,0,0,0,427,0,0,0,0,0,0,14490,0,0
Canada,2022-01-17,11089,1,0,0,0,0,0,0,0,101,0,0,0,0,0,0,10987,0,0
Canada,2022-01-31,10055,0,0,0,0,0,0,0,0,19,0,0,0,0,0,0,10036,0,0
Canada,2022-02-14,9007,13,0,0,0,0,0,0,0,10,0,0,0,0,0,0,8984,0,0
Canada,2022-02-28,7674,14,0,0,0,0,0,0,0,1,0,0,0,0,0,0,7659,0,0
Canada,2022-03-14,10305,32,0,0,0,0,0,0,0,0,0,0,0,0,0,0,10273,0,0
Canada,2022-03-28,11117,34,0,0,0,0,0,0,0,0,0,0,0,0,0,0,11082,0,1
Canada,2022-04-11,10291,63,0,0,0,0,0,0,0,3,0,0,0,0,0,0,10225,0,0
Canada,2022-04-25,8879,108,0,0,0,0,0,0,0,6,0,0,0,0,0,0,8765,0,0
Canada,2022-05-09,7944,105,0,0,0,0,0,0,0,0,0,0,0,0,0,0,7839,0,0
Canada,2022-05-23,6000,71,0,0,0,0,0,0,0,0,0,0,0,0,0,0,5929,0,0
Canada,2022-06-06,6364,39,0,0,0,0,0,0,0,0,0,0,0,0,0,0,6325,0,0
Canada,2022-06-20,7096,22,0,0,0,0,0,0,0,6,0,0,0,0,0,0,7068,0,0
Canada,2022-07-04,9758,31,0,0,0,0,0,0,0,0,0,0,0,0,0,0,9727,0,0
Canada,2022-07-18,6750,17,0,0,0,0,0,0,0,0,0,0,0,0,0,0,6733,0,0
Canada,2022-08-01,6674,7,0,0,0,0,0,0,0,0,0,0,0,0,0,0,6665,0,2
Canada,2022-08-15,7107,9,0,0,0,0,0,0,0,0,0,0,0,0,0,0,7097,0,1
Canada,2022-08-29,6761,10,0,0,0,0,0,0,0,0,0,0,0,0,0,0,6741,0,10
Canada,2022-09-12,7753,21,0,0,0,0,0,0,0,0,0,0,0,0,0,0,7732,0,0
Canada,2022-09-26,7774,19,0,0,0,0,0,0,0,0,0,0,0,0,0,0,7755,0,0
Canada,2022-10-10,7827,22,0,0,0,0,0,0,0,0,0,0,0,0,0,0,7805,0,0
Canada,2022-10-24,7209,11,0,0,0,0,0,0,0,0,0,0,0,0,0,0,7197,0,1
Canada,2022-11-07,5433,2,0,0,0,0,0,0,0,0,0,0,0,0,0,0,5431,0,0
Canada,2022-11-21,5821,22,0,0,0,0,0,0,0,0,0,0,0,0,0,0,5799,0,0
Canada,2022-12-05,7230,20,0,0,0,0,0,0,0,0,0,0,0,0,0,0,7210,0,0
Canada,2022-12-19,7628,70,0,0,0,0,0,0,0,0,0,0,0,0,0,0,7558,0,0
Canada,2023-01-02,8066,88,0,0,0,0,0,0,0,0,0,0,0,0,0,0,7978,0,0
Canada,2023-01-16,6043,120,0,0,0,0,0,0,0,0,0,0,0,0,0,0,5923,0,0
Canada,2023-01-30,5717,64,0,0,0,0,0,0,0,0,0,0,0,0,0,0,5653,0,0
Canada,2023-02-13,5755,58,0,0,0,0,0,0,0,0,0,0,0,0,0,0,5697,0,0
Canada,2023-02-27,4949,83,0,0,0,0,0,0,0,0,0,0,0,0,0,0,4866,0,0
Canada,2023-03-13,5301,63,0,0,0,0,0,0,0,0,0,0,0,0,0,0,5238,0,0
Canada,2023-03-27,4461,37,0,0,0,0,0,0,0,0,0,0,0,0,0,0,4424,0,0
Canada,2023-04-10,4176,31,0,0,0,0,0,0,0,0,0,0,0,0,0,0,4145,0,0
Canada,2023-04-24,3667,18,0,0,0,0,0,0,0,0,0,0,0,0,0,0,3649,0,0
Canada,2023-05-08,3155,18,0,0,0,0,0,0,0,0,0,0,0,0,0,0,3137,0,0
Canada,2023-05-22,2461,19,0,0,0,0,0,0,0,0,0,0,0,0,0,0,2442,0,0
Canada,2023-06-05,1689,23,0,0,0,0,0,0,0,0,0,0,0,0,0,0,1666,0,0
Canada,2023-06-19,1310,17,0,0,0,0,0,0,0,0,0,0,0,0,0,0,1293,0,0
Canada,2023-07-03,1088,7,0,0,0,0,0,0,0,0,0,0,0,0,0,0,1081,0,0
Canada,2023-07-17,1342,2,0,0,0,0,0,0,0,0,0,0,0,0,0,0,1340,0,0
Canada,2023-07-31,1361,6,0,0,0,0,0,0,0,0,0,0,0,0,0,0,1355,0,0
Canada,2023-08-14,2501,66,0,0,0,0,0,0,0,0,0,0,0,0,0,0,2435,0,0
Canada,2023-08-28,3404,53,0,0,0,0,0,0,0,0,0,0,0,0,0,0,3351,0,0
Canada,2023-09-11,5012,107,0,0,0,0,0,0,0,0,0,0,0,0,0,0,4905,0,0
Canada,2023-09-25,5542,129,0,0,0,0,0,0,0,0,0,0,0,0,0,0,5413,0,0
Canada,2023-10-09,5449,87,0,0,0,0,0,0,0,0,0,0,0,0,0,0,5362,0,0
Canada,2023-10-23,5653,93,0,0,0,0,0,0,0,0,0,0,0,0,0,0,5560,0,0
Canada,2023-11-06,5468,107,0,0,0,0,0,0,0,0,0,0,0,0,0,0,5361,0,0
Canada,2023-11-20,5609,57,0,0,0,0,0,0,0,0,0,0,0,0,0,0,5552,0,0
Canada,2023-12-04,4989,57,0,0,0,0,0,0,0,0,0,0,0,0,0,0,4932,0,0
Canada,2023-12-18,4091,40,0,0,0,0,0,0,0,0,0,0,0,0,0,0,4051,0,0
Canada,2024-01-01,3799,41,0,0,0,0,0,0,0,0,0,0,0,0,0,0,3758,0,0
Canada,2024-01-15,3093,13,0,0,0,0,0,0,0,0,0,0,0,0,0,0,3080,0,0
Canada,2024-01-29,2576,39,0,0,0,0,0,0,0,0,0,0,0,0,0,0,2537,0,0
Canada,2024-02-12,2112,34,0,0,0,0,0,0,0,0,0,0,0,0,0,0,2078,0,0
Canada,2024-02-26,1802,42,0,0,0,0,0,0,0,0,0,0,0,0,0,0,1760,0,0
Canada,2024-03-11,1542,47,0,0,0,0,0,0,0,0,0,0,0,0,0,0,1495,0,0
Canada,2024-03-25,1288,42,0,0,0,0,0,0,0,0,0,0,0,0,0,0,1246,0,0
Canada,2024-04-08,1159,79,0,0,0,0,0,0,0,0,0,0,0,0,0,0,1080,0,0
Canada,2024-04-22,1544,65,0,0,0,0,0,0,0,0,0,0,0,0,0,0,1479,0,0
Canada,2024-05-06,1929,96,0,0,0,0,0,0,0,0,0,0,0,0,0,0,1833,0,0
Canada,2024-07-01,2309,22,0,0,0,0,0,0,0,0,0,0,0,0,0,0,2287,0,0
Canada,2024-07-15,2372,16,0,0,0,0,0,0,0,0,0,0,0,0,0,0,2356,0,0
Canada,2024-07-29,2404,13,0,0,0,0,0,0,0,0,0,0,0,0,0,0,2391,0,0
Cape Verde,2020-09-28,1,1,0,0,0,0,0,0,0,0,0,0,0,0,0,0,0,0,0
Cape Verde,2020-10-26,1,1,0,0,0,0,0,0,0,0,0,0,0,0,0,0,0,0,0
Cape Verde,2020-11-09,2,2,0,0,0,0,0,0,0,0,0,0,0,0,0,0,0,0,0
Cape Verde,2020-11-23,2,0,1,0,0,0,0,0,0,0,0,0,0,0,0,0,0,0,1
Cape Verde,2020-12-07,2,0,2,0,0,0,0,0,0,0,0,0,0,0,0,0,0,0,0
Cape Verde,2020-12-21,5,5,0,0,0,0,0,0,0,0,0,0,0,0,0,0,0,0,0
Cape Verde,2021-01-04,5,5,0,0,0,0,0,0,0,0,0,0,0,0,0,0,0,0,0
Cape Verde,2021-01-18,12,0,1,0,0,4,0,2,0,0,0,0,0,0,0,0,0,0,5
Cape Verde,2021-02-01,6,0,1,0,0,1,0,2,0,0,0,0,0,0,0,0,0,0,2
Cape Verde,2021-05-10,37,0,0,2,0,11,3,8,3,0,0,2,0,3,0,0,0,0,5
Cape Verde,2021-05-24,8,0,0,0,0,2,1,2,1,0,0,0,0,1,0,0,0,0,1
Cape Verde,2021-06-21,5,5,0,0,0,0,0,0,0,0,0,0,0,0,0,0,0,0,0
Cape Verde,2021-07-05,22,0,0,0,0,0,0,2,7,7,0,0,1,1,0,2,0,0,2
Cape Verde,2021-07-19,18,0,0,0,0,0,0,0,1,6,0,0,0,0,0,1,0,0,10
Cape Verde,2021-08-02,9,0,0,0,0,0,0,0,0,8,0,0,0,0,0,0,0,0,1
Cape Verde,2021-08-16,41,0,0,0,0,1,0,0,1,19,0,0,0,0,0,1,0,0,19
Cape Verde,2021-08-30,4,0,0,0,0,0,0,0,0,4,0,0,0,0,0,0,0,0,0
Cape Verde,2021-10-11,6,0,0,0,0,0,0,0,0,6,0,0,0,0,0,0,0,0,0
Cape Verde,2021-10-25,2,0,0,0,0,0,0,0,0,2,0,0,0,0,0,0,0,0,0
Cape Verde,2021-11-08,6,0,0,0,0,0,0,0,0,6,0,0,0,0,0,0,0,0,0
Cape Verde,2021-11-22,11,0,0,0,0,0,0,0,0,11,0,0,0,0,0,0,0,0,0
Cape Verde,2021-12-06,3,0,0,0,0,0,0,0,0,3,0,0,0,0,0,0,0,0,0
Cape Verde,2021-12-20,67,0,0,0,0,0,0,0,0,2,0,0,0,0,0,0,65,0,0
Cape Verde,2022-01-03,70,0,0,0,0,0,0,0,0,0,0,0,0,0,0,0,70,0,0
Cape Verde,2022-01-17,12,0,0,0,0,0,0,0,0,0,0,0,0,0,0,0,12,0,0
Cape Verde,2022-01-31,4,0,0,0,0,0,0,0,0,0,0,0,0,0,0,0,4,0,0
Cape Verde,2022-02-14,2,0,0,0,0,0,0,0,0,0,0,0,0,0,0,0,2,0,0
Cape Verde,2022-03-14,2,0,0,0,0,0,0,0,0,0,0,0,0,0,0,0,2,0,0
Cape Verde,2022-03-28,1,0,0,0,0,0,0,0,0,0,0,0,0,0,0,0,1,0,0
Cape Verde,2022-04-25,2,0,0,0,0,0,0,0,0,0,0,0,0,0,0,0,2,0,0
Cape Verde,2022-05-09,8,0,0,0,0,0,0,0,0,0,0,0,0,0,0,0,8,0,0
Cape Verde,2022-05-23,44,0,0,0,0,0,0,0,0,0,0,0,0,0,0,0,44,0,0
Cape Verde,2022-06-06,22,0,0,0,0,0,0,0,0,0,0,0,0,0,0,0,22,0,0
Cape Verde,2022-06-20,24,0,0,0,0,0,0,0,0,0,0,0,0,0,0,0,24,0,0
Cape Verde,2022-07-04,49,0,0,0,0,0,0,0,0,0,0,0,0,0,0,0,49,0,0
Cape Verde,2022-07-18,9,0,0,0,0,0,0,0,0,0,0,0,0,0,0,0,9,0,0
Cape Verde,2022-08-01,16,0,0,0,0,0,0,0,0,0,0,0,0,0,0,0,16,0,0
Cape Verde,2022-08-15,13,0,0,0,0,0,0,0,0,0,0,0,0,0,0,0,13,0,0
Cape Verde,2022-09-26,2,0,0,0,0,0,0,0,0,0,0,0,0,0,0,0,2,0,0
Cape Verde,2022-10-10,4,0,0,0,0,0,0,0,0,0,0,0,0,0,0,0,4,0,0
Cape Verde,2022-10-24,6,0,0,0,0,0,0,0,0,0,0,0,0,0,0,0,6,0,0
Cape Verde,2022-11-07,17,0,0,0,0,0,0,0,0,0,0,0,0,0,0,0,17,0,0
Cape Verde,2022-11-21,38,0,0,0,0,0,0,0,0,0,0,0,0,0,0,0,38,0,0
Cape Verde,2022-12-05,6,0,0,0,0,0,0,0,0,0,0,0,0,0,0,0,6,0,0
Cape Verde,2022-12-19,2,0,0,0,0,0,0,0,0,0,0,0,0,0,0,0,2,0,0
Cape Verde,2023-01-02,2,0,0,0,0,0,0,0,0,0,0,0,0,0,0,0,2,0,0
Cape Verde,2023-01-30,1,0,0,0,0,0,0,0,0,0,0,0,0,0,0,0,1,0,0
Cape Verde,2023-03-13,1,0,0,0,0,0,0,0,0,0,0,0,0,0,0,0,1,0,0
Cape Verde,2023-03-27,1,0,0,0,0,0,0,0,0,0,0,0,0,0,0,0,1,0,0
Cape Verde,2023-04-10,3,0,0,0,0,0,0,0,0,0,0,0,0,0,0,0,3,0,0
Cape Verde,2023-04-24,28,0,0,0,0,0,0,0,0,0,0,0,0,0,0,0,28,0,0
Cape Verde,2023-05-08,19,0,0,0,0,0,0,0,0,0,0,0,0,0,0,0,19,0,0
Cape Verde,2023-05-22,5,0,0,0,0,0,0,0,0,0,0,0,0,0,0,0,5,0,0
Cape Verde,2023-06-05,14,0,0,0,0,0,0,0,0,0,0,0,0,0,0,0,14,0,0
Cape Verde,2023-06-19,8,0,0,0,0,0,0,0,0,0,0,0,0,0,0,0,8,0,0
Cape Verde,2023-07-03,5,0,0,0,0,0,0,0,0,0,0,0,0,0,0,0,5,0,0
Cape Verde,2023-07-17,4,0,0,0,0,0,0,0,0,0,0,0,0,0,0,0,4,0,0
Cape Verde,2023-07-31,1,0,0,0,0,0,0,0,0,0,0,0,0,0,0,0,1,0,0
Cape Verde,2023-09-11,8,0,0,0,0,0,0,0,0,0,0,0,0,0,0,0,8,0,0
Cape Verde,2023-09-25,2,0,0,0,0,0,0,0,0,0,0,0,0,0,0,0,2,0,0
Cape Verde,2024-01-01,1,0,0,0,0,0,0,0,0,0,0,0,0,0,0,0,1,0,0
Chile,2020-04-27,106,0,0,0,0,0,0,0,0,0,0,0,0,0,0,0,0,0,106
Chile,2020-05-11,84,0,0,0,0,0,0,0,0,0,0,0,0,0,0,0,0,0,84
Chile,2020-05-25,81,0,0,0,0,0,0,0,0,0,0,0,0,0,0,0,0,0,81
Chile,2020-06-08,9,0,0,0,0,0,0,0,0,0,0,0,0,0,0,0,0,0,9
Chile,2020-06-22,61,0,0,0,0,0,0,0,0,0,0,0,0,0,0,0,0,0,61
Chile,2020-07-06,34,0,0,0,0,0,0,0,0,0,0,0,0,0,0,0,0,0,34
Chile,2020-07-20,36,0,0,0,0,0,0,0,0,0,0,0,0,0,0,0,0,0,36
Chile,2020-08-03,26,0,0,0,0,0,0,0,0,0,0,0,0,0,0,0,0,0,26
Chile,2020-08-17,58,0,0,0,0,0,0,0,0,0,0,0,0,0,0,0,0,0,58
Chile,2020-08-31,54,0,0,0,0,0,0,0,0,0,0,0,0,0,0,0,0,0,54
Chile,2020-09-14,45,0,0,0,0,0,0,0,0,0,0,0,0,0,0,0,0,0,45
Chile,2020-09-28,65,0,0,0,0,0,0,0,0,0,0,0,0,0,0,0,0,0,65
Chile,2020-10-12,47,0,0,0,0,0,0,0,0,0,0,0,0,0,0,0,0,0,47
Chile,2020-10-26,9,0,0,0,0,0,0,0,0,0,0,0,0,0,0,0,0,0,9
Chile,2020-11-09,15,0,0,0,0,0,0,0,0,0,0,0,0,0,0,0,0,0,15
Chile,2020-11-23,7,0,0,0,0,0,0,0,0,0,0,0,0,0,0,0,0,0,7
Chile,2020-12-07,29,0,0,0,0,0,0,0,0,0,0,0,0,0,0,0,0,0,29
Chile,2020-12-21,82,0,11,1,0,37,0,9,0,1,0,1,1,0,0,0,0,0,21
Chile,2021-01-04,88,0,10,1,0,27,0,2,2,0,1,0,3,0,0,0,0,0,42
Chile,2021-01-18,47,0,1,0,0,0,0,0,1,0,0,2,0,0,4,0,0,0,39
Chile,2021-02-01,95,0,5,2,0,0,0,4,0,0,0,5,1,1,4,0,0,0,73
Chile,2021-02-15,106,0,2,2,0,0,0,7,5,0,1,2,5,1,10,0,0,0,71
Chile,2021-03-01,102,0,1,0,0,0,0,14,13,0,1,3,4,0,27,0,0,1,38
Chile,2021-03-15,206,0,1,0,0,0,0,9,50,0,2,5,8,1,72,0,0,0,58
Chile,2021-03-29,344,0,1,1,0,0,2,35,117,0,1,3,6,2,117,6,0,0,53
Chile,2021-04-12,449,0,0,0,0,0,0,25,195,0,2,3,6,2,170,1,0,0,45
Chile,2021-04-26,577,1,0,0,0,0,0,23,318,0,1,2,3,0,205,5,0,0,19
Chile,2021-05-10,539,0,1,0,0,0,1,18,275,0,1,4,5,1,186,7,0,0,40
Chile,2021-05-24,480,0,0,0,0,0,0,13,301,0,0,5,2,0,138,11,0,0,10
Chile,2021-06-07,668,0,0,0,0,0,0,9,470,2,0,2,0,0,165,17,0,0,3
Chile,2021-06-21,857,0,0,0,0,0,1,9,608,12,0,0,1,0,184,38,0,0,4
Chile,2021-07-05,902,0,0,0,0,0,0,11,597,26,0,2,2,0,194,58,0,0,12
Chile,2021-07-19,749,0,0,0,0,0,0,11,452,65,0,0,0,0,145,73,0,0,3
Chile,2021-08-02,865,0,0,0,0,0,0,7,459,127,0,2,1,0,140,122,0,0,7
Chile,2021-08-16,837,0,0,0,0,0,0,3,276,261,0,0,2,0,87,201,0,0,7
Chile,2021-08-30,1141,0,0,0,0,0,0,1,227,637,0,0,0,0,24,251,0,0,1
Chile,2021-09-13,1484,0,0,0,0,0,0,0,66,1252,0,0,0,0,12,154,0,0,0
Chile,2021-09-27,1568,0,0,0,0,0,0,0,29,1447,0,0,0,0,3,89,0,0,0
Chile,2021-10-11,1163,0,0,0,0,0,0,0,3,1133,0,0,0,0,3,24,0,0,0
Chile,2021-10-25,1172,0,0,0,0,0,0,0,1,1153,0,0,0,0,3,15,0,0,0
Chile,2021-11-08,734,0,0,0,0,0,0,0,0,727,0,0,0,0,0,5,0,0,2
Chile,2021-11-22,517,0,0,0,0,0,0,0,0,508,0,0,0,0,0,0,5,0,4
Chile,2021-12-06,894,0,0,0,0,0,0,0,0,616,0,0,0,0,2,1,275,0,0
Chile,2021-12-20,1796,0,0,0,0,0,0,0,0,321,0,0,0,0,0,0,1475,0,0
Chile,2022-01-03,1179,0,0,0,0,0,0,0,0,94,0,0,0,0,0,0,1085,0,0
Chile,2022-01-17,474,0,0,0,0,0,0,0,0,10,0,0,0,0,0,0,464,0,0
Chile,2022-01-31,544,0,0,0,0,0,0,0,0,0,0,0,0,0,0,0,544,0,0
Chile,2022-02-14,619,0,0,0,0,0,0,0,0,0,0,0,0,0,0,0,619,0,0
Chile,2022-02-28,622,0,0,0,0,0,0,0,0,1,0,0,0,0,0,0,621,0,0
Chile,2022-03-14,608,0,0,0,0,0,0,0,0,0,0,0,0,0,0,0,608,0,0
Chile,2022-03-28,701,1,0,0,0,0,0,0,0,0,0,0,0,0,0,0,699,0,1
Chile,2022-04-11,577,6,0,0,0,0,0,0,0,0,0,0,0,0,0,0,571,0,0
Chile,2022-04-25,708,13,0,0,0,0,0,0,0,0,0,0,0,0,0,0,695,0,0
Chile,2022-05-09,1010,19,0,0,0,0,0,0,0,0,0,0,0,0,0,0,991,0,0
Chile,2022-05-23,1015,29,0,0,0,0,0,0,0,0,0,0,0,0,0,0,986,0,0
Chile,2022-06-06,1026,29,0,0,0,0,0,0,0,0,0,0,0,0,0,0,997,0,0
Chile,2022-06-20,1040,8,0,0,0,0,0,0,0,0,0,0,0,0,0,0,1032,0,0
Chile,2022-07-04,966,3,0,0,0,0,0,0,0,0,0,0,0,0,0,0,963,0,0
Chile,2022-07-18,892,3,0,0,0,0,0,0,0,0,0,0,0,0,0,0,889,0,0
Chile,2022-08-01,774,1,0,0,0,0,0,0,0,0,0,0,0,0,0,0,773,0,0
Chile,2022-08-15,825,0,0,0,0,0,0,0,0,0,0,0,0,0,0,0,825,0,0
Chile,2022-08-29,651,1,0,0,0,0,0,0,0,0,0,0,0,0,0,0,650,0,0
Chile,2022-09-12,489,1,0,0,0,0,0,0,0,0,0,0,0,0,0,0,488,0,0
Chile,2022-09-26,439,0,0,0,0,0,0,0,0,0,0,0,0,0,0,0,439,0,0
Chile,2022-10-10,499,0,0,0,0,0,0,0,0,0,0,0,0,0,0,0,499,0,0
Chile,2022-10-24,581,0,0,0,0,0,0,0,0,0,0,0,0,0,0,0,581,0,0
Chile,2022-11-07,676,2,0,0,0,0,0,0,0,0,0,0,0,0,0,0,674,0,0
Chile,2022-11-21,623,0,0,0,0,0,0,0,0,0,0,0,0,0,0,0,623,0,0
Chile,2022-12-05,581,0,0,0,0,0,0,0,0,0,0,0,0,0,0,0,581,0,0
Chile,2022-12-19,456,2,0,0,0,0,0,0,0,0,0,0,0,0,0,0,454,0,0
Chile,2023-01-02,458,4,0,0,0,0,0,0,0,0,0,0,0,0,0,0,454,0,0
Chile,2023-01-16,339,9,0,0,0,0,0,0,0,0,0,0,0,0,0,0,330,0,0
Chile,2023-01-30,328,11,0,0,0,0,0,0,0,0,0,0,0,0,0,0,317,0,0
Chile,2023-02-13,380,10,0,0,0,0,0,0,0,0,0,0,0,0,0,0,370,0,0
Chile,2023-02-27,544,8,0,0,0,0,0,0,0,0,0,0,0,0,0,0,536,0,0
Chile,2023-03-13,564,11,0,0,0,0,0,0,0,0,0,0,0,0,0,0,553,0,0
Chile,2023-03-27,338,6,0,0,0,0,0,0,0,0,0,0,0,0,0,0,332,0,0
Chile,2023-04-10,179,2,0,0,0,0,0,0,0,0,0,0,0,0,0,0,177,0,0
Chile,2023-04-24,115,1,0,0,0,0,0,0,0,0,0,0,0,0,0,0,114,0,0
Chile,2023-05-08,18,0,0,0,0,0,0,0,0,0,0,0,0,0,0,0,18,0,0
Chile,2023-05-22,13,0,0,0,0,0,0,0,0,0,0,0,0,0,0,0,13,0,0
Chile,2023-06-05,17,0,0,0,0,0,0,0,0,0,0,0,0,0,0,0,17,0,0
Chile,2023-06-19,9,0,0,0,0,0,0,0,0,0,0,0,0,0,0,0,9,0,0
Chile,2023-07-03,13,0,0,0,0,0,0,0,0,0,0,0,0,0,0,0,13,0,0
Chile,2023-07-17,32,0,0,0,0,0,0,0,0,0,0,0,0,0,0,0,32,0,0
Chile,2023-07-31,57,0,0,0,0,0,0,0,0,0,0,0,0,0,0,0,57,0,0
Chile,2023-08-14,62,0,0,0,0,0,0,0,0,0,0,0,0,0,0,0,62,0,0
Chile,2023-08-28,77,0,0,0,0,0,0,0,0,0,0,0,0,0,0,0,77,0,0
Chile,2023-09-11,118,0,0,0,0,0,0,0,0,0,0,0,0,0,0,0,118,0,0
Chile,2023-09-25,185,0,0,0,0,0,0,0,0,0,0,0,0,0,0,0,185,0,0
Chile,2023-10-09,238,0,0,0,0,0,0,0,0,0,0,0,0,0,0,0,238,0,0
Chile,2023-10-23,164,0,0,0,0,0,0,0,0,0,0,0,0,0,0,0,164,0,0
Chile,2023-11-06,203,1,0,0,0,0,0,0,0,0,0,0,0,0,0,0,202,0,0
Chile,2023-11-20,210,0,0,0,0,0,0,0,0,0,0,0,0,0,0,0,210,0,0
Chile,2023-12-04,154,0,0,0,0,0,0,0,0,0,0,0,0,0,0,0,154,0,0
Chile,2023-12-18,119,1,0,0,0,0,0,0,0,0,0,0,0,0,0,0,118,0,0
Chile,2024-01-01,172,2,0,0,0,0,0,0,0,0,0,0,0,0,0,0,170,0,0
Chile,2024-01-15,213,2,0,0,0,0,0,0,0,0,0,0,0,0,0,0,211,0,0
Chile,2024-01-29,190,1,0,0,0,0,0,0,0,0,0,0,0,0,0,0,189,0,0
Chile,2024-02-12,190,0,0,0,0,0,0,0,0,0,0,0,0,0,0,0,190,0,0
Chile,2024-02-26,375,1,0,0,0,0,0,0,0,0,0,0,0,0,0,0,374,0,0
Chile,2024-03-11,284,2,0,0,0,0,0,0,0,0,0,0,0,0,0,0,282,0,0
Chile,2024-03-25,80,0,0,0,0,0,0,0,0,0,0,0,0,0,0,0,80,0,0
Chile,2024-04-08,22,3,0,0,0,0,0,0,0,0,0,0,0,0,0,0,19,0,0
Chile,2024-04-22,9,0,0,0,0,0,0,0,0,0,0,0,0,0,0,0,9,0,0
Chile,2024-05-06,2,0,0,0,0,0,0,0,0,0,0,0,0,0,0,0,2,0,0
Chile,2024-07-01,9,0,0,0,0,0,0,0,0,0,0,0,0,0,0,0,9,0,0
Chile,2024-07-15,14,0,0,0,0,0,0,0,0,0,0,0,0,0,0,0,14,0,0
Chile,2024-07-29,27,0,0,0,0,0,0,0,0,0,0,0,0,0,0,0,27,0,0
China,2020-04-27,17,0,0,0,0,0,0,0,0,0,0,3,0,0,0,0,0,0,14
China,2020-05-11,1,0,0,0,0,0,0,0,0,0,0,0,0,0,0,0,0,0,1
China,2020-05-25,3,0,0,0,0,0,0,0,0,0,0,1,0,0,0,0,0,0,2
China,2020-06-08,7,0,0,0,0,0,0,0,0,0,0,1,0,0,0,0,0,0,6
China,2020-06-22,4,0,0,0,0,0,0,0,0,0,0,1,0,0,0,0,0,0,3
China,2020-07-06,3,0,0,0,0,0,0,0,0,0,0,1,0,0,0,0,0,0,2
China,2020-07-20,5,0,0,0,0,0,0,0,0,0,0,1,0,0,0,0,0,0,4
China,2020-08-03,8,0,0,0,0,0,0,0,0,0,0,1,0,0,0,0,0,0,7
China,2020-08-17,16,0,0,0,0,0,0,0,0,0,0,3,0,0,0,0,0,0,13
China,2020-08-31,5,0,0,0,0,0,0,0,0,0,0,1,0,0,0,0,0,0,4
China,2020-09-14,5,0,0,0,0,0,0,0,0,0,0,1,0,0,0,0,0,0,4
China,2020-09-28,12,0,0,0,0,0,0,0,0,0,0,2,0,0,0,0,0,0,10
China,2020-10-26,1,0,0,0,0,0,0,0,0,0,0,0,0,0,0,0,0,0,1
China,2020-12-07,3,0,0,0,0,0,0,0,0,0,0,1,0,0,0,0,0,0,2
China,2020-12-21,16,0,0,1,0,0,1,0,0,0,0,2,0,0,0,0,0,0,12
China,2021-01-04,17,0,0,1,0,0,0,2,0,0,0,3,0,1,0,0,0,1,9
China,2021-01-18,26,0,0,1,0,0,2,3,0,0,0,5,0,1,0,0,0,1,13
China,2021-02-01,6,0,0,0,0,0,0,0,0,0,0,1,0,0,0,0,0,0,5
China,2021-03-15,3,0,0,0,0,0,1,0,0,0,0,0,0,0,0,0,0,0,2
China,2021-03-29,94,0,0,0,0,0,0,0,0,0,0,15,0,2,0,0,0,2,75
China,2021-04-12,18,0,0,0,0,0,0,2,2,9,0,0,0,1,0,2,0,0,2
China,2021-04-26,7,0,0,0,0,1,2,0,0,2,0,0,1,0,0,0,0,0,1
China,2021-05-10,46,0,0,0,0,0,0,4,0,12,0,0,0,2,2,12,0,0,14
China,2021-05-24,105,0,0,0,0,0,0,12,0,89,0,0,0,0,0,2,0,0,2
China,2021-06-07,63,0,0,0,0,0,0,0,0,59,0,0,0,0,0,0,0,0,4
China,2021-06-21,27,0,0,0,0,0,0,0,0,26,0,0,0,0,0,0,0,0,1
China,2021-07-05,83,0,2,0,0,0,2,0,0,77,0,0,0,0,0,0,0,0,2
China,2021-07-19,45,0,0,0,0,0,0,0,0,45,0,0,0,0,0,0,0,0,0
China,2021-08-02,57,0,0,0,0,0,0,0,0,57,0,0,0,0,0,0,0,0,0
China,2021-08-16,35,0,0,0,0,0,0,0,0,35,0,0,0,0,0,0,0,0,0
China,2021-08-30,91,0,0,0,0,0,0,0,0,91,0,0,0,0,0,0,0,0,0
China,2021-09-13,238,0,0,0,0,0,0,0,0,237,0,0,0,0,0,0,0,0,1
China,2021-09-27,41,0,0,0,0,0,0,0,0,41,0,0,0,0,0,0,0,0,0
China,2021-10-11,44,0,0,0,0,0,0,0,0,39,0,0,0,0,0,0,0,0,5
China,2021-10-25,196,0,0,0,0,0,0,0,0,196,0,0,0,0,0,0,0,0,0
China,2021-11-08,208,0,0,0,0,0,0,0,0,208,0,0,0,0,0,0,0,0,0
China,2021-11-22,37,0,0,0,0,0,0,0,0,36,0,0,0,0,0,0,1,0,0
China,2021-12-06,41,0,0,0,0,0,0,0,0,28,0,0,0,0,0,0,13,0,0
China,2021-12-20,66,0,0,0,0,0,0,0,0,4,0,0,0,0,0,0,61,0,1
China,2022-01-03,258,0,0,0,0,0,0,0,0,7,0,0,0,0,0,0,251,0,0
China,2022-01-17,197,0,0,0,0,0,0,0,0,109,0,0,0,0,0,0,88,0,0
China,2022-01-31,143,0,0,0,0,0,0,0,0,6,0,0,0,0,0,0,137,0,0
China,2022-02-14,127,0,0,0,0,0,0,0,0,4,0,0,0,0,0,0,123,0,0
China,2022-02-28,339,0,0,0,0,0,0,0,0,0,0,0,0,0,0,0,339,0,0
China,2022-03-14,387,1,0,0,0,0,0,0,0,0,0,0,0,0,0,0,386,0,0
China,2022-03-28,156,0,0,0,0,0,0,0,0,0,0,0,0,0,0,0,156,0,0
China,2022-04-11,119,0,0,0,0,0,0,0,0,0,0,0,0,0,0,0,119,0,0
China,2022-04-25,359,0,0,0,0,0,0,0,0,0,0,0,0,0,0,0,359,0,0
China,2022-05-09,450,0,0,0,0,0,0,0,0,2,0,0,0,0,0,0,448,0,0
China,2022-05-23,227,0,0,0,0,0,0,0,9,0,0,0,0,0,0,0,218,0,0
China,2022-06-06,151,0,0,0,0,0,0,0,4,0,0,0,0,0,0,0,147,0,0
China,2022-06-20,73,0,0,0,0,0,0,0,0,0,0,0,0,0,0,0,73,0,0
China,2022-07-04,120,1,0,0,0,0,0,0,0,0,0,0,0,0,0,0,119,0,0
China,2022-07-18,136,0,0,0,0,0,0,0,0,0,0,0,0,0,0,0,136,0,0
China,2022-08-01,515,0,0,0,0,0,0,0,0,0,0,0,0,0,0,0,515,0,0
China,2022-08-15,109,0,0,0,0,0,0,0,0,0,0,0,0,0,0,0,109,0,0
China,2022-08-29,242,0,0,0,0,0,0,0,0,0,0,0,0,0,0,0,242,0,0
China,2022-09-12,202,0,0,0,0,0,0,0,0,0,0,0,0,0,0,0,202,0,0
China,2022-09-26,209,0,0,0,0,0,0,0,0,0,0,0,0,0,0,0,209,0,0
China,2022-10-10,230,0,0,0,0,0,0,0,0,0,0,0,0,0,0,0,230,0,0
China,2022-10-24,462,0,0,0,0,0,0,0,0,0,0,0,0,0,0,0,462,0,0
China,2022-11-07,1075,0,0,0,0,0,0,0,0,0,0,0,0,0,0,0,1075,0,0
China,2022-11-21,2217,2,0,0,0,0,0,0,0,0,0,0,0,0,0,0,2215,0,0
China,2022-12-05,1524,1,0,0,0,0,0,0,0,0,0,0,0,0,0,0,1523,0,0
China,2022-12-19,3518,0,0,0,0,0,0,0,0,0,0,0,0,0,0,0,3518,0,0
China,2023-01-02,4201,0,0,0,0,0,0,0,0,0,0,0,0,0,0,0,4201,0,0
China,2023-01-16,2119,0,0,0,0,0,0,0,0,0,0,0,0,0,0,0,2119,0,0
China,2023-01-30,1860,0,0,0,0,0,0,0,0,0,0,0,0,0,0,0,1860,0,0
China,2023-02-13,2230,1,0,0,0,0,0,0,0,0,0,0,0,0,0,0,2229,0,0
China,2023-02-27,2455,1,0,0,0,0,0,0,0,0,0,0,0,0,0,0,2454,0,0
China,2023-03-13,1961,4,0,0,0,0,0,0,0,0,0,0,0,0,0,0,1957,0,0
China,2023-03-27,1572,8,0,0,0,0,0,0,0,0,0,0,0,0,0,0,1564,0,0
China,2023-04-10,2179,20,0,0,0,0,0,0,0,0,0,0,0,0,0,0,2159,0,0
China,2023-04-24,4369,29,0,0,0,0,0,0,0,0,0,0,0,0,0,0,4340,0,0
China,2023-05-08,5065,36,0,0,0,0,0,0,0,0,0,0,0,0,0,0,5029,0,0
China,2023-05-22,4418,17,0,0,0,0,0,0,0,0,0,0,0,0,0,0,4401,0,0
China,2023-06-05,3194,9,0,0,0,0,0,0,0,0,0,0,0,0,0,0,3185,0,0
China,2023-06-19,2436,10,0,0,0,0,0,0,0,0,0,0,0,0,0,0,2426,0,0
China,2023-07-03,1793,3,0,0,0,0,0,0,0,0,0,0,0,0,0,0,1790,0,0
China,2023-07-17,1699,2,0,0,0,0,0,0,0,0,0,0,0,0,0,0,1697,0,0
China,2023-07-31,1822,5,0,0,0,0,0,0,0,0,0,0,0,0,0,0,1817,0,0
China,2023-08-14,1933,6,0,0,0,0,0,0,0,0,0,0,0,0,0,0,1927,0,0
China,2023-08-28,1974,11,0,0,0,0,0,0,0,0,0,0,0,0,0,0,1963,0,0
China,2023-09-11,1871,15,0,0,0,0,0,0,0,0,0,0,0,0,0,0,1856,0,0
China,2023-09-25,1236,3,0,0,0,0,0,0,0,0,0,0,0,0,0,0,1233,0,0
China,2023-10-09,1456,7,0,0,0,0,0,0,0,0,0,0,0,0,0,0,1449,0,0
China,2023-10-23,875,6,0,0,0,0,0,0,0,0,0,0,0,0,0,0,869,0,0
China,2023-11-06,731,6,0,0,0,0,0,0,0,0,0,0,0,0,0,0,725,0,0
China,2023-11-20,453,5,0,0,0,0,0,0,0,0,0,0,0,0,0,0,448,0,0
China,2023-12-04,433,7,0,0,0,0,0,0,0,0,0,0,0,0,0,0,426,0,0
China,2023-12-18,405,11,0,0,0,0,0,0,0,0,0,0,0,0,0,0,394,0,0
China,2024-01-01,230,2,0,0,0,0,0,0,0,0,0,0,0,0,0,0,228,0,0
China,2024-01-15,506,12,0,0,0,0,0,0,0,0,0,0,0,0,0,0,494,0,0
China,2024-01-29,800,13,0,0,0,0,0,0,0,0,0,0,0,0,0,0,787,0,0
China,2024-02-12,1430,31,0,0,0,0,0,0,0,0,0,0,0,0,0,0,1399,0,0
China,2024-02-26,1867,25,0,0,0,0,0,0,0,0,0,0,0,0,0,0,1842,0,0
China,2024-03-11,1823,34,0,0,0,0,0,0,0,0,0,0,0,0,0,0,1789,0,0
China,2024-03-25,1126,29,0,0,0,0,0,0,0,0,0,0,0,0,0,0,1097,0,0
China,2024-04-08,1085,25,0,0,0,0,0,0,0,0,0,0,0,0,0,0,1060,0,0
China,2024-04-22,764,7,0,0,0,0,0,0,0,0,0,0,0,0,0,0,757,0,0
China,2024-05-06,907,8,0,0,0,0,0,0,0,0,0,0,0,0,0,0,899,0,0
China,2024-07-01,706,2,0,0,0,0,0,0,0,0,0,0,0,0,0,0,704,0,0
China,2024-07-15,821,2,0,0,0,0,0,0,0,0,0,0,0,0,0,0,819,0,0
China,2024-07-29,909,1,0,0,0,0,0,0,0,0,0,0,0,0,0,0,908,0,0
Colombia,2020-04-27,82,0,0,0,0,0,0,0,0,0,0,0,0,0,0,0,0,0,82
Colombia,2020-05-11,3,0,0,0,0,0,0,0,0,0,0,0,0,0,0,0,0,0,3
Colombia,2020-05-25,11,0,0,0,0,0,0,0,0,0,0,0,0,0,0,0,0,0,11
Colombia,2020-06-08,20,0,0,0,0,0,0,0,0,0,0,0,0,0,0,0,0,0,20
Colombia,2020-06-22,21,0,0,0,0,0,0,0,0,0,0,0,0,0,0,0,0,0,21
Colombia,2020-07-06,22,0,0,0,0,0,0,0,0,0,0,0,0,0,0,0,0,0,22
Colombia,2020-07-20,14,0,0,0,0,0,0,0,0,0,0,0,0,0,0,0,0,0,14
Colombia,2020-08-03,11,0,0,0,0,0,0,0,0,0,0,0,0,0,0,0,0,0,11
Colombia,2020-08-17,8,0,0,0,0,0,0,0,0,0,0,0,0,0,0,0,0,0,8
Colombia,2020-08-31,4,0,0,0,0,0,0,0,0,0,0,0,0,0,0,0,0,0,4
Colombia,2020-09-14,5,0,0,0,0,0,0,0,0,0,0,0,0,0,0,0,0,0,5
Colombia,2020-09-28,12,0,0,0,0,0,0,0,0,0,0,0,0,0,0,0,0,0,12
Colombia,2020-10-12,14,0,0,0,0,0,0,0,0,0,0,0,0,0,0,0,0,0,14
Colombia,2020-10-26,17,0,0,0,0,0,0,0,0,0,0,0,0,0,0,0,0,0,17
Colombia,2020-11-09,28,0,0,0,0,0,0,0,0,0,0,0,0,0,0,0,0,0,28
Colombia,2020-11-23,34,0,0,0,0,0,0,0,0,0,0,0,0,0,0,0,0,0,34
Colombia,2020-12-07,39,0,0,0,0,0,0,0,0,0,0,0,0,0,0,0,0,0,39
Colombia,2020-12-21,57,0,0,0,0,0,0,0,0,0,0,0,0,0,0,0,0,0,57
Colombia,2021-01-04,59,0,10,1,1,1,0,0,2,0,0,1,0,0,0,2,0,0,41
Colombia,2021-01-18,40,0,0,0,0,0,2,0,7,0,1,0,4,0,0,0,0,0,26
Colombia,2021-02-01,20,0,0,0,0,0,1,0,6,1,0,0,2,0,0,0,0,0,10
Colombia,2021-02-15,13,0,0,0,0,0,0,0,3,0,0,0,1,0,0,4,0,0,5
Colombia,2021-03-01,45,0,0,0,0,0,2,2,3,3,0,0,3,0,0,14,0,1,17
Colombia,2021-03-15,64,0,1,0,0,0,1,10,10,0,1,0,2,2,0,17,0,0,20
Colombia,2021-03-29,458,0,1,1,0,0,7,37,99,0,3,1,10,1,13,203,0,0,82
Colombia,2021-04-12,424,0,1,0,0,0,3,48,111,0,2,0,6,0,18,185,0,0,50
Colombia,2021-04-26,279,0,0,0,0,0,2,9,61,0,1,0,4,2,11,163,0,0,26
Colombia,2021-05-10,260,0,0,0,0,0,2,4,56,1,1,0,3,0,14,158,0,0,21
Colombia,2021-05-24,246,0,0,0,0,0,0,6,37,1,0,0,1,0,8,189,0,0,4
Colombia,2021-06-07,255,0,0,0,0,0,0,0,33,1,0,0,1,0,7,211,0,0,2
Colombia,2021-06-21,335,0,0,0,0,0,0,0,38,6,0,0,1,0,17,270,0,0,3
Colombia,2021-07-05,632,0,0,0,0,0,1,0,53,30,0,0,1,0,12,526,0,0,9
Colombia,2021-07-19,630,0,0,0,0,0,0,1,40,46,0,0,1,0,12,525,0,0,5
Colombia,2021-08-02,839,0,0,0,0,0,1,1,42,140,0,0,0,0,12,637,0,0,6
Colombia,2021-08-16,686,0,0,0,0,0,0,2,24,248,0,0,0,0,3,407,0,0,2
Colombia,2021-08-30,315,0,0,0,0,0,0,0,3,176,0,0,0,0,1,135,0,0,0
Colombia,2021-09-13,680,0,0,0,0,0,0,0,11,451,0,0,0,0,1,216,0,0,1
Colombia,2021-09-27,812,0,0,0,0,0,0,1,3,657,0,0,0,0,0,151,0,0,0
Colombia,2021-10-11,628,0,0,0,0,0,0,0,2,554,0,0,0,0,0,72,0,0,0
Colombia,2021-10-25,672,0,0,0,0,0,0,0,1,625,0,0,0,0,0,45,0,0,1
Colombia,2021-11-08,578,0,0,0,0,0,0,0,1,552,0,0,0,0,0,25,0,0,0
Colombia,2021-11-22,509,0,0,0,0,0,0,0,1,498,0,0,0,0,0,10,0,0,0
Colombia,2021-12-06,308,0,0,0,0,0,0,0,0,242,0,0,0,0,0,9,56,0,1
Colombia,2021-12-20,646,0,0,0,0,0,0,0,0,69,0,0,0,0,0,0,577,0,0
Colombia,2022-01-03,1543,0,0,0,0,0,0,0,0,51,0,0,0,0,0,0,1491,0,1
Colombia,2022-01-17,489,0,0,0,0,0,0,0,0,4,0,0,0,0,0,0,485,0,0
Colombia,2022-01-31,406,0,0,0,0,0,0,0,0,1,0,0,0,0,0,0,405,0,0
Colombia,2022-02-14,240,0,0,0,0,0,0,0,0,0,0,0,0,0,0,0,240,0,0
Colombia,2022-02-28,135,0,0,0,0,0,0,0,0,1,0,0,0,0,0,0,134,0,0
Colombia,2022-03-14,129,5,0,0,0,0,0,0,0,0,0,0,0,0,0,0,124,0,0
Colombia,2022-03-28,186,2,0,0,0,0,0,0,0,1,0,0,0,0,0,0,183,0,0
Colombia,2022-04-11,156,10,0,0,0,0,0,0,0,0,0,0,0,0,0,0,146,0,0
Colombia,2022-04-25,261,6,0,0,0,0,0,0,0,0,0,0,0,0,0,0,255,0,0
Colombia,2022-05-09,284,5,0,0,0,0,0,0,0,0,0,0,0,0,0,0,279,0,0
Colombia,2022-05-23,445,12,0,0,0,0,0,0,0,0,0,0,0,0,0,0,433,0,0
Colombia,2022-06-06,805,15,0,0,0,0,0,0,0,0,0,0,0,0,0,0,790,0,0
Colombia,2022-06-20,468,4,0,0,0,0,0,0,0,0,0,0,0,0,0,0,464,0,0
Colombia,2022-07-04,362,2,0,0,0,0,0,0,0,0,0,0,0,0,0,0,360,0,0
Colombia,2022-07-18,360,0,0,0,0,0,0,0,0,0,0,0,0,0,0,0,360,0,0
Colombia,2022-08-01,291,0,0,0,0,0,0,0,0,0,0,0,0,0,0,0,291,0,0
Colombia,2022-08-15,245,0,0,0,0,0,0,0,0,0,0,0,0,0,0,0,245,0,0
Colombia,2022-08-29,113,0,0,0,0,0,0,0,0,0,0,0,0,0,0,0,113,0,0
Colombia,2022-09-12,51,0,0,0,0,0,0,0,0,0,0,0,0,0,0,0,51,0,0
Colombia,2022-09-26,27,0,0,0,0,0,0,0,0,0,0,0,0,0,0,0,27,0,0
Colombia,2022-10-10,68,0,0,0,0,0,0,0,0,0,0,0,0,0,0,0,68,0,0
Colombia,2022-10-24,162,0,0,0,0,0,0,0,0,0,0,0,0,0,0,0,162,0,0
Colombia,2022-11-07,211,1,0,0,0,0,0,0,0,0,0,0,0,0,0,0,210,0,0
Colombia,2022-11-21,268,0,0,0,0,0,0,0,0,0,0,0,0,0,0,0,268,0,0
Colombia,2022-12-05,382,0,0,0,0,0,0,0,0,0,0,0,0,0,0,0,382,0,0
Colombia,2022-12-19,173,1,0,0,0,0,0,0,0,0,0,0,0,0,0,0,172,0,0
Colombia,2023-01-02,147,0,0,0,0,0,0,0,0,0,0,0,0,0,0,0,147,0,0
Colombia,2023-01-16,43,0,0,0,0,0,0,0,0,0,0,0,0,0,0,0,43,0,0
Colombia,2023-01-30,62,0,0,0,0,0,0,0,0,0,0,0,0,0,0,0,62,0,0
Colombia,2023-02-13,130,0,0,0,0,0,0,0,0,0,0,0,0,0,0,0,130,0,0
Colombia,2023-02-27,147,0,0,0,0,0,0,0,0,0,0,0,0,0,0,0,147,0,0
Colombia,2023-03-13,105,0,0,0,0,0,0,0,0,0,0,0,0,0,0,0,105,0,0
Colombia,2023-03-27,55,0,0,0,0,0,0,0,0,0,0,0,0,0,0,0,55,0,0
Colombia,2023-04-10,73,0,0,0,0,0,0,0,0,0,0,0,0,0,0,0,73,0,0
Colombia,2023-04-24,82,0,0,0,0,0,0,0,0,0,0,0,0,0,0,0,82,0,0
Colombia,2023-05-08,150,0,0,0,0,0,0,0,0,0,0,0,0,0,0,0,150,0,0
Colombia,2023-05-22,193,0,0,0,0,0,0,0,0,0,0,0,0,0,0,0,193,0,0
Colombia,2023-06-05,156,0,0,0,0,0,0,0,0,0,0,0,0,0,0,0,156,0,0
Colombia,2023-06-19,125,0,0,0,0,0,0,0,0,0,0,0,0,0,0,0,125,0,0
Colombia,2023-07-03,128,0,0,0,0,0,0,0,0,0,0,0,0,0,0,0,128,0,0
Colombia,2023-07-17,69,0,0,0,0,0,0,0,0,0,0,0,0,0,0,0,69,0,0
Colombia,2023-07-31,76,0,0,0,0,0,0,0,0,0,0,0,0,0,0,0,76,0,0
Colombia,2023-08-14,41,0,0,0,0,0,0,0,0,0,0,0,0,0,0,0,41,0,0
Colombia,2023-08-28,65,0,0,0,0,0,0,0,0,0,0,0,0,0,0,0,65,0,0
Colombia,2023-09-11,49,0,0,0,0,0,0,0,0,0,0,0,0,0,0,0,49,0,0
Colombia,2023-09-25,31,0,0,0,0,0,0,0,0,0,0,0,0,0,0,0,31,0,0
Colombia,2023-10-09,15,2,0,0,0,0,0,0,0,0,0,0,0,0,0,0,13,0,0
Colombia,2023-10-23,20,0,0,0,0,0,0,0,0,0,0,0,0,0,0,0,20,0,0
Colombia,2023-11-06,11,0,0,0,0,0,0,0,0,0,0,0,0,0,0,0,11,0,0
Colombia,2023-11-20,16,0,0,0,0,0,0,0,0,0,0,0,0,0,0,0,16,0,0
Colombia,2023-12-04,26,0,0,0,0,0,0,0,0,0,0,0,0,0,0,0,26,0,0
Colombia,2023-12-18,70,1,0,0,0,0,0,0,0,0,0,0,0,0,0,0,69,0,0
Colombia,2024-01-01,81,0,0,0,0,0,0,0,0,0,0,0,0,0,0,0,81,0,0
Colombia,2024-01-15,30,0,0,0,0,0,0,0,0,0,0,0,0,0,0,0,30,0,0
Colombia,2024-01-29,15,0,0,0,0,0,0,0,0,0,0,0,0,0,0,0,15,0,0
Colombia,2024-02-12,8,1,0,0,0,0,0,0,0,0,0,0,0,0,0,0,7,0,0
Colombia,2024-02-26,4,0,0,0,0,0,0,0,0,0,0,0,0,0,0,0,4,0,0
Colombia,2024-03-11,1,0,0,0,0,0,0,0,0,0,0,0,0,0,0,0,1,0,0
Colombia,2024-03-25,1,0,0,0,0,0,0,0,0,0,0,0,0,0,0,0,1,0,0
Colombia,2024-04-08,1,0,0,0,0,0,0,0,0,0,0,0,0,0,0,0,1,0,0
Colombia,2024-05-06,3,0,0,0,0,0,0,0,0,0,0,0,0,0,0,0,3,0,0
Colombia,2024-07-01,12,0,0,0,0,0,0,0,0,0,0,0,0,0,0,0,12,0,0
Colombia,2024-07-15,17,0,0,0,0,0,0,0,0,0,0,0,0,0,0,0,17,0,0
Colombia,2024-07-29,13,0,0,0,0,0,0,0,0,0,0,0,0,0,0,0,13,0,0
Congo,2020-05-25,3,3,0,0,0,0,0,0,0,0,0,0,0,0,0,0,0,0,0
Congo,2020-06-22,4,4,0,0,0,0,0,0,0,0,0,0,0,0,0,0,0,0,0
Congo,2020-11-23,4,4,0,0,0,0,0,0,0,0,0,0,0,0,0,0,0,0,0
Congo,2020-12-07,27,0,4,1,0,4,0,0,0,0,0,0,0,0,0,0,0,0,18
Congo,2020-12-21,24,23,0,0,0,0,0,0,0,0,0,0,0,0,0,0,0,0,1
Congo,2021-01-04,16,16,0,0,0,0,0,0,0,0,0,0,0,0,0,0,0,0,0
Congo,2021-01-18,7,7,0,0,0,0,0,0,0,0,0,0,0,0,0,0,0,0,0
Congo,2021-02-01,16,16,0,0,0,0,0,0,0,0,0,0,0,0,0,0,0,0,0
Congo,2021-02-15,36,0,0,2,0,2,1,1,1,0,0,8,0,3,0,0,0,1,17
Congo,2021-03-01,9,0,0,0,0,0,0,2,4,1,0,0,0,1,0,0,0,0,1
Congo,2021-03-29,4,0,0,0,0,0,0,4,0,0,0,0,0,0,0,0,0,0,0
Congo,2021-04-12,2,0,0,0,0,0,0,1,0,0,0,0,0,0,0,0,0,0,1
Congo,2021-04-26,2,0,0,0,0,0,0,1,0,0,0,0,0,0,0,0,0,0,1
Congo,2021-05-10,40,0,27,0,0,2,0,9,0,0,0,0,0,0,0,0,0,0,2
Congo,2021-05-24,33,0,19,0,0,1,0,11,0,1,0,0,0,0,0,0,0,0,1
Congo,2021-06-07,17,0,11,0,0,1,0,2,0,1,0,0,0,0,0,0,0,0,2
Congo,2021-06-21,23,0,16,0,0,0,0,3,0,4,0,0,0,0,0,0,0,0,0
Congo,2021-07-05,10,0,7,0,0,0,0,0,0,2,0,0,0,0,0,0,0,0,1
Congo,2021-07-19,3,0,1,0,0,0,0,0,0,2,0,0,0,0,0,0,0,0,0
Congo,2021-08-02,3,0,0,0,0,0,0,0,0,2,0,0,0,0,0,0,0,0,1
Congo,2021-08-16,7,0,0,0,0,0,0,0,0,7,0,0,0,0,0,0,0,0,0
Congo,2021-08-30,6,0,0,0,0,0,0,0,0,6,0,0,0,0,0,0,0,0,0
Congo,2021-09-13,15,0,0,0,0,0,0,0,0,14,0,0,0,0,0,0,0,0,1
Congo,2021-09-27,15,0,0,0,0,0,0,0,0,14,0,0,0,0,0,0,0,0,1
Congo,2021-10-11,10,0,0,0,0,0,0,0,0,7,0,0,0,0,0,0,0,0,3
Congo,2021-10-25,40,0,0,0,0,1,0,0,1,18,0,0,0,0,0,1,0,0,19
Congo,2021-11-08,15,0,0,0,0,0,0,0,0,7,0,0,0,0,0,1,0,0,7
Congo,2021-11-22,12,0,0,0,0,0,0,0,0,6,0,0,0,0,0,0,1,0,5
Congo,2021-12-06,43,2,0,0,0,0,0,0,0,2,0,0,0,0,0,0,38,0,1
Congo,2021-12-20,12,0,0,0,0,0,0,0,0,0,0,0,0,0,0,0,12,0,0
Congo,2022-01-03,4,0,0,0,0,0,0,0,0,0,0,0,0,0,0,0,4,0,0
Congo,2022-01-31,2,0,0,0,0,0,0,0,0,1,0,0,0,0,0,0,0,0,1
Congo,2022-05-23,5,0,0,0,0,0,0,0,0,0,0,0,0,0,0,0,5,0,0
Congo,2022-06-06,2,0,0,0,0,0,0,0,0,0,0,0,0,0,0,0,2,0,0
Congo,2022-06-20,5,0,0,0,0,0,0,0,0,0,0,0,0,0,0,0,5,0,0
Congo,2022-07-04,6,0,0,0,0,0,0,0,0,1,0,0,0,0,0,0,5,0,0
Congo,2022-08-15,2,0,0,0,0,0,0,0,0,0,0,0,0,0,0,0,2,0,0
Congo,2022-08-29,2,0,0,0,0,0,0,0,0,0,0,0,0,0,0,0,2,0,0
Congo,2022-09-12,7,0,0,0,0,0,0,0,0,0,0,0,0,0,0,0,7,0,0
Congo,2022-09-26,2,0,0,0,0,0,0,0,0,0,0,0,0,0,0,0,2,0,0
Cook Islands,2022-01-31,1,0,0,0,0,0,0,0,0,0,0,0,0,0,0,0,1,0,0
Cook Islands,2022-02-14,5,0,0,0,0,0,0,0,0,0,0,0,0,0,0,0,5,0,0
Cook Islands,2022-02-28,41,0,0,0,0,0,0,0,0,0,0,0,0,0,0,0,41,0,0
Cook Islands,2022-03-14,23,0,0,0,0,0,0,0,0,0,0,0,0,0,0,0,23,0,0
Cook Islands,2022-03-28,28,0,0,0,0,0,0,0,0,0,0,0,0,0,0,0,28,0,0
Cook Islands,2022-04-11,12,0,0,0,0,0,0,0,0,0,0,0,0,0,0,0,12,0,0
Cook Islands,2022-04-25,9,0,0,0,0,0,0,0,0,0,0,0,0,0,0,0,9,0,0
Cook Islands,2022-05-09,4,0,0,0,0,0,0,0,0,0,0,0,0,0,0,0,4,0,0
Cook Islands,2022-06-06,2,0,0,0,0,0,0,0,0,0,0,0,0,0,0,0,2,0,0
Cook Islands,2022-07-04,1,0,0,0,0,0,0,0,0,0,0,0,0,0,0,0,1,0,0
Cook Islands,2022-07-18,8,0,0,0,0,0,0,0,0,0,0,0,0,0,0,0,8,0,0
Cook Islands,2022-10-10,1,0,0,0,0,0,0,0,0,0,0,0,0,0,0,0,1,0,0
Cook Islands,2023-01-02,8,0,0,0,0,0,0,0,0,0,0,0,0,0,0,0,8,0,0
Cook Islands,2023-01-16,8,0,0,0,0,0,0,0,0,0,0,0,0,0,0,0,8,0,0
Cook Islands,2023-05-22,9,0,0,0,0,0,0,0,0,0,0,0,0,0,0,0,9,0,0
Costa Rica,2020-05-25,8,0,0,0,0,0,0,0,0,0,0,0,0,0,0,0,0,0,8
Costa Rica,2020-06-08,15,0,0,0,0,0,0,0,0,0,0,0,0,0,0,0,0,0,15
Costa Rica,2020-06-22,19,0,0,0,0,0,0,0,0,0,0,0,0,0,0,0,0,0,19
Costa Rica,2020-07-06,22,0,0,0,0,0,0,0,0,0,0,0,0,0,0,0,0,0,22
Costa Rica,2020-07-20,13,0,0,0,0,0,0,0,0,0,0,0,0,0,0,0,0,0,13
Costa Rica,2020-08-03,12,0,0,0,0,0,0,0,0,0,0,0,0,0,0,0,0,0,12
Costa Rica,2020-08-17,3,0,0,0,0,0,0,0,0,0,0,0,0,0,0,0,0,0,3
Costa Rica,2020-08-31,7,0,0,0,0,0,0,0,0,0,0,0,0,0,0,0,0,0,7
Costa Rica,2020-09-14,6,0,0,0,0,0,0,0,0,0,0,0,0,0,0,0,0,0,6
Costa Rica,2020-09-28,9,0,0,0,0,0,0,0,0,0,0,0,0,0,0,0,0,0,9
Costa Rica,2020-10-12,7,0,0,0,0,0,0,0,0,0,0,0,0,0,0,0,0,0,7
Costa Rica,2020-10-26,8,0,0,0,0,0,0,0,0,0,0,0,0,0,0,0,0,0,8
Costa Rica,2020-11-09,10,0,0,0,0,0,0,0,0,0,0,0,0,0,0,0,0,0,10
Costa Rica,2020-11-23,9,0,0,0,0,0,0,0,0,0,0,0,0,0,0,0,0,0,9
Costa Rica,2020-12-07,14,0,0,0,0,0,0,0,0,0,0,0,0,0,0,0,0,0,14
Costa Rica,2020-12-21,37,0,0,2,0,1,0,0,0,0,0,2,0,0,0,0,0,0,32
Costa Rica,2021-01-04,23,0,0,0,0,0,0,0,0,0,0,0,0,0,0,0,0,0,23
Costa Rica,2021-01-18,44,0,0,0,0,0,0,0,0,0,0,0,0,0,0,0,0,0,44
Costa Rica,2021-02-01,32,0,0,0,0,7,2,0,0,0,0,0,0,0,0,0,0,0,23
Costa Rica,2021-02-15,32,0,0,1,0,2,2,1,0,0,0,0,0,1,0,0,0,0,25
Costa Rica,2021-03-01,77,0,1,1,0,3,2,10,1,0,1,2,1,0,0,0,0,2,53
Costa Rica,2021-03-15,65,0,0,0,0,0,5,12,3,0,1,3,2,1,0,0,0,2,36
Costa Rica,2021-03-29,63,0,0,0,0,1,1,23,9,0,1,4,0,0,0,0,0,1,23
Costa Rica,2021-04-12,63,0,0,2,0,0,0,29,12,0,1,1,0,0,0,0,0,0,18
Costa Rica,2021-04-26,44,0,0,0,0,1,1,26,7,0,0,2,0,0,0,0,0,0,7
Costa Rica,2021-05-10,23,0,0,0,0,0,0,12,3,0,0,0,0,1,0,0,0,0,7
Costa Rica,2021-05-24,21,0,0,0,0,0,0,9,2,0,0,0,0,0,0,2,0,0,8
Costa Rica,2021-06-07,20,0,0,0,0,0,0,1,6,3,0,0,0,0,0,3,0,0,7
Costa Rica,2021-06-21,53,0,0,0,0,0,0,6,15,11,0,1,0,0,0,13,0,0,7
Costa Rica,2021-07-05,38,0,0,0,0,0,0,2,3,20,0,0,0,0,0,5,0,0,8
Costa Rica,2021-07-19,53,0,0,0,0,0,0,0,2,49,0,0,0,0,1,0,0,0,1
Costa Rica,2021-08-02,54,0,0,0,0,0,0,1,6,45,0,0,0,0,1,1,0,0,0
Costa Rica,2021-08-16,52,0,0,0,0,0,0,0,1,49,0,0,0,0,0,2,0,0,0
Costa Rica,2021-08-30,58,0,0,0,0,0,0,0,2,53,0,0,0,0,1,2,0,0,0
Costa Rica,2021-09-13,61,0,0,0,0,0,0,0,3,58,0,0,0,0,0,0,0,0,0
Costa Rica,2021-09-27,111,0,0,0,0,0,0,0,0,110,0,0,0,0,0,1,0,0,0
Costa Rica,2021-10-11,160,0,0,0,0,0,0,0,0,160,0,0,0,0,0,0,0,0,0
Costa Rica,2021-10-25,181,0,0,0,0,0,0,0,1,180,0,0,0,0,0,0,0,0,0
Costa Rica,2021-11-08,116,0,0,0,0,0,0,0,0,115,0,0,0,0,0,1,0,0,0
Costa Rica,2021-11-22,138,0,0,0,0,0,0,0,0,138,0,0,0,0,0,0,0,0,0
Costa Rica,2021-12-06,140,0,0,0,0,0,0,0,0,112,0,0,0,0,0,0,28,0,0
Costa Rica,2021-12-20,218,0,0,0,0,0,0,0,0,39,0,0,0,0,0,0,179,0,0
Costa Rica,2022-01-03,191,0,0,0,0,0,0,0,0,8,0,0,0,0,0,0,183,0,0
Costa Rica,2022-01-17,195,0,0,0,0,0,0,0,0,0,0,0,0,0,0,0,195,0,0
Costa Rica,2022-01-31,201,0,0,0,0,0,0,0,0,0,0,0,0,0,0,0,201,0,0
Costa Rica,2022-02-14,212,1,0,0,0,0,0,0,0,0,0,0,0,0,0,0,211,0,0
Costa Rica,2022-02-28,175,2,0,0,0,0,0,0,0,0,0,0,0,0,0,0,173,0,0
Costa Rica,2022-03-14,173,8,0,0,0,0,0,0,0,0,0,0,0,0,0,0,165,0,0
Costa Rica,2022-03-28,183,9,0,0,0,0,0,0,0,0,0,0,0,0,0,0,174,0,0
Costa Rica,2022-04-11,172,7,0,0,0,0,0,0,0,0,0,0,0,0,0,0,165,0,0
Costa Rica,2022-04-25,251,21,0,0,0,0,0,0,0,0,0,0,0,0,0,0,230,0,0
Costa Rica,2022-05-09,326,28,0,0,0,0,0,0,0,0,0,0,0,0,0,0,298,0,0
Costa Rica,2022-05-23,209,19,0,0,0,0,0,0,0,0,0,0,0,0,0,0,190,0,0
Costa Rica,2022-06-06,312,38,0,0,0,0,0,0,0,0,0,0,0,0,0,0,274,0,0
Costa Rica,2022-06-20,349,15,0,0,0,0,0,0,0,0,0,0,0,0,0,0,334,0,0
Costa Rica,2022-07-04,348,4,0,0,0,0,0,0,0,0,0,0,0,0,0,0,344,0,0
Costa Rica,2022-07-18,336,3,0,0,0,0,0,0,0,0,0,0,0,0,0,0,333,0,0
Costa Rica,2022-08-01,382,2,0,0,0,0,0,0,0,0,0,0,0,0,0,0,380,0,0
Costa Rica,2022-08-15,230,1,0,0,0,0,0,0,0,0,0,0,0,0,0,0,229,0,0
Costa Rica,2022-08-29,221,6,0,0,0,0,0,0,0,0,0,0,0,0,0,0,215,0,0
Costa Rica,2022-09-12,196,1,0,0,0,0,0,0,0,0,0,0,0,0,0,0,195,0,0
Costa Rica,2022-09-26,214,0,0,0,0,0,0,0,0,0,0,0,0,0,0,0,214,0,0
Costa Rica,2022-10-10,248,0,0,0,0,0,0,0,0,0,0,0,0,0,0,0,248,0,0
Costa Rica,2022-10-24,273,0,0,0,0,0,0,0,0,0,0,0,0,0,0,0,273,0,0
Costa Rica,2022-11-07,353,0,0,0,0,0,0,0,0,0,0,0,0,0,0,0,353,0,0
Costa Rica,2022-11-21,270,0,0,0,0,0,0,0,0,0,0,0,0,0,0,0,270,0,0
Costa Rica,2022-12-05,308,0,0,0,0,0,0,0,0,0,0,0,0,0,0,0,308,0,0
Costa Rica,2022-12-19,182,0,0,0,0,0,0,0,0,0,0,0,0,0,0,0,182,0,0
Costa Rica,2023-01-02,292,0,0,0,0,0,0,0,0,0,0,0,0,0,0,0,292,0,0
Costa Rica,2023-01-16,335,0,0,0,0,0,0,0,0,0,0,0,0,0,0,0,335,0,0
Costa Rica,2023-01-30,316,0,0,0,0,0,0,0,0,0,0,0,0,0,0,0,316,0,0
Costa Rica,2023-02-13,261,0,0,0,0,0,0,0,0,0,0,0,0,0,0,0,261,0,0
Costa Rica,2023-02-27,149,0,0,0,0,0,0,0,0,0,0,0,0,0,0,0,149,0,0
Costa Rica,2023-03-13,102,0,0,0,0,0,0,0,0,0,0,0,0,0,0,0,102,0,0
Costa Rica,2023-03-27,120,0,0,0,0,0,0,0,0,0,0,0,0,0,0,0,120,0,0
Costa Rica,2023-04-10,134,0,0,0,0,0,0,0,0,0,0,0,0,0,0,0,134,0,0
Costa Rica,2023-04-24,153,0,0,0,0,0,0,0,0,0,0,0,0,0,0,0,153,0,0
Costa Rica,2023-05-08,170,0,0,0,0,0,0,0,0,0,0,0,0,0,0,0,170,0,0
Costa Rica,2023-05-22,104,0,0,0,0,0,0,0,0,0,0,0,0,0,0,0,104,0,0
Costa Rica,2023-06-05,119,0,0,0,0,0,0,0,0,0,0,0,0,0,0,0,119,0,0
Costa Rica,2023-06-19,94,0,0,0,0,0,0,0,0,0,0,0,0,0,0,0,94,0,0
Costa Rica,2023-07-03,65,0,0,0,0,0,0,0,0,0,0,0,0,0,0,0,65,0,0
Costa Rica,2023-07-17,65,0,0,0,0,0,0,0,0,0,0,0,0,0,0,0,65,0,0
Costa Rica,2023-07-31,30,1,0,0,0,0,0,0,0,0,0,0,0,0,0,0,29,0,0
Costa Rica,2023-08-14,26,0,0,0,0,0,0,0,0,0,0,0,0,0,0,0,26,0,0
Costa Rica,2023-08-28,60,0,0,0,0,0,0,0,0,0,0,0,0,0,0,0,60,0,0
Costa Rica,2023-09-11,39,0,0,0,0,0,0,0,0,0,0,0,0,0,0,0,39,0,0
Costa Rica,2023-09-25,19,0,0,0,0,0,0,0,0,0,0,0,0,0,0,0,19,0,0
Costa Rica,2023-10-09,20,0,0,0,0,0,0,0,0,0,0,0,0,0,0,0,20,0,0
Costa Rica,2023-10-23,35,1,0,0,0,0,0,0,0,0,0,0,0,0,0,0,34,0,0
Costa Rica,2023-11-06,44,0,0,0,0,0,0,0,0,0,0,0,0,0,0,0,44,0,0
Costa Rica,2023-11-20,41,0,0,0,0,0,0,0,0,0,0,0,0,0,0,0,41,0,0
Costa Rica,2023-12-04,63,0,0,0,0,0,0,0,0,0,0,0,0,0,0,0,63,0,0
Costa Rica,2023-12-18,38,0,0,0,0,0,0,0,0,0,0,0,0,0,0,0,38,0,0
Costa Rica,2024-01-01,88,0,0,0,0,0,0,0,0,0,0,0,0,0,0,0,88,0,0
Costa Rica,2024-01-15,152,0,0,0,0,0,0,0,0,0,0,0,0,0,0,0,152,0,0
Costa Rica,2024-01-29,92,0,0,0,0,0,0,0,0,0,0,0,0,0,0,0,92,0,0
Costa Rica,2024-02-12,64,0,0,0,0,0,0,0,0,0,0,0,0,0,0,0,64,0,0
Costa Rica,2024-02-26,11,0,0,0,0,0,0,0,0,0,0,0,0,0,0,0,11,0,0
Costa Rica,2024-03-11,11,0,0,0,0,0,0,0,0,0,0,0,0,0,0,0,11,0,0
Costa Rica,2024-03-25,5,0,0,0,0,0,0,0,0,0,0,0,0,0,0,0,5,0,0
Costa Rica,2024-04-08,4,0,0,0,0,0,0,0,0,0,0,0,0,0,0,0,4,0,0
Costa Rica,2024-04-22,3,0,0,0,0,0,0,0,0,0,0,0,0,0,0,0,3,0,0
Costa Rica,2024-05-06,11,0,0,0,0,0,0,0,0,0,0,0,0,0,0,0,11,0,0
Costa Rica,2024-07-01,163,5,0,0,0,0,0,0,0,0,0,0,0,0,0,0,158,0,0
Costa Rica,2024-07-15,182,2,0,0,0,0,0,0,0,0,0,0,0,0,0,0,180,0,0
Costa Rica,2024-07-29,115,0,0,0,0,0,0,0,0,0,0,0,0,0,0,0,115,0,0
Croatia,2020-08-17,3,0,1,0,0,0,0,0,0,0,0,0,0,0,0,0,0,0,2
Croatia,2020-08-31,9,0,2,0,0,0,0,0,0,0,0,0,0,0,0,0,0,0,7
Croatia,2020-09-14,1,0,0,0,0,0,0,0,0,0,0,0,0,0,0,0,0,0,1
Croatia,2020-09-28,11,0,1,0,0,0,0,0,0,0,0,0,0,0,0,0,0,0,10
Croatia,2020-11-09,29,0,14,0,0,1,0,0,0,0,0,0,0,0,0,0,0,0,14
Croatia,2020-12-07,1,0,0,0,0,0,0,0,0,0,0,0,0,0,0,0,0,0,1
Croatia,2020-12-21,8,0,2,0,0,1,0,0,0,0,0,0,0,0,0,0,0,0,5
Croatia,2021-01-04,34,0,15,0,0,5,0,0,0,0,0,0,0,0,0,0,0,0,14
Croatia,2021-01-18,44,0,20,0,0,9,0,9,0,0,0,0,0,0,0,0,0,0,6
Croatia,2021-02-01,321,0,144,0,0,54,2,88,0,0,0,0,0,4,0,0,0,0,29
Croatia,2021-02-15,526,0,139,0,0,74,5,276,0,0,0,0,1,0,0,0,0,0,31
Croatia,2021-03-01,564,0,92,0,0,18,8,440,0,0,0,0,2,0,0,0,0,0,4
Croatia,2021-03-15,655,0,30,0,0,3,1,617,0,0,0,0,2,0,0,0,0,0,2
Croatia,2021-03-29,591,0,10,0,0,0,0,576,0,0,0,0,3,0,0,0,0,0,2
Croatia,2021-04-12,458,0,8,0,0,28,2,404,1,3,0,0,4,0,0,0,0,0,8
Croatia,2021-04-26,715,0,5,0,0,0,0,709,0,0,0,0,1,0,0,0,0,0,0
Croatia,2021-05-10,492,0,1,0,0,0,0,484,0,3,1,0,2,0,0,0,0,0,1
Croatia,2021-05-24,337,0,0,0,0,0,0,291,0,44,0,0,1,0,0,0,0,0,1
Croatia,2021-06-07,190,0,1,0,0,0,0,117,2,70,0,0,0,0,0,0,0,0,0
Croatia,2021-06-21,268,0,0,0,0,0,0,45,2,220,0,0,0,0,0,0,0,0,1
Croatia,2021-07-05,361,0,0,1,0,0,0,30,0,328,0,0,0,0,0,1,0,0,1
Croatia,2021-07-19,493,0,0,1,0,0,0,12,1,479,0,0,0,0,0,0,0,0,0
Croatia,2021-08-02,614,0,0,0,0,0,0,4,0,610,0,0,0,0,0,0,0,0,0
Croatia,2021-08-16,888,0,0,0,0,0,0,4,0,884,0,0,0,0,0,0,0,0,0
Croatia,2021-08-30,855,0,0,0,0,0,0,0,0,855,0,0,0,0,0,0,0,0,0
Croatia,2021-09-13,720,0,0,0,0,0,0,0,0,720,0,0,0,0,0,0,0,0,0
Croatia,2021-09-27,624,0,0,0,0,0,0,0,0,624,0,0,0,0,0,0,0,0,0
Croatia,2021-10-11,740,0,0,0,0,0,0,0,0,740,0,0,0,0,0,0,0,0,0
Croatia,2021-10-25,703,0,0,0,0,0,0,0,0,703,0,0,0,0,0,0,0,0,0
Croatia,2021-11-08,730,0,0,0,0,0,0,0,0,730,0,0,0,0,0,0,0,0,0
Croatia,2021-11-22,955,0,0,0,0,0,0,0,0,954,0,0,0,0,0,0,1,0,0
Croatia,2021-12-06,2627,0,0,0,0,0,0,0,0,2610,0,0,0,0,0,0,17,0,0
Croatia,2021-12-20,2836,0,0,0,0,0,0,0,0,2414,0,0,0,0,0,0,422,0,0
Croatia,2022-01-03,3237,0,0,0,0,0,0,0,0,815,0,0,0,0,0,0,2422,0,0
Croatia,2022-01-17,2189,0,0,0,0,0,0,0,0,58,0,0,0,0,0,0,2131,0,0
Croatia,2022-01-31,2144,0,0,0,0,0,0,0,0,11,0,0,0,0,0,0,2133,0,0
Croatia,2022-02-14,1254,2,0,0,0,0,0,0,0,0,0,0,0,0,0,0,1252,0,0
Croatia,2022-02-28,1141,0,0,0,0,0,0,0,0,0,0,0,0,0,0,0,1141,0,0
Croatia,2022-03-14,931,0,0,0,0,0,0,0,0,0,0,0,0,0,0,0,931,0,0
Croatia,2022-03-28,945,0,0,0,0,0,0,0,0,0,0,0,0,0,0,0,945,0,0
Croatia,2022-04-11,568,3,0,0,0,0,0,0,0,0,0,0,0,0,0,0,565,0,0
Croatia,2022-04-25,572,8,0,0,0,0,0,0,0,0,0,0,0,0,0,0,564,0,0
Croatia,2022-05-09,509,3,0,0,0,0,0,0,0,0,0,0,0,0,0,0,506,0,0
Croatia,2022-05-23,424,7,0,0,0,0,0,0,0,0,0,0,0,0,0,0,417,0,0
Croatia,2022-06-06,394,6,0,0,0,0,0,0,0,0,0,0,0,0,0,0,388,0,0
Croatia,2022-06-20,584,24,0,0,0,0,0,0,0,0,0,0,0,0,0,0,560,0,0
Croatia,2022-07-04,820,21,0,0,0,0,0,0,0,0,0,0,0,0,0,0,799,0,0
Croatia,2022-07-18,974,26,0,0,0,0,0,0,0,0,0,0,0,0,0,0,948,0,0
Croatia,2022-08-01,653,10,0,0,0,0,0,0,0,0,0,0,0,0,0,0,643,0,0
Croatia,2022-08-15,602,6,0,0,0,0,0,0,0,0,0,0,0,0,0,0,596,0,0
Croatia,2022-08-29,758,3,0,0,0,0,0,0,0,0,0,0,0,0,0,0,755,0,0
Croatia,2022-09-12,665,8,0,0,0,0,0,0,0,0,0,0,0,0,0,0,657,0,0
Croatia,2022-09-26,637,7,0,0,0,0,0,0,0,0,0,0,0,0,0,0,630,0,0
Croatia,2022-10-10,520,3,0,0,0,0,0,0,0,0,0,0,0,0,0,0,517,0,0
Croatia,2022-10-24,444,0,0,0,0,0,0,0,0,0,0,0,0,0,0,0,444,0,0
Croatia,2022-11-07,346,0,0,0,0,0,0,0,0,0,0,0,0,0,0,0,346,0,0
Croatia,2022-11-21,383,1,0,0,0,0,0,0,0,0,0,0,0,0,0,0,382,0,0
Croatia,2022-12-05,244,0,0,0,0,0,0,0,0,0,0,0,0,0,0,0,244,0,0
Croatia,2022-12-19,401,5,0,0,0,0,0,0,0,0,0,0,0,0,0,0,396,0,0
Croatia,2023-01-02,329,4,0,0,0,0,0,0,0,0,0,0,0,0,0,0,325,0,0
Croatia,2023-01-16,220,4,0,0,0,0,0,0,0,0,0,0,0,0,0,0,216,0,0
Croatia,2023-01-30,167,3,0,0,0,0,0,0,0,0,0,0,0,0,0,0,164,0,0
Croatia,2023-02-13,131,1,0,0,0,0,0,0,0,0,0,0,0,0,0,0,130,0,0
Croatia,2023-02-27,174,3,0,0,0,0,0,0,0,0,0,0,0,0,0,0,171,0,0
Croatia,2023-03-13,215,1,0,0,0,0,0,0,0,0,0,0,0,0,0,0,214,0,0
Croatia,2023-03-27,195,5,0,0,0,0,0,0,0,0,0,0,0,0,0,0,190,0,0
Croatia,2023-04-10,255,3,0,0,0,0,0,0,0,0,0,0,0,0,0,0,252,0,0
Croatia,2023-04-24,214,3,0,0,0,0,0,0,0,0,0,0,0,0,0,0,211,0,0
Croatia,2023-05-08,148,0,0,0,0,0,0,0,0,0,0,0,0,0,0,0,148,0,0
Croatia,2023-05-22,67,0,0,0,0,0,0,0,0,0,0,0,0,0,0,0,67,0,0
Croatia,2023-06-05,19,0,0,0,0,0,0,0,0,0,0,0,0,0,0,0,19,0,0
Croatia,2023-06-19,7,0,0,0,0,0,0,0,0,0,0,0,0,0,0,0,7,0,0
Croatia,2023-07-03,17,0,0,0,0,0,0,0,0,0,0,0,0,0,0,0,17,0,0
Croatia,2023-07-17,18,0,0,0,0,0,0,0,0,0,0,0,0,0,0,0,18,0,0
Croatia,2023-07-31,36,0,0,0,0,0,0,0,0,0,0,0,0,0,0,0,36,0,0
Croatia,2023-08-14,108,1,0,0,0,0,0,0,0,0,0,0,0,0,0,0,107,0,0
Croatia,2023-08-28,167,1,0,0,0,0,0,0,0,0,0,0,0,0,0,0,166,0,0
Croatia,2023-09-11,198,1,0,0,0,0,0,0,0,0,0,0,0,0,0,0,197,0,0
Croatia,2023-09-25,233,0,0,0,0,0,0,0,0,0,0,0,0,0,0,0,233,0,0
Croatia,2023-10-09,167,1,0,0,0,0,0,0,0,0,0,0,0,0,0,0,166,0,0
Croatia,2023-10-23,168,0,0,0,0,0,0,0,0,0,0,0,0,0,0,0,168,0,0
Croatia,2023-11-06,132,2,0,0,0,0,0,0,0,0,0,0,0,0,0,0,130,0,0
Croatia,2023-11-20,157,1,0,0,0,0,0,0,0,0,0,0,0,0,0,0,156,0,0
Croatia,2023-12-04,204,2,0,0,0,0,0,0,0,0,0,0,0,0,0,0,202,0,0
Croatia,2023-12-18,53,2,0,0,0,0,0,0,0,0,0,0,0,0,0,0,51,0,0
Croatia,2024-01-01,84,4,0,0,0,0,0,0,0,0,0,0,0,0,0,0,80,0,0
Croatia,2024-01-15,28,0,0,0,0,0,0,0,0,0,0,0,0,0,0,0,28,0,0
Croatia,2024-01-29,11,0,0,0,0,0,0,0,0,0,0,0,0,0,0,0,11,0,0
Croatia,2024-02-12,3,0,0,0,0,0,0,0,0,0,0,0,0,0,0,0,3,0,0
Croatia,2024-02-26,2,0,0,0,0,0,0,0,0,0,0,0,0,0,0,0,2,0,0
Croatia,2024-03-11,3,2,0,0,0,0,0,0,0,0,0,0,0,0,0,0,1,0,0
Croatia,2024-07-01,19,0,0,0,0,0,0,0,0,0,0,0,0,0,0,0,19,0,0
Croatia,2024-07-15,15,1,0,0,0,0,0,0,0,0,0,0,0,0,0,0,14,0,0
Croatia,2024-07-29,14,0,0,0,0,0,0,0,0,0,0,0,0,0,0,0,14,0,0
Curacao,2020-08-03,3,0,0,0,0,0,0,0,0,0,0,0,0,0,0,0,0,0,3
Curacao,2020-09-28,1,0,0,0,0,0,0,0,0,0,0,0,0,0,0,0,0,0,1
Curacao,2020-10-12,3,0,0,0,0,0,0,0,0,0,0,0,0,0,0,0,0,0,3
Curacao,2020-10-26,8,0,1,0,0,0,0,0,0,0,0,0,0,0,0,0,0,0,7
Curacao,2020-11-09,4,0,0,0,0,0,0,0,0,0,0,0,0,0,0,0,0,0,4
Curacao,2020-11-23,2,0,0,0,0,0,0,0,0,0,0,0,0,0,0,0,0,0,2
Curacao,2020-12-07,8,0,0,0,0,0,0,0,0,0,0,0,0,0,0,0,0,0,8
Curacao,2020-12-21,5,0,0,0,0,0,0,0,0,0,0,0,0,0,0,0,0,0,5
Curacao,2021-01-04,11,0,3,0,0,0,0,0,0,0,0,0,0,0,0,0,0,0,8
Curacao,2021-01-18,25,0,1,0,0,5,1,2,0,0,0,0,0,0,0,0,0,0,16
Curacao,2021-02-01,5,0,0,2,0,0,0,0,0,0,0,0,0,0,0,0,0,0,3
Curacao,2021-02-15,43,0,0,4,0,0,0,33,0,0,0,0,1,0,0,0,0,1,4
Curacao,2021-03-01,54,0,0,1,0,0,1,52,0,0,0,0,0,0,0,0,0,0,0
Curacao,2021-03-15,61,0,0,0,0,0,0,59,0,0,0,1,0,0,0,1,0,0,0
Curacao,2021-03-29,58,0,0,0,0,0,1,57,0,0,0,0,0,0,0,0,0,0,0
Curacao,2021-04-12,58,0,0,0,0,0,1,55,1,0,1,0,0,0,0,0,0,0,0
Curacao,2021-04-26,32,0,0,0,0,0,1,27,1,0,0,0,0,0,0,3,0,0,0
Curacao,2021-05-10,22,0,0,0,0,0,0,14,2,0,0,0,0,0,0,6,0,0,0
Curacao,2021-05-24,2,0,0,0,0,0,0,0,2,0,0,0,0,0,0,0,0,0,0
Curacao,2021-06-07,9,0,0,0,0,0,0,3,2,0,0,0,0,0,0,4,0,0,0
Curacao,2021-06-21,21,0,0,0,0,0,0,3,6,9,0,0,0,0,0,3,0,0,0
Curacao,2021-07-05,64,0,0,0,0,0,0,3,0,60,0,0,0,0,0,1,0,0,0
Curacao,2021-07-19,49,0,0,0,0,0,0,0,0,47,0,0,0,0,0,2,0,0,0
Curacao,2021-08-02,59,0,0,0,0,0,0,0,0,58,0,0,0,0,0,1,0,0,0
Curacao,2021-08-16,54,0,0,0,0,0,0,0,0,54,0,0,0,0,0,0,0,0,0
Curacao,2021-08-30,51,0,0,0,0,0,0,0,0,51,0,0,0,0,0,0,0,0,0
Curacao,2021-09-13,59,0,0,0,0,0,0,0,0,59,0,0,0,0,0,0,0,0,0
Curacao,2021-09-27,63,0,0,0,0,0,0,0,0,63,0,0,0,0,0,0,0,0,0
Curacao,2021-10-11,40,0,0,0,0,0,0,0,0,40,0,0,0,0,0,0,0,0,0
Curacao,2021-10-25,53,0,0,0,0,0,0,0,0,53,0,0,0,0,0,0,0,0,0
Curacao,2021-11-22,44,0,0,0,0,0,0,0,0,44,0,0,0,0,0,0,0,0,0
Curacao,2021-12-06,53,0,0,0,0,0,0,0,0,49,0,0,0,0,0,0,4,0,0
Curacao,2021-12-20,56,0,0,0,0,0,0,0,0,3,0,0,0,0,0,0,53,0,0
Curacao,2022-01-03,143,0,0,0,0,0,0,0,0,16,0,0,0,0,0,0,127,0,0
Curacao,2022-01-17,57,0,0,0,0,0,0,0,0,1,0,0,0,0,0,0,56,0,0
Curacao,2022-01-31,59,0,0,0,0,0,0,0,0,1,0,0,0,0,0,0,58,0,0
Curacao,2022-02-14,58,0,0,0,0,0,0,0,0,0,0,0,0,0,0,0,58,0,0
Curacao,2022-02-28,45,0,0,0,0,0,0,0,0,0,0,0,0,0,0,0,45,0,0
Curacao,2022-03-14,58,0,0,0,0,0,0,0,0,0,0,0,0,0,0,0,58,0,0
Curacao,2022-03-28,58,0,0,0,0,0,0,0,0,0,0,0,0,0,0,0,58,0,0
Curacao,2022-04-11,30,0,0,0,0,0,0,0,0,0,0,0,0,0,0,0,30,0,0
Curacao,2022-04-25,53,0,0,0,0,0,0,0,0,0,0,0,0,0,0,0,53,0,0
Curacao,2022-05-09,59,0,0,0,0,0,0,0,0,0,0,0,0,0,0,0,59,0,0
Curacao,2022-05-23,58,0,0,0,0,0,0,0,0,0,0,0,0,0,0,0,58,0,0
Curacao,2022-06-06,56,0,0,0,0,0,0,0,0,0,0,0,0,0,0,0,56,0,0
Curacao,2022-06-20,36,0,0,0,0,0,0,0,0,0,0,0,0,0,0,0,36,0,0
Curacao,2022-07-04,49,0,0,0,0,0,0,0,0,0,0,0,0,0,0,0,49,0,0
Curacao,2022-07-18,48,0,0,0,0,0,0,0,0,0,0,0,0,0,0,0,48,0,0
Curacao,2022-08-01,24,0,0,0,0,0,0,0,0,0,0,0,0,0,0,0,24,0,0
Curacao,2022-08-15,22,0,0,0,0,0,0,0,0,0,0,0,0,0,0,0,22,0,0
Curacao,2022-08-29,33,0,0,0,0,0,0,0,0,0,0,0,0,0,0,0,33,0,0
Curacao,2022-09-12,10,0,0,0,0,0,0,0,0,0,0,0,0,0,0,0,10,0,0
Curacao,2022-09-26,28,0,0,0,0,0,0,0,0,0,0,0,0,0,0,0,28,0,0
Curacao,2022-10-10,27,0,0,0,0,0,0,0,0,0,0,0,0,0,0,0,27,0,0
Curacao,2022-10-24,27,0,0,0,0,0,0,0,0,0,0,0,0,0,0,0,27,0,0
Curacao,2022-11-07,26,0,0,0,0,0,0,0,0,0,0,0,0,0,0,0,26,0,0
Curacao,2022-11-21,8,0,0,0,0,0,0,0,0,0,0,0,0,0,0,0,8,0,0
Curacao,2022-12-05,23,0,0,0,0,0,0,0,0,0,0,0,0,0,0,0,23,0,0
Curacao,2022-12-19,15,0,0,0,0,0,0,0,0,0,0,0,0,0,0,0,15,0,0
Curacao,2023-01-02,15,0,0,0,0,0,0,0,0,0,0,0,0,0,0,0,15,0,0
Curacao,2023-01-16,2,0,0,0,0,0,0,0,0,0,0,0,0,0,0,0,2,0,0
Curacao,2023-01-30,2,0,0,0,0,0,0,0,0,0,0,0,0,0,0,0,2,0,0
Curacao,2023-02-13,4,0,0,0,0,0,0,0,0,0,0,0,0,0,0,0,4,0,0
Curacao,2023-02-27,1,0,0,0,0,0,0,0,0,0,0,0,0,0,0,0,1,0,0
Curacao,2023-03-13,4,0,0,0,0,0,0,0,0,0,0,0,0,0,0,0,4,0,0
Curacao,2023-04-10,2,0,0,0,0,0,0,0,0,0,0,0,0,0,0,0,2,0,0
Curacao,2023-04-24,3,0,0,0,0,0,0,0,0,0,0,0,0,0,0,0,3,0,0
Curacao,2023-05-08,4,0,0,0,0,0,0,0,0,0,0,0,0,0,0,0,4,0,0
Curacao,2023-05-22,8,0,0,0,0,0,0,0,0,0,0,0,0,0,0,0,8,0,0
Curacao,2023-06-05,8,0,0,0,0,0,0,0,0,0,0,0,0,0,0,0,8,0,0
Curacao,2023-06-19,8,0,0,0,0,0,0,0,0,0,0,0,0,0,0,0,8,0,0
Curacao,2023-07-03,3,0,0,0,0,0,0,0,0,0,0,0,0,0,0,0,3,0,0
Curacao,2023-07-17,2,0,0,0,0,0,0,0,0,0,0,0,0,0,0,0,2,0,0
Curacao,2023-07-31,5,0,0,0,0,0,0,0,0,0,0,0,0,0,0,0,5,0,0
Curacao,2023-08-14,1,0,0,0,0,0,0,0,0,0,0,0,0,0,0,0,1,0,0
Curacao,2023-08-28,4,0,0,0,0,0,0,0,0,0,0,0,0,0,0,0,4,0,0
Curacao,2023-09-11,6,0,0,0,0,0,0,0,0,0,0,0,0,0,0,0,6,0,0
Curacao,2023-09-25,4,0,0,0,0,0,0,0,0,0,0,0,0,0,0,0,4,0,0
Curacao,2023-10-09,3,0,0,0,0,0,0,0,0,0,0,0,0,0,0,0,3,0,0
Curacao,2023-10-23,8,0,0,0,0,0,0,0,0,0,0,0,0,0,0,0,8,0,0
Curacao,2023-11-06,13,0,0,0,0,0,0,0,0,0,0,0,0,0,0,0,13,0,0
Curacao,2023-11-20,10,0,0,0,0,0,0,0,0,0,0,0,0,0,0,0,10,0,0
Curacao,2023-12-04,6,0,0,0,0,0,0,0,0,0,0,0,0,0,0,0,6,0,0
Curacao,2023-12-18,9,1,0,0,0,0,0,0,0,0,0,0,0,0,0,0,8,0,0
Curacao,2024-01-01,17,0,0,0,0,0,0,0,0,0,0,0,0,0,0,0,17,0,0
Curacao,2024-01-15,6,1,0,0,0,0,0,0,0,0,0,0,0,0,0,0,5,0,0
Curacao,2024-01-29,4,1,0,0,0,0,0,0,0,0,0,0,0,0,0,0,3,0,0
Curacao,2024-02-26,1,0,0,0,0,0,0,0,0,0,0,0,0,0,0,0,1,0,0
Curacao,2024-07-01,9,0,0,0,0,0,0,0,0,0,0,0,0,0,0,0,9,0,0
Curacao,2024-07-15,7,0,0,0,0,0,0,0,0,0,0,0,0,0,0,0,7,0,0
Curacao,2024-07-29,4,0,0,0,0,0,0,0,0,0,0,0,0,0,0,0,4,0,0
Cyprus,2020-04-27,15,0,0,0,0,0,0,0,0,0,0,3,0,0,0,0,0,0,12
Cyprus,2020-05-11,2,0,0,0,0,0,0,0,0,0,0,0,0,0,0,0,0,0,2
Cyprus,2020-05-25,7,0,0,0,0,0,0,0,0,0,0,1,0,0,0,0,0,0,6
Cyprus,2020-06-08,6,0,0,0,0,0,0,0,0,0,0,1,0,0,0,0,0,0,5
Cyprus,2020-06-22,1,0,0,0,0,0,0,0,0,0,0,0,0,0,0,0,0,0,1
Cyprus,2020-07-06,3,0,0,0,0,0,0,0,0,0,0,1,0,0,0,0,0,0,2
Cyprus,2020-07-20,11,0,0,0,0,0,0,0,0,0,0,2,0,0,0,0,0,0,9
Cyprus,2020-08-03,24,0,0,0,0,0,0,0,0,0,0,4,0,1,0,0,0,0,19
Cyprus,2020-08-17,12,0,1,0,0,0,0,0,0,0,0,0,0,0,0,0,0,0,11
Cyprus,2020-08-31,4,0,0,0,0,0,0,0,0,0,0,1,0,0,0,0,0,0,3
Cyprus,2020-09-14,39,0,22,0,0,1,0,0,0,0,0,0,0,0,0,0,0,0,16
Cyprus,2020-09-28,24,0,22,0,0,1,0,0,0,0,0,0,0,0,0,0,0,0,1
Cyprus,2020-10-12,9,0,8,0,0,1,0,0,0,0,0,0,0,0,0,0,0,0,0
Cyprus,2020-10-26,163,0,125,0,0,32,0,0,0,0,0,0,0,0,0,0,0,0,6
Cyprus,2020-11-09,18,0,15,0,0,2,0,0,0,0,0,0,0,0,0,0,0,0,1
Cyprus,2020-11-23,85,0,75,0,0,8,0,0,0,0,0,0,0,0,0,0,0,0,2
Cyprus,2020-12-07,42,0,33,0,0,3,0,2,0,0,0,0,0,0,0,0,0,0,4
Cyprus,2020-12-21,159,0,138,0,0,11,0,3,0,0,0,0,0,0,0,0,0,0,7
Cyprus,2021-01-04,154,0,116,0,0,26,0,6,0,0,0,0,0,0,0,0,0,0,6
Cyprus,2021-01-18,109,0,56,0,0,11,0,42,0,0,0,0,0,0,0,0,0,0,0
Cyprus,2021-02-01,97,0,28,0,0,21,0,47,0,0,0,0,0,0,0,0,0,0,1
Cyprus,2021-02-15,54,0,1,0,0,6,0,47,0,0,0,0,0,0,0,0,0,0,0
Cyprus,2021-03-01,115,0,1,0,0,5,0,109,0,0,0,0,0,0,0,0,0,0,0
Cyprus,2021-03-15,53,0,0,0,0,0,0,53,0,0,0,0,0,0,0,0,0,0,0
Cyprus,2021-03-29,87,0,0,0,0,0,0,80,0,0,0,0,7,0,0,0,0,0,0
Cyprus,2021-04-12,79,0,0,0,0,0,0,78,0,1,0,0,0,0,0,0,0,0,0
Cyprus,2021-04-26,146,0,0,0,0,0,0,143,0,2,0,0,0,0,0,0,0,0,1
Cyprus,2021-05-10,90,0,0,0,0,0,0,85,0,5,0,0,0,0,0,0,0,0,0
Cyprus,2021-05-24,21,0,0,0,0,0,0,12,1,8,0,0,0,0,0,0,0,0,0
Cyprus,2021-06-07,16,0,0,0,0,0,0,3,1,12,0,0,0,0,0,0,0,0,0
Cyprus,2021-06-21,69,0,0,0,0,0,0,0,0,69,0,0,0,0,0,0,0,0,0
Cyprus,2021-07-05,111,0,0,0,0,0,0,1,0,110,0,0,0,0,0,0,0,0,0
Cyprus,2021-07-19,83,0,0,0,0,0,0,0,0,83,0,0,0,0,0,0,0,0,0
Cyprus,2021-08-02,39,0,0,0,0,0,0,0,0,39,0,0,0,0,0,0,0,0,0
Cyprus,2021-08-16,51,0,0,0,0,0,0,0,0,51,0,0,0,0,0,0,0,0,0
Cyprus,2021-08-30,130,0,0,0,0,0,0,0,0,130,0,0,0,0,0,0,0,0,0
Cyprus,2021-09-13,121,0,0,0,0,0,0,0,0,121,0,0,0,0,0,0,0,0,0
Cyprus,2021-09-27,58,0,0,0,0,0,0,0,0,58,0,0,0,0,0,0,0,0,0
Cyprus,2021-10-11,21,0,0,0,0,0,0,0,0,21,0,0,0,0,0,0,0,0,0
Cyprus,2021-10-25,136,0,0,0,0,0,0,0,0,136,0,0,0,0,0,0,0,0,0
Cyprus,2021-11-08,152,0,0,0,0,0,0,0,0,152,0,0,0,0,0,0,0,0,0
Cyprus,2021-11-22,170,0,0,0,0,0,0,0,0,168,0,0,0,0,0,0,2,0,0
Cyprus,2021-12-06,381,0,0,0,0,0,0,0,0,293,0,0,0,0,0,0,88,0,0
Cyprus,2021-12-20,200,0,0,0,0,0,0,0,0,67,0,0,0,0,0,0,133,0,0
Cyprus,2022-01-03,417,0,0,0,0,0,0,0,0,46,0,0,0,0,0,0,371,0,0
Cyprus,2022-01-17,378,0,0,0,0,0,0,0,0,15,0,0,0,0,0,0,363,0,0
Cyprus,2022-01-31,339,0,0,0,0,0,0,0,0,5,0,0,0,0,0,0,334,0,0
Cyprus,2022-02-14,384,0,0,0,0,0,0,0,0,0,0,0,0,0,0,0,384,0,0
Cyprus,2022-02-28,415,0,0,0,0,0,0,0,0,0,0,0,0,0,0,0,415,0,0
Cyprus,2022-03-14,412,0,0,0,0,0,0,0,0,0,0,0,0,0,0,0,412,0,0
Cyprus,2022-03-28,386,0,0,0,0,0,0,0,0,0,0,0,0,0,0,0,386,0,0
Cyprus,2022-04-11,212,1,0,0,0,0,0,0,0,0,0,0,0,0,0,0,211,0,0
Cyprus,2022-04-25,121,0,0,0,0,0,0,0,0,0,0,0,0,0,0,0,121,0,0
Cyprus,2022-05-09,70,0,0,0,0,0,0,0,0,0,0,0,0,0,0,0,70,0,0
Cyprus,2022-05-23,69,1,0,0,0,0,0,0,0,0,0,0,0,0,0,0,68,0,0
Cyprus,2022-06-06,127,2,0,0,0,0,0,0,0,0,0,0,0,0,0,0,125,0,0
Cyprus,2022-06-20,152,1,0,0,0,0,0,0,0,0,0,0,0,0,0,0,151,0,0
Cyprus,2022-07-04,163,0,0,0,0,0,0,0,0,0,0,0,0,0,0,0,163,0,0
Cyprus,2022-07-18,159,2,0,0,0,0,0,0,0,0,0,0,0,0,0,0,157,0,0
Cyprus,2022-08-01,76,1,0,0,0,0,0,0,0,0,0,0,0,0,0,0,75,0,0
Cyprus,2022-08-15,55,0,0,0,0,0,0,0,0,0,0,0,0,0,0,0,55,0,0
Cyprus,2022-08-29,39,0,0,0,0,0,0,0,0,0,0,0,0,0,0,0,39,0,0
Cyprus,2022-09-12,85,0,0,0,0,0,0,0,0,0,0,0,0,0,0,0,85,0,0
Cyprus,2022-09-26,52,0,0,0,0,0,0,0,0,0,0,0,0,0,0,0,52,0,0
Cyprus,2022-10-10,70,0,0,0,0,0,0,0,0,0,0,0,0,0,0,0,70,0,0
Cyprus,2022-10-24,66,0,0,0,0,0,0,0,0,0,0,0,0,0,0,0,66,0,0
Cyprus,2022-11-07,78,0,0,0,0,0,0,0,0,0,0,0,0,0,0,0,78,0,0
Cyprus,2022-11-21,70,0,0,0,0,0,0,0,0,0,0,0,0,0,0,0,70,0,0
Cyprus,2022-12-05,54,0,0,0,0,0,0,0,0,0,0,0,0,0,0,0,54,0,0
Cyprus,2022-12-19,46,0,0,0,0,0,0,0,0,0,0,0,0,0,0,0,46,0,0
Cyprus,2023-01-02,85,3,0,0,0,0,0,0,0,0,0,0,0,0,0,0,82,0,0
Cyprus,2023-01-16,41,1,0,0,0,0,0,0,0,0,0,0,0,0,0,0,40,0,0
Cyprus,2023-01-30,32,3,0,0,0,0,0,0,0,0,0,0,0,0,0,0,29,0,0
Cyprus,2023-02-13,50,4,0,0,0,0,0,0,0,0,0,0,0,0,0,0,46,0,0
Cyprus,2023-02-27,42,0,0,0,0,0,0,0,0,0,0,0,0,0,0,0,42,0,0
Cyprus,2023-03-13,35,3,0,0,0,0,0,0,0,0,0,0,0,0,0,0,32,0,0
Cyprus,2023-03-27,68,2,0,0,0,0,0,0,0,0,0,0,0,0,0,0,66,0,0
Cyprus,2023-04-10,34,0,0,0,0,0,0,0,0,0,0,0,0,0,0,0,34,0,0
Cyprus,2023-04-24,33,0,0,0,0,0,0,0,0,0,0,0,0,0,0,0,33,0,0
Cyprus,2023-05-08,30,0,0,0,0,0,0,0,0,0,0,0,0,0,0,0,30,0,0
Cyprus,2023-05-22,29,1,0,0,0,0,0,0,0,0,0,0,0,0,0,0,28,0,0
Cyprus,2023-06-05,18,1,0,0,0,0,0,0,0,0,0,0,0,0,0,0,17,0,0
Cyprus,2023-06-19,4,0,0,0,0,0,0,0,0,0,0,0,0,0,0,0,4,0,0
Cyprus,2023-07-03,14,0,0,0,0,0,0,0,0,0,0,0,0,0,0,0,14,0,0
Cyprus,2023-07-17,30,0,0,0,0,0,0,0,0,0,0,0,0,0,0,0,30,0,0
Cyprus,2023-07-31,37,0,0,0,0,0,0,0,0,0,0,0,0,0,0,0,37,0,0
Cyprus,2023-08-14,46,0,0,0,0,0,0,0,0,0,0,0,0,0,0,0,46,0,0
Cyprus,2023-08-28,28,0,0,0,0,0,0,0,0,0,0,0,0,0,0,0,28,0,0
Cyprus,2023-09-11,28,0,0,0,0,0,0,0,0,0,0,0,0,0,0,0,28,0,0
Cyprus,2023-09-25,56,4,0,0,0,0,0,0,0,0,0,0,0,0,0,0,52,0,0
Cyprus,2023-10-09,39,1,0,0,0,0,0,0,0,0,0,0,0,0,0,0,38,0,0
Cyprus,2023-10-23,48,0,0,0,0,0,0,0,0,0,0,0,0,0,0,0,48,0,0
Cyprus,2023-11-06,45,0,0,0,0,0,0,0,0,0,0,0,0,0,0,0,45,0,0
Cyprus,2023-11-20,46,0,0,0,0,0,0,0,0,0,0,0,0,0,0,0,46,0,0
Cyprus,2023-12-04,81,1,0,0,0,0,0,0,0,0,0,0,0,0,0,0,80,0,0
Cyprus,2023-12-18,115,0,0,0,0,0,0,0,0,0,0,0,0,0,0,0,115,0,0
Cyprus,2024-01-01,104,1,0,0,0,0,0,0,0,0,0,0,0,0,0,0,103,0,0
Cyprus,2024-01-15,70,1,0,0,0,0,0,0,0,0,0,0,0,0,0,0,69,0,0
Cyprus,2024-01-29,39,1,0,0,0,0,0,0,0,0,0,0,0,0,0,0,38,0,0
Cyprus,2024-02-12,18,0,0,0,0,0,0,0,0,0,0,0,0,0,0,0,18,0,0
Cyprus,2024-02-26,4,0,0,0,0,0,0,0,0,0,0,0,0,0,0,0,4,0,0
Czechia,2020-04-27,6,0,0,0,0,0,0,0,0,0,0,1,0,0,0,0,0,0,5
Czechia,2020-05-11,9,0,0,0,0,0,0,0,0,0,0,2,0,0,0,0,0,0,7
Czechia,2020-05-25,5,0,0,0,0,0,0,0,0,0,0,1,0,0,0,0,0,0,4
Czechia,2020-06-08,14,0,0,0,0,0,0,0,0,0,0,2,0,1,0,0,0,0,11
Czechia,2020-06-22,1,0,0,0,0,0,0,0,0,0,0,0,0,0,0,0,0,0,1
Czechia,2020-07-06,10,0,0,0,0,0,0,0,0,0,0,2,0,0,0,0,0,0,8
Czechia,2020-07-20,25,0,0,5,0,0,0,0,0,0,0,2,0,0,0,0,0,1,17
Czechia,2020-08-03,27,0,2,4,0,0,0,0,0,0,0,1,0,0,0,0,0,0,20
Czechia,2020-08-17,15,0,3,2,1,0,0,0,0,0,0,0,0,0,0,0,0,0,9
Czechia,2020-08-31,11,0,0,4,0,0,0,0,0,0,0,1,0,0,0,0,0,0,6
Czechia,2020-09-14,28,0,14,2,0,1,0,0,0,0,0,0,0,0,0,0,0,0,11
Czechia,2020-09-28,101,0,54,12,0,1,0,0,0,0,0,0,0,0,0,0,0,0,34
Czechia,2020-10-12,264,0,174,19,0,1,0,0,0,0,0,0,0,0,0,0,0,0,70
Czechia,2020-10-26,369,0,257,21,0,3,0,0,0,0,0,0,0,0,0,0,0,0,88
Czechia,2020-11-09,168,0,118,8,0,11,0,0,0,0,0,0,0,0,0,0,0,0,31
Czechia,2020-11-23,154,0,107,7,0,10,0,0,0,0,0,0,0,0,0,0,0,0,30
Czechia,2020-12-07,149,0,111,6,0,3,0,0,0,0,0,0,0,0,0,0,0,0,29
Czechia,2020-12-21,80,0,61,2,0,3,0,0,0,1,0,0,0,0,0,0,0,0,13
Czechia,2021-01-04,389,0,215,1,0,15,0,98,0,0,0,0,0,0,0,0,0,0,60
Czechia,2021-01-18,253,0,106,4,0,8,0,111,0,1,0,0,0,0,0,0,0,0,23
Czechia,2021-02-01,793,0,93,3,0,7,0,676,0,0,0,0,0,0,0,0,0,0,14
Czechia,2021-02-15,585,0,115,0,0,11,5,440,0,1,0,0,0,0,0,0,0,0,13
Czechia,2021-03-01,579,0,72,0,0,0,22,475,0,2,0,0,0,0,0,0,0,0,8
Czechia,2021-03-15,517,0,25,0,0,1,11,472,0,3,0,0,0,0,0,0,0,0,5
Czechia,2021-03-29,637,0,7,0,0,0,3,622,0,0,1,0,0,0,0,0,0,0,4
Czechia,2021-04-12,665,0,18,1,0,0,16,606,1,11,2,0,0,0,0,0,0,0,10
Czechia,2021-04-26,623,0,3,0,0,0,7,577,7,15,1,0,0,0,0,0,0,0,13
Czechia,2021-05-10,442,0,1,0,0,0,6,394,2,31,0,0,0,0,0,0,0,0,8
Czechia,2021-05-24,276,0,1,0,0,0,0,220,4,46,0,0,0,2,0,0,0,0,3
Czechia,2021-06-07,259,0,0,0,0,0,1,230,3,20,0,0,0,0,0,1,0,0,4
Czechia,2021-06-21,303,0,0,0,0,0,1,83,1,209,0,0,0,1,0,0,0,0,8
Czechia,2021-07-05,544,0,0,0,0,0,0,8,0,533,0,0,1,0,0,0,0,0,2
Czechia,2021-07-19,429,0,0,0,0,0,1,2,0,424,0,0,0,0,0,0,0,0,2
Czechia,2021-08-02,878,0,1,0,0,0,2,2,0,870,0,0,0,0,0,0,0,0,3
Czechia,2021-08-16,658,0,0,0,0,0,0,0,0,657,0,0,0,0,0,0,0,0,1
Czechia,2021-08-30,1170,0,0,0,0,0,1,0,0,1168,0,0,0,0,1,0,0,0,0
Czechia,2021-09-13,1282,0,0,0,0,0,0,0,0,1282,0,0,0,0,0,0,0,0,0
Czechia,2021-09-27,1573,0,0,0,0,0,0,0,0,1573,0,0,0,0,0,0,0,0,0
Czechia,2021-10-11,1985,0,0,0,0,0,0,0,0,1984,0,0,0,0,0,0,0,0,1
Czechia,2021-10-25,2125,0,1,0,0,0,0,0,0,2122,0,0,0,0,0,0,0,0,2
Czechia,2021-11-08,1598,0,0,0,0,0,0,0,0,1596,0,0,0,0,0,0,1,0,1
Czechia,2021-11-22,2288,0,0,0,0,0,0,0,0,2282,0,0,0,0,0,0,6,0,0
Czechia,2021-12-06,2042,0,0,0,0,0,0,0,0,1992,0,0,0,0,0,0,50,0,0
Czechia,2021-12-20,1472,0,0,0,0,0,0,0,0,935,0,0,0,0,0,0,534,0,3
Czechia,2022-01-03,2430,0,0,0,0,0,0,0,0,443,0,0,0,0,0,0,1985,0,2
Czechia,2022-01-17,2187,0,0,0,0,0,0,0,0,117,0,0,0,0,0,0,2066,0,4
Czechia,2022-01-31,1796,1,0,0,0,0,0,0,0,21,0,0,0,0,0,0,1773,0,1
Czechia,2022-02-14,2233,4,0,0,0,0,0,0,0,16,0,0,0,0,0,0,2213,0,0
Czechia,2022-02-28,1948,7,0,0,0,0,0,0,0,0,0,0,0,0,0,0,1941,0,0
Czechia,2022-03-14,1799,13,0,0,0,0,0,0,0,0,0,0,0,0,0,0,1786,0,0
Czechia,2022-03-28,1955,14,0,0,0,0,0,0,0,1,0,0,0,0,0,0,1939,0,1
Czechia,2022-04-11,1453,18,0,0,0,0,0,0,0,0,0,0,0,0,0,0,1434,0,1
Czechia,2022-04-25,1439,15,0,0,0,0,0,0,0,0,0,0,0,0,0,0,1424,0,0
Czechia,2022-05-09,640,7,0,0,0,0,0,0,0,0,0,0,0,0,0,0,633,0,0
Czechia,2022-05-23,456,8,0,0,0,0,0,0,0,1,0,0,0,0,0,0,447,0,0
Czechia,2022-06-06,792,12,0,0,0,0,0,0,0,0,0,0,0,0,0,0,780,0,0
Czechia,2022-06-20,1098,7,0,0,0,0,0,0,0,1,0,0,0,0,0,0,1090,0,0
Czechia,2022-07-04,950,4,0,0,0,0,0,0,0,0,0,0,0,0,0,0,946,0,0
Czechia,2022-07-18,1131,2,0,0,0,0,0,0,0,0,0,0,0,0,0,0,1129,0,0
Czechia,2022-08-01,1250,1,0,0,0,0,0,0,0,0,0,0,0,0,0,0,1249,0,0
Czechia,2022-08-15,1112,3,0,0,0,0,0,0,0,0,0,0,0,0,0,0,1109,0,0
Czechia,2022-08-29,1102,1,0,0,0,0,0,0,0,0,0,0,0,0,0,0,1101,0,0
Czechia,2022-09-12,1454,1,0,0,0,0,0,0,0,0,0,0,0,0,0,0,1453,0,0
Czechia,2022-09-26,920,1,0,0,0,0,0,0,0,0,0,0,0,0,0,0,919,0,0
Czechia,2022-10-10,984,2,0,0,0,0,0,0,0,0,0,0,0,0,0,0,982,0,0
Czechia,2022-10-24,461,1,0,0,0,0,0,0,0,0,0,0,0,0,0,0,460,0,0
Czechia,2022-11-07,294,1,0,0,0,0,0,0,0,0,0,0,0,0,0,0,293,0,0
Czechia,2022-11-21,252,1,0,0,0,0,0,0,0,0,0,0,0,0,0,0,251,0,0
Czechia,2022-12-05,249,0,0,0,0,0,0,0,0,0,0,0,0,0,0,0,249,0,0
Czechia,2022-12-19,87,0,0,0,0,0,0,0,0,0,0,0,0,0,0,0,87,0,0
Czechia,2023-01-02,116,3,0,0,0,0,0,0,0,0,0,0,0,0,0,0,113,0,0
Czechia,2023-01-16,93,0,0,0,0,0,0,0,0,0,0,0,0,0,0,0,93,0,0
Czechia,2023-01-30,125,2,0,0,0,0,0,0,0,0,0,0,0,0,0,0,123,0,0
Czechia,2023-02-13,271,2,0,0,0,0,0,0,0,0,0,0,0,0,0,0,269,0,0
Czechia,2023-02-27,333,1,0,0,0,0,0,0,0,0,0,0,0,0,0,0,332,0,0
Czechia,2023-03-13,363,2,0,0,0,0,0,0,0,0,0,0,0,0,0,0,361,0,0
Czechia,2023-03-27,141,3,0,0,0,0,0,0,0,0,0,0,0,0,0,0,138,0,0
Czechia,2023-04-10,92,0,0,0,0,0,0,0,0,0,0,0,0,0,0,0,92,0,0
Czechia,2023-04-24,22,0,0,0,0,0,0,0,0,0,0,0,0,0,0,0,22,0,0
Czechia,2023-05-08,13,0,0,0,0,0,0,0,0,0,0,0,0,0,0,0,13,0,0
Czechia,2023-05-22,2,0,0,0,0,0,0,0,0,0,0,0,0,0,0,0,2,0,0
Czechia,2023-06-05,1,0,0,0,0,0,0,0,0,0,0,0,0,0,0,0,1,0,0
Czechia,2023-06-19,1,0,0,0,0,0,0,0,0,0,0,0,0,0,0,0,1,0,0
Czechia,2023-07-17,1,0,0,0,0,0,0,0,0,0,0,0,0,0,0,0,1,0,0
Czechia,2023-08-14,3,0,0,0,0,0,0,0,0,0,0,0,0,0,0,0,3,0,0
Czechia,2023-08-28,9,0,0,0,0,0,0,0,0,0,0,0,0,0,0,0,9,0,0
Czechia,2023-09-11,16,0,0,0,0,0,0,0,0,0,0,0,0,0,0,0,16,0,0
Czechia,2023-09-25,34,0,0,0,0,0,0,0,0,0,0,0,0,0,0,0,34,0,0
Czechia,2023-10-09,52,0,0,0,0,0,0,0,0,0,0,0,0,0,0,0,52,0,0
Czechia,2023-10-23,65,0,0,0,0,0,0,0,0,0,0,0,0,0,0,0,65,0,0
Czechia,2023-11-06,110,6,0,0,0,0,0,0,0,0,0,0,0,0,0,0,104,0,0
Czechia,2023-11-20,146,0,0,0,0,0,0,0,0,0,0,0,0,0,0,0,146,0,0
Czechia,2023-12-04,203,2,0,0,0,0,0,0,0,0,0,0,0,0,0,0,201,0,0
Czechia,2023-12-18,100,3,0,0,0,0,0,0,0,0,0,0,0,0,0,0,97,0,0
Czechia,2024-01-01,52,2,0,0,0,0,0,0,0,0,0,0,0,0,0,0,50,0,0
Czechia,2024-01-15,23,2,0,0,0,0,0,0,0,0,0,0,0,0,0,0,21,0,0
Czechia,2024-01-29,1,0,0,0,0,0,0,0,0,0,0,0,0,0,0,0,1,0,0
Czechia,2024-02-12,4,0,0,0,0,0,0,0,0,0,0,0,0,0,0,0,4,0,0
Czechia,2024-02-26,7,0,0,0,0,0,0,0,0,0,0,0,0,0,0,0,7,0,0
Czechia,2024-03-11,9,0,0,0,0,0,0,0,0,0,0,0,0,0,0,0,9,0,0
Czechia,2024-04-08,1,0,0,0,0,0,0,0,0,0,0,0,0,0,0,0,1,0,0
Czechia,2024-05-06,1,0,0,0,0,0,0,0,0,0,0,0,0,0,0,0,1,0,0
Czechia,2024-07-01,2,0,0,0,0,0,0,0,0,0,0,0,0,0,0,0,2,0,0
Czechia,2024-07-15,11,0,0,0,0,0,0,0,0,0,0,0,0,0,0,0,11,0,0
Czechia,2024-07-29,35,0,0,0,0,0,0,0,0,0,0,0,0,0,0,0,35,0,0
Democratic Republic of Congo,2020-04-27,109,106,0,0,0,0,0,0,0,0,0,1,0,0,0,0,0,0,2
Democratic Republic of Congo,2020-05-11,119,116,0,0,0,0,0,0,0,0,0,0,0,0,0,0,0,0,3
Democratic Republic of Congo,2020-05-25,63,61,0,0,0,0,0,0,0,0,0,0,0,0,0,0,0,0,2
Democratic Republic of Congo,2020-06-08,3,3,0,0,0,0,0,0,0,0,0,0,0,0,0,0,0,0,0
Democratic Republic of Congo,2020-07-20,1,1,0,0,0,0,0,0,0,0,0,0,0,0,0,0,0,0,0
Democratic Republic of Congo,2020-08-17,3,3,0,0,0,0,0,0,0,0,0,0,0,0,0,0,0,0,0
Democratic Republic of Congo,2021-01-04,1,1,0,0,0,0,0,0,0,0,0,0,0,0,0,0,0,0,0
Democratic Republic of Congo,2021-01-18,3,0,0,0,0,0,1,2,0,0,0,0,0,0,0,0,0,0,0
Democratic Republic of Congo,2021-02-15,7,7,0,0,0,0,0,0,0,0,0,0,0,0,0,0,0,0,0
Democratic Republic of Congo,2021-03-01,12,0,0,0,0,0,0,1,7,1,0,0,0,0,0,1,0,0,2
Democratic Republic of Congo,2021-03-15,3,0,0,0,0,0,2,1,0,0,0,0,0,0,0,0,0,0,0
Democratic Republic of Congo,2021-03-29,9,0,0,0,0,0,1,0,0,2,0,0,0,0,0,1,0,0,5
Democratic Republic of Congo,2021-04-12,9,0,0,0,0,0,1,0,0,3,0,0,0,0,0,1,0,0,4
Democratic Republic of Congo,2021-04-26,10,0,0,0,0,0,0,0,0,4,0,0,0,0,0,0,0,0,6
Democratic Republic of Congo,2021-05-10,16,0,0,0,0,0,4,1,4,4,0,0,1,0,0,1,0,0,1
Democratic Republic of Congo,2021-05-24,36,1,2,0,0,1,2,2,10,12,0,0,0,0,0,3,0,0,3
Democratic Republic of Congo,2021-06-07,45,0,0,0,0,0,0,0,0,40,0,0,2,0,0,0,0,0,3
Democratic Republic of Congo,2021-06-21,25,0,0,0,0,0,0,0,0,23,0,0,0,0,0,0,0,0,2
Democratic Republic of Congo,2021-07-05,61,0,0,0,0,0,4,0,1,50,0,0,0,0,0,0,0,0,6
Democratic Republic of Congo,2021-07-19,111,0,0,0,0,0,1,0,1,106,0,0,0,0,0,0,0,0,3
Democratic Republic of Congo,2021-08-02,33,0,0,0,0,0,0,0,0,30,0,0,0,0,0,0,0,0,3
Democratic Republic of Congo,2021-08-16,15,0,0,0,0,0,0,0,0,13,0,0,0,0,0,0,0,0,2
Democratic Republic of Congo,2021-08-30,2,0,0,0,0,0,0,0,0,2,0,0,0,0,0,0,0,0,0
Democratic Republic of Congo,2021-09-13,1,0,0,0,0,0,0,0,0,1,0,0,0,0,0,0,0,0,0
Democratic Republic of Congo,2021-10-11,7,0,0,0,0,0,0,0,0,3,0,0,0,0,0,0,0,0,4
Democratic Republic of Congo,2021-10-25,6,0,0,0,0,0,0,0,0,4,0,0,0,0,0,0,0,0,2
Democratic Republic of Congo,2021-11-08,14,0,0,0,0,0,0,0,0,7,0,0,0,0,0,1,1,0,5
Democratic Republic of Congo,2021-11-22,41,8,0,0,0,0,0,0,0,5,0,0,0,0,0,0,13,0,15
Democratic Republic of Congo,2021-12-06,24,3,0,0,0,0,0,0,0,0,0,0,0,0,0,0,21,0,0
Democratic Republic of Congo,2021-12-20,7,1,0,0,0,0,0,0,0,0,0,0,0,0,0,0,6,0,0
Democratic Republic of Congo,2022-01-03,1,0,0,0,0,0,0,0,0,0,0,0,0,0,0,0,1,0,0
Democratic Republic of Congo,2022-01-31,7,1,0,0,0,0,0,0,0,0,0,0,0,0,0,0,6,0,0
Democratic Republic of Congo,2022-02-14,17,0,0,0,0,0,0,0,0,0,0,0,0,0,0,0,17,0,0
Democratic Republic of Congo,2022-02-28,7,3,0,0,0,0,1,0,0,0,0,0,0,0,0,0,3,0,0
Democratic Republic of Congo,2022-03-28,2,0,0,0,0,0,0,0,0,0,0,0,0,0,0,0,2,0,0
Democratic Republic of Congo,2022-04-11,3,0,0,0,0,0,0,0,0,0,0,0,0,0,0,0,3,0,0
Democratic Republic of Congo,2022-04-25,5,0,0,0,0,0,0,0,0,0,0,0,0,0,0,0,5,0,0
Democratic Republic of Congo,2022-05-09,13,0,0,0,0,0,0,0,0,0,0,0,0,0,0,0,13,0,0
Democratic Republic of Congo,2022-05-23,13,0,0,0,0,0,0,0,0,0,0,0,0,0,0,0,13,0,0
Democratic Republic of Congo,2022-06-06,16,0,0,0,0,0,0,0,0,0,0,0,0,0,0,0,16,0,0
Democratic Republic of Congo,2022-06-20,2,0,0,0,0,0,0,0,0,0,0,0,0,0,0,0,2,0,0
Democratic Republic of Congo,2022-07-04,10,0,0,0,0,0,0,0,0,0,0,0,0,0,0,0,10,0,0
Democratic Republic of Congo,2022-07-18,7,0,0,0,0,0,0,0,0,0,0,0,0,0,0,0,7,0,0
Democratic Republic of Congo,2022-08-01,7,0,0,0,0,0,0,0,0,0,0,0,0,0,0,0,7,0,0
Democratic Republic of Congo,2022-09-26,5,0,0,0,0,0,0,0,0,0,0,0,0,0,0,0,5,0,0
Democratic Republic of Congo,2022-11-07,1,0,0,0,0,0,0,0,0,0,0,0,0,0,0,0,1,0,0
Democratic Republic of Congo,2022-12-05,2,0,0,0,0,0,0,0,0,0,0,0,0,0,0,0,2,0,0
Democratic Republic of Congo,2023-01-02,1,0,0,0,0,0,0,0,0,0,0,0,0,0,0,0,1,0,0
Democratic Republic of Congo,2023-01-30,1,0,0,0,0,0,0,0,0,0,0,0,0,0,0,0,1,0,0
Democratic Republic of Congo,2023-03-13,1,0,0,0,0,0,0,0,0,0,0,0,0,0,0,0,1,0,0
Democratic Republic of Congo,2023-04-10,1,0,0,0,0,0,0,0,0,0,0,0,0,0,0,0,1,0,0
Democratic Republic of Congo,2023-04-24,3,0,0,0,0,0,0,0,0,0,0,0,0,0,0,0,3,0,0
Democratic Republic of Congo,2023-11-20,1,0,0,0,0,0,0,0,0,0,0,0,0,0,0,0,1,0,0
Democratic Republic of Congo,2023-12-04,1,0,0,0,0,0,0,0,0,0,0,0,0,0,0,0,1,0,0
Democratic Republic of Congo,2024-01-01,1,0,0,0,0,0,0,0,0,0,0,0,0,0,0,0,1,0,0
Democratic Republic of Congo,2024-01-29,1,0,0,0,0,0,0,0,0,0,0,0,0,0,0,0,1,0,0
Denmark,2020-04-27,156,0,0,0,0,0,0,0,0,0,0,0,0,0,0,0,0,0,156
Denmark,2020-05-11,137,0,0,0,0,0,0,0,0,0,0,0,0,0,0,0,0,0,137
Denmark,2020-05-25,121,0,0,0,0,0,0,0,0,0,0,0,0,0,0,0,0,0,121
Denmark,2020-06-08,161,0,0,0,0,0,0,0,0,0,0,0,0,0,0,0,0,0,161
Denmark,2020-06-22,57,0,0,0,0,0,0,0,0,0,0,0,0,0,0,0,0,0,57
Denmark,2020-07-06,100,0,0,0,0,0,0,0,0,0,0,0,0,0,0,0,0,0,100
Denmark,2020-07-20,152,0,1,1,0,0,0,0,0,0,0,0,0,0,0,0,0,0,150
Denmark,2020-08-03,422,0,21,4,6,21,0,0,0,0,0,0,0,0,0,0,0,0,370
Denmark,2020-08-17,582,0,67,15,18,67,0,0,0,0,0,0,0,0,0,0,0,0,415
Denmark,2020-08-31,992,0,238,86,30,278,0,0,0,0,0,0,0,0,0,0,0,0,360
Denmark,2020-09-14,1597,0,490,132,7,487,0,0,0,0,0,0,0,0,0,0,0,0,481
Denmark,2020-09-28,819,0,272,36,2,255,0,0,0,0,0,0,0,0,0,0,0,0,254
Denmark,2020-10-12,1445,0,576,64,0,337,0,0,0,0,0,0,0,0,0,0,0,0,468
Denmark,2020-10-26,2941,0,994,127,0,966,0,3,0,0,0,0,0,0,0,0,0,0,851
Denmark,2020-11-09,3094,0,738,57,0,1100,0,3,0,0,0,0,0,0,0,0,0,0,1196
Denmark,2020-11-23,5075,0,1381,54,0,2382,0,11,0,0,0,0,0,0,0,0,0,1,1246
Denmark,2020-12-07,9264,0,2646,44,0,5069,0,52,0,0,0,0,0,0,0,0,0,0,1453
Denmark,2020-12-21,7588,0,1965,28,0,4536,0,143,0,0,0,0,0,0,0,0,0,0,916
Denmark,2021-01-04,8563,0,2101,22,0,5055,2,465,1,0,0,5,2,0,0,0,0,0,910
Denmark,2021-01-18,6375,0,1180,4,0,3583,5,991,0,0,0,6,19,0,0,0,0,0,587
Denmark,2021-02-01,4224,0,597,2,0,1537,6,1603,0,0,0,17,54,0,0,0,0,0,408
Denmark,2021-02-15,5072,0,259,4,0,736,5,3624,1,0,0,2,98,0,0,0,0,0,343
Denmark,2021-03-01,5700,0,108,1,0,276,18,5079,2,0,3,0,107,0,0,0,0,0,106
Denmark,2021-03-15,7169,0,49,2,0,218,15,6608,9,0,7,7,208,1,0,0,0,0,45
Denmark,2021-03-29,6859,0,12,0,0,161,32,6535,0,7,3,0,88,1,0,1,0,0,19
Denmark,2021-04-12,7260,0,0,0,0,148,20,7025,6,18,8,0,26,0,1,1,0,0,7
Denmark,2021-04-26,8807,0,0,135,0,155,5,8457,2,31,2,0,3,0,0,1,0,0,16
Denmark,2021-05-10,9647,0,1,43,0,66,2,9470,14,43,0,0,0,0,0,2,0,0,6
Denmark,2021-05-24,8392,0,0,2,0,5,5,8314,11,47,1,0,1,0,0,1,0,0,5
Denmark,2021-06-07,2994,0,0,0,0,0,1,2824,5,161,0,0,0,0,0,0,0,0,3
Denmark,2021-06-21,3113,0,0,0,0,0,12,1274,10,1809,0,0,0,0,1,0,0,0,7
Denmark,2021-07-05,9136,0,0,0,0,0,1,714,6,8404,0,0,0,0,5,5,0,0,1
Denmark,2021-07-19,10402,0,0,0,0,1,1,178,1,10215,0,0,0,0,1,0,0,0,5
Denmark,2021-08-02,11438,0,0,0,0,0,0,56,0,11373,0,0,0,0,1,1,0,0,7
Denmark,2021-08-16,10851,0,0,0,0,0,0,12,0,10838,0,0,0,0,0,0,0,0,1
Denmark,2021-08-30,6353,0,0,0,0,0,0,2,0,6350,0,0,0,0,0,0,0,0,1
Denmark,2021-09-13,4232,0,0,0,0,0,0,1,0,4231,0,0,0,0,0,0,0,0,0
Denmark,2021-09-27,6182,0,0,0,0,0,0,0,0,6182,0,0,0,0,0,0,0,0,0
Denmark,2021-10-11,11691,0,0,0,0,0,0,0,0,11691,0,0,0,0,0,0,0,0,0
Denmark,2021-10-25,19495,0,0,0,0,0,0,1,0,19494,0,0,0,0,0,0,0,0,0
Denmark,2021-11-08,23031,0,0,0,0,1,0,0,0,23027,0,0,0,0,0,0,3,0,0
Denmark,2021-11-22,30427,0,1,0,0,0,0,0,0,30079,0,0,0,0,0,0,344,0,3
Denmark,2021-12-06,21385,0,1,0,0,0,0,5,0,16354,0,0,0,0,0,0,5025,0,0
Denmark,2021-12-20,16443,2,1,0,0,2,0,1,0,2453,0,0,0,0,0,0,13984,0,0
Denmark,2022-01-03,23578,32,0,0,0,0,0,0,0,480,0,0,0,0,0,0,23065,0,1
Denmark,2022-01-17,31481,65,0,0,0,0,0,0,0,63,0,0,0,0,0,0,31349,0,4
Denmark,2022-01-31,26463,74,0,0,0,0,0,0,0,6,0,0,0,0,0,0,26376,0,7
Denmark,2022-02-14,30557,106,0,0,0,0,0,0,0,4,0,0,0,0,0,0,30433,0,14
Denmark,2022-02-28,28038,99,0,0,0,0,0,0,0,2,0,0,0,0,0,0,27933,0,4
Denmark,2022-03-14,26918,112,0,0,0,0,0,0,0,1,0,0,0,0,0,0,26802,0,3
Denmark,2022-03-28,25418,102,0,0,0,0,0,0,0,1,0,0,0,0,0,0,25315,0,0
Denmark,2022-04-11,17136,118,0,0,0,0,0,0,0,0,0,0,0,0,0,0,17018,0,0
Denmark,2022-04-25,9216,79,0,0,0,0,0,0,0,0,0,0,0,0,0,0,9136,0,1
Denmark,2022-05-09,6582,60,0,0,0,0,0,0,0,0,0,0,0,0,0,0,6522,0,0
Denmark,2022-05-23,4780,44,0,0,0,0,0,0,0,0,0,0,0,0,0,0,4736,0,0
Denmark,2022-06-06,9685,26,0,0,0,0,0,0,0,2,0,0,0,0,0,0,9657,0,0
Denmark,2022-06-20,9036,33,0,0,0,0,0,0,0,0,0,0,0,0,0,0,9003,0,0
Denmark,2022-07-04,8485,27,0,0,0,0,0,0,0,0,0,0,0,0,0,0,8458,0,0
Denmark,2022-07-18,8800,19,0,0,0,0,0,0,0,0,0,0,0,0,0,0,8781,0,0
Denmark,2022-08-01,7359,20,0,0,0,1,0,2,0,0,0,0,0,0,0,0,7336,0,0
Denmark,2022-08-15,5500,12,0,0,0,2,0,0,0,1,0,0,0,0,0,0,5485,0,0
Denmark,2022-08-29,6821,8,0,0,0,0,0,0,0,0,0,0,0,0,0,0,6813,0,0
Denmark,2022-09-12,7662,13,0,0,0,0,0,0,0,0,0,0,0,0,0,0,7649,0,0
Denmark,2022-09-26,8174,32,0,0,0,1,0,0,0,0,0,0,0,0,0,0,8141,0,0
Denmark,2022-10-10,7965,32,0,0,0,0,0,0,0,0,0,0,0,0,0,0,7933,0,0
Denmark,2022-10-24,6546,37,0,0,0,0,0,0,0,0,0,0,0,0,0,0,6509,0,0
Denmark,2022-11-07,5784,56,0,0,0,0,0,0,0,0,0,0,0,0,0,0,5728,0,0
Denmark,2022-11-21,6792,166,0,0,0,0,0,0,0,0,0,0,0,0,0,0,6626,0,0
Denmark,2022-12-05,7779,340,0,0,0,0,0,0,0,0,0,0,0,0,0,0,7439,0,0
Denmark,2022-12-19,7566,422,0,0,0,0,0,0,0,0,0,0,0,0,0,0,7144,0,0
Denmark,2023-01-02,3966,213,0,0,0,0,0,0,0,0,0,0,0,0,0,0,3753,0,0
Denmark,2023-01-16,1568,138,0,0,0,0,0,0,0,0,0,0,0,0,0,0,1430,0,0
Denmark,2023-01-30,1436,204,0,0,0,0,0,0,0,0,0,0,0,0,0,0,1232,0,0
Denmark,2023-02-13,1046,113,0,0,0,0,0,0,0,0,0,0,0,0,0,0,933,0,0
Denmark,2023-02-27,1126,78,0,0,0,0,0,0,0,0,0,0,0,0,0,0,1048,0,0
Denmark,2023-03-13,1812,95,0,0,0,0,0,0,0,0,0,0,0,0,0,0,1717,0,0
Denmark,2023-03-27,1156,35,0,0,0,0,0,0,0,0,0,0,0,0,0,0,1121,0,0
Denmark,2023-04-10,700,22,0,0,0,0,0,0,0,0,0,0,0,0,0,0,678,0,0
Denmark,2023-04-24,518,8,0,0,0,0,0,0,0,0,0,0,0,0,0,0,510,0,0
Denmark,2023-05-08,427,5,0,0,0,0,0,0,0,0,0,0,0,0,0,0,422,0,0
Denmark,2023-05-22,230,3,0,0,0,0,0,0,0,0,0,0,0,0,0,0,227,0,0
Denmark,2023-06-05,116,2,0,0,0,0,0,0,0,0,0,0,0,0,0,0,114,0,0
Denmark,2023-06-19,65,1,0,0,0,0,0,0,0,0,0,0,0,0,0,0,64,0,0
Denmark,2023-07-03,88,4,0,0,0,0,0,0,0,0,0,0,0,0,0,0,84,0,0
Denmark,2023-07-17,85,0,0,0,0,0,0,0,0,0,0,0,0,0,0,0,85,0,0
Denmark,2023-07-31,221,1,0,0,0,0,0,0,0,0,0,0,0,0,0,0,220,0,0
Denmark,2023-08-14,443,9,0,0,0,0,0,0,0,0,0,0,0,0,0,0,434,0,0
Denmark,2023-08-28,452,26,0,0,0,0,0,0,0,0,0,0,0,0,0,0,426,0,0
Denmark,2023-09-11,445,22,0,0,0,0,0,0,0,0,0,0,0,0,0,0,423,0,0
Denmark,2023-09-25,507,22,0,0,0,0,0,0,0,0,0,0,0,0,0,0,485,0,0
Denmark,2023-10-09,682,25,0,0,0,0,0,0,0,0,0,0,0,0,0,0,657,0,0
Denmark,2023-10-23,1096,66,0,0,0,0,0,0,0,0,0,0,0,0,0,0,1030,0,0
Denmark,2023-11-06,1030,43,0,0,0,0,0,0,0,0,0,0,0,0,0,0,987,0,0
Denmark,2023-11-20,1891,47,0,0,0,0,0,0,0,0,0,0,0,0,0,0,1844,0,0
Denmark,2023-12-04,2533,40,0,0,0,0,0,0,0,0,0,0,0,0,0,0,2493,0,0
Denmark,2023-12-18,1289,12,0,0,0,0,0,0,0,0,0,0,0,0,0,0,1277,0,0
Denmark,2024-01-01,441,8,0,0,0,0,0,0,0,0,0,0,0,0,0,0,433,0,0
Denmark,2024-01-15,143,1,0,0,0,0,0,0,0,0,0,0,0,0,0,0,142,0,0
Denmark,2024-01-29,70,0,0,0,0,0,0,0,0,0,0,0,0,0,0,0,70,0,0
Denmark,2024-02-12,47,1,0,0,0,0,0,0,0,0,0,0,0,0,0,0,46,0,0
Denmark,2024-02-26,35,2,0,0,0,0,0,0,0,0,0,0,0,0,0,0,33,0,0
Denmark,2024-03-11,21,2,0,0,0,0,0,0,0,0,0,0,0,0,0,0,19,0,0
Denmark,2024-03-25,27,0,0,0,0,0,0,0,0,0,0,0,0,0,0,0,27,0,0
Denmark,2024-04-08,18,1,0,0,0,0,0,0,0,0,0,0,0,0,0,0,17,0,0
Denmark,2024-04-22,23,0,0,0,0,0,0,0,0,0,0,0,0,0,0,0,23,0,0
Denmark,2024-05-06,27,0,0,0,0,0,0,0,0,0,0,0,0,0,0,0,27,0,0
Denmark,2024-07-01,361,1,0,0,0,0,0,0,0,0,0,0,0,0,0,0,360,0,0
Denmark,2024-07-15,444,8,0,0,0,0,0,0,0,0,0,0,0,0,0,0,436,0,0
Denmark,2024-07-29,340,6,0,0,0,0,0,0,0,0,0,0,0,0,0,0,334,0,0
Djibouti,2020-04-27,2,2,0,0,0,0,0,0,0,0,0,0,0,0,0,0,0,0,0
Djibouti,2020-05-11,1,1,0,0,0,0,0,0,0,0,0,0,0,0,0,0,0,0,0
Djibouti,2020-05-25,4,4,0,0,0,0,0,0,0,0,0,0,0,0,0,0,0,0,0
Djibouti,2020-06-08,17,17,0,0,0,0,0,0,0,0,0,0,0,0,0,0,0,0,0
Djibouti,2020-06-22,1,1,0,0,0,0,0,0,0,0,0,0,0,0,0,0,0,0,0
Djibouti,2020-07-06,2,2,0,0,0,0,0,0,0,0,0,0,0,0,0,0,0,0,0
Djibouti,2020-07-20,2,2,0,0,0,0,0,0,0,0,0,0,0,0,0,0,0,0,0
Djibouti,2020-10-12,1,1,0,0,0,0,0,0,0,0,0,0,0,0,0,0,0,0,0
Djibouti,2020-10-26,1,1,0,0,0,0,0,0,0,0,0,0,0,0,0,0,0,0,0
Djibouti,2020-11-09,14,14,0,0,0,0,0,0,0,0,0,0,0,0,0,0,0,0,0
Djibouti,2020-11-23,1,1,0,0,0,0,0,0,0,0,0,0,0,0,0,0,0,0,0
Djibouti,2020-12-07,5,5,0,0,0,0,0,0,0,0,0,0,0,0,0,0,0,0,0
Djibouti,2020-12-21,2,2,0,0,0,0,0,0,0,0,0,0,0,0,0,0,0,0,0
Djibouti,2021-01-18,14,0,1,0,0,3,0,0,0,0,0,0,0,0,0,0,0,0,10
Djibouti,2021-02-01,23,0,0,1,0,9,0,1,2,0,0,2,0,3,0,0,0,0,5
Djibouti,2021-02-15,25,0,0,0,0,1,0,22,0,0,0,0,0,1,0,0,0,0,1
Djibouti,2021-03-01,45,0,0,0,0,0,0,45,0,0,0,0,0,0,0,0,0,0,0
Djibouti,2021-03-15,26,0,0,0,0,0,22,3,0,0,0,0,0,0,0,0,0,0,1
Djibouti,2021-03-29,53,0,0,0,0,0,51,2,0,0,0,0,0,0,0,0,0,0,0
Djibouti,2021-04-12,13,0,0,0,0,0,10,3,0,0,0,0,0,0,0,0,0,0,0
Djibouti,2021-04-26,11,0,0,0,0,0,10,1,0,0,0,0,0,0,0,0,0,0,0
Djibouti,2021-05-10,1,0,0,0,0,0,0,0,0,0,0,0,1,0,0,0,0,0,0
Djibouti,2021-06-21,1,0,0,0,0,0,0,0,0,1,0,0,0,0,0,0,0,0,0
Djibouti,2021-08-02,2,0,0,0,0,0,0,0,0,2,0,0,0,0,0,0,0,0,0
Djibouti,2021-08-16,1,0,0,0,0,0,0,0,0,1,0,0,0,0,0,0,0,0,0
Djibouti,2021-08-30,4,0,0,0,0,0,0,0,0,4,0,0,0,0,0,0,0,0,0
Djibouti,2021-09-13,10,0,0,0,0,0,0,0,0,10,0,0,0,0,0,0,0,0,0
Djibouti,2021-09-27,29,0,0,0,0,0,0,0,0,29,0,0,0,0,0,0,0,0,0
Djibouti,2021-10-11,13,0,0,0,0,0,0,0,0,13,0,0,0,0,0,0,0,0,0
Djibouti,2021-11-22,1,0,0,0,0,0,0,0,0,1,0,0,0,0,0,0,0,0,0
Djibouti,2021-12-06,7,0,0,0,0,0,0,0,0,2,0,0,0,0,0,0,5,0,0
Djibouti,2021-12-20,127,0,0,0,0,0,0,0,0,1,0,0,0,0,0,0,126,0,0
Djibouti,2022-01-03,120,0,0,0,0,0,0,0,0,0,0,0,0,0,0,0,120,0,0
Djibouti,2022-01-17,39,0,0,0,0,0,0,0,0,0,0,0,0,0,0,0,39,0,0
Djibouti,2022-01-31,21,0,0,0,0,0,0,0,0,0,0,0,0,0,0,0,21,0,0
Djibouti,2022-02-14,1,0,0,0,0,0,0,0,0,0,0,0,0,0,0,0,1,0,0
Djibouti,2022-03-28,2,0,0,0,0,0,0,0,0,0,0,0,0,0,0,0,2,0,0
Djibouti,2022-04-11,2,0,0,0,0,0,0,0,0,0,0,0,0,0,0,0,2,0,0
Djibouti,2022-04-25,26,0,0,0,0,0,0,0,0,0,0,0,0,0,0,0,26,0,0
Djibouti,2022-05-09,26,0,0,0,0,0,0,0,0,0,0,0,0,0,0,0,26,0,0
Djibouti,2022-05-23,11,0,0,0,0,0,0,0,0,0,0,0,0,0,0,0,11,0,0
Djibouti,2022-06-06,23,0,0,0,0,0,0,0,0,0,0,0,0,0,0,0,23,0,0
Djibouti,2022-06-20,42,0,0,0,0,0,0,0,0,0,0,0,0,0,0,0,42,0,0
Djibouti,2022-07-04,26,0,0,0,0,0,0,0,0,0,0,0,0,0,0,0,26,0,0
Djibouti,2022-07-18,26,0,0,0,0,0,0,0,0,0,0,0,0,0,0,0,26,0,0
Djibouti,2022-08-01,9,0,0,0,0,0,0,0,0,0,0,0,0,0,0,0,9,0,0
Djibouti,2022-08-15,2,0,0,0,0,0,0,0,0,0,0,0,0,0,0,0,2,0,0
Djibouti,2022-08-29,8,0,0,0,0,0,0,0,0,0,0,0,0,0,0,0,8,0,0
Djibouti,2022-09-12,25,0,0,0,0,0,0,0,0,0,0,0,0,0,0,0,25,0,0
Djibouti,2022-09-26,29,0,0,0,0,0,0,0,0,0,0,0,0,0,0,0,29,0,0
Djibouti,2022-10-10,30,0,0,0,0,0,0,0,0,0,0,0,0,0,0,0,30,0,0
Djibouti,2022-10-24,12,0,0,0,0,0,0,0,0,0,0,0,0,0,0,0,12,0,0
Djibouti,2022-11-07,4,0,0,0,0,0,0,0,0,0,0,0,0,0,0,0,4,0,0
Djibouti,2022-11-21,6,0,0,0,0,0,0,0,0,0,0,0,0,0,0,0,6,0,0
Djibouti,2022-12-05,1,0,0,0,0,0,0,0,0,0,0,0,0,0,0,0,1,0,0
Djibouti,2023-01-02,6,0,0,0,0,0,0,0,0,0,0,0,0,0,0,0,6,0,0
Djibouti,2023-01-16,1,0,0,0,0,0,0,0,0,0,0,0,0,0,0,0,1,0,0
Dominican Republic,2020-04-27,3,0,0,0,0,0,0,0,0,0,0,0,0,0,0,0,0,0,3
Dominican Republic,2020-08-03,6,0,0,0,0,0,0,0,0,0,0,0,0,0,0,0,0,0,6
Dominican Republic,2020-08-31,3,0,0,0,0,0,0,0,0,0,0,0,0,0,0,0,0,0,3
Dominican Republic,2020-09-14,5,0,1,0,0,1,0,0,0,0,0,0,0,0,0,0,0,0,3
Dominican Republic,2020-09-28,1,0,0,0,0,0,0,0,0,0,0,0,0,0,0,0,0,0,1
Dominican Republic,2020-10-12,6,0,0,0,0,0,0,0,0,0,0,0,0,0,0,0,0,0,6
Dominican Republic,2020-10-26,1,0,0,0,0,0,0,0,0,0,0,0,0,0,0,0,0,0,1
Dominican Republic,2020-11-09,9,0,0,0,0,0,0,0,0,0,0,0,0,0,0,0,0,0,9
Dominican Republic,2020-11-23,20,0,5,1,0,3,0,0,0,0,0,0,0,0,0,0,0,0,11
Dominican Republic,2020-12-07,3,0,0,0,0,0,0,0,0,0,0,0,0,0,0,0,0,0,3
Dominican Republic,2020-12-21,2,0,0,0,0,0,0,1,0,0,0,1,0,0,0,0,0,0,0
Dominican Republic,2021-01-04,35,0,0,0,0,0,0,0,0,9,0,0,0,0,0,0,0,0,26
Dominican Republic,2021-01-18,32,0,0,0,0,0,0,0,0,0,0,1,0,0,0,0,0,1,30
Dominican Republic,2021-02-01,17,0,0,0,0,0,1,1,0,9,0,0,0,1,0,0,0,0,5
Dominican Republic,2021-02-15,9,0,0,0,0,0,0,0,0,0,0,1,0,0,0,0,0,0,8
Dominican Republic,2021-03-01,45,0,0,1,0,0,3,2,2,10,0,0,3,5,0,0,0,0,19
Dominican Republic,2021-03-15,36,0,0,4,0,0,2,3,0,0,0,0,1,3,0,0,0,1,22
Dominican Republic,2021-03-29,13,0,0,0,0,0,0,3,3,4,0,0,0,1,0,0,0,0,2
Dominican Republic,2021-04-12,12,0,0,1,0,0,0,1,3,0,0,0,0,2,0,0,0,0,5
Dominican Republic,2021-04-26,26,0,0,1,0,0,1,4,2,0,0,0,1,2,0,4,0,0,11
Dominican Republic,2021-05-10,145,0,0,2,0,0,1,5,39,4,1,0,3,3,5,63,0,0,19
Dominican Republic,2021-05-24,9,0,0,0,0,0,0,0,2,0,0,0,0,0,0,6,0,0,1
Dominican Republic,2021-06-07,13,0,0,0,0,0,0,0,0,0,0,0,0,2,0,7,0,0,4
Dominican Republic,2021-06-21,13,0,0,0,0,0,0,0,0,0,0,0,0,0,0,11,0,0,2
Dominican Republic,2021-07-19,28,0,0,0,0,0,0,0,2,1,0,0,1,1,1,18,0,0,4
Dominican Republic,2021-08-02,11,0,0,0,0,0,0,0,0,4,0,0,0,0,0,4,0,0,3
Dominican Republic,2021-08-16,3,0,0,0,0,0,0,0,0,2,0,0,0,0,0,0,0,0,1
Dominican Republic,2021-08-30,1,0,0,0,0,0,0,0,0,1,0,0,0,0,0,0,0,0,0
Dominican Republic,2021-09-13,1,0,0,0,0,0,0,0,0,1,0,0,0,0,0,0,0,0,0
Dominican Republic,2021-09-27,24,0,0,0,0,0,0,0,0,24,0,0,0,0,0,0,0,0,0
Dominican Republic,2021-10-11,241,0,0,0,0,0,0,0,2,233,0,0,0,0,0,3,0,0,3
Dominican Republic,2021-10-25,25,0,0,0,0,0,0,0,0,25,0,0,0,0,0,0,0,0,0
Dominican Republic,2021-11-08,40,0,0,0,0,0,0,0,0,39,0,0,0,0,0,0,0,0,1
Dominican Republic,2021-11-22,106,0,0,0,0,0,0,0,0,104,0,0,0,0,0,0,2,0,0
Dominican Republic,2021-12-06,86,0,0,0,0,0,0,0,0,85,0,0,0,0,0,0,1,0,0
Dominican Republic,2021-12-20,62,0,0,0,0,0,0,0,0,10,0,0,0,0,0,0,52,0,0
Dominican Republic,2022-01-03,10,0,0,0,0,0,0,0,0,0,0,0,0,0,0,0,10,0,0
Dominican Republic,2022-01-17,7,0,0,0,0,0,0,0,0,0,0,0,0,0,0,0,7,0,0
Dominican Republic,2022-01-31,6,0,0,0,0,0,0,0,0,0,0,0,0,0,0,0,6,0,0
Dominican Republic,2022-02-14,5,0,0,0,0,0,0,0,0,0,0,0,0,0,0,0,5,0,0
Dominican Republic,2022-02-28,1,0,0,0,0,0,0,0,0,0,0,0,0,0,0,0,1,0,0
Dominican Republic,2022-03-28,4,0,0,0,0,0,0,0,0,0,0,0,0,0,0,0,4,0,0
Dominican Republic,2022-04-11,3,0,0,0,0,0,0,0,0,0,0,0,0,0,0,0,3,0,0
Dominican Republic,2022-04-25,11,0,0,0,0,0,0,0,0,0,0,0,0,0,0,0,11,0,0
Dominican Republic,2022-05-09,103,0,0,0,0,0,0,0,3,34,0,0,0,3,5,30,24,0,4
Dominican Republic,2022-05-23,67,0,0,0,0,0,0,2,2,27,0,0,0,0,2,4,27,0,3
Dominican Republic,2022-06-06,10,0,0,0,0,0,0,0,0,0,0,0,0,0,0,0,10,0,0
Dominican Republic,2022-06-20,64,1,0,0,0,0,0,0,0,0,0,0,0,0,0,0,63,0,0
Dominican Republic,2022-07-04,105,0,0,0,0,0,0,0,0,0,0,0,0,0,0,0,105,0,0
Dominican Republic,2022-07-18,79,0,0,0,0,0,0,0,0,0,0,0,0,0,0,0,79,0,0
Dominican Republic,2022-08-01,86,0,0,0,0,0,0,0,0,0,0,0,0,0,0,0,86,0,0
Dominican Republic,2022-08-15,105,0,0,0,0,0,0,0,0,0,0,0,0,0,0,0,105,0,0
Dominican Republic,2022-08-29,67,0,0,0,0,0,0,0,0,0,0,0,0,0,0,0,67,0,0
Dominican Republic,2022-09-12,62,0,0,0,0,0,0,0,0,0,0,0,0,0,0,0,62,0,0
Dominican Republic,2022-09-26,39,0,0,0,0,0,0,0,0,0,0,0,0,0,0,0,39,0,0
Dominican Republic,2022-10-10,39,0,0,0,0,0,0,0,0,0,0,0,0,0,0,0,39,0,0
Dominican Republic,2022-10-24,25,0,0,0,0,0,0,0,0,0,0,0,0,0,0,0,25,0,0
Dominican Republic,2022-11-07,122,0,0,0,0,0,0,0,0,0,0,0,0,0,0,0,122,0,0
Dominican Republic,2022-11-21,98,0,0,0,0,0,0,0,0,0,0,0,0,0,0,0,98,0,0
Dominican Republic,2022-12-05,116,0,0,0,0,0,0,0,0,0,0,0,0,0,0,0,116,0,0
Dominican Republic,2022-12-19,23,0,0,0,0,0,0,0,0,0,0,0,0,0,0,0,23,0,0
Dominican Republic,2023-01-02,36,0,0,0,0,0,0,0,0,0,0,0,0,0,0,0,36,0,0
Dominican Republic,2023-01-16,19,0,0,0,0,0,0,0,0,0,0,0,0,0,0,0,19,0,0
Dominican Republic,2023-01-30,16,0,0,0,0,0,0,0,0,0,0,0,0,0,0,0,16,0,0
Dominican Republic,2023-02-13,7,0,0,0,0,0,0,0,0,0,0,0,0,0,0,0,7,0,0
Dominican Republic,2023-02-27,1,0,0,0,0,0,0,0,0,0,0,0,0,0,0,0,1,0,0
Dominican Republic,2023-03-13,1,0,0,0,0,0,0,0,0,0,0,0,0,0,0,0,1,0,0
Dominican Republic,2023-04-10,1,0,0,0,0,0,0,0,0,0,0,0,0,0,0,0,1,0,0
Dominican Republic,2023-04-24,1,0,0,0,0,0,0,0,0,0,0,0,0,0,0,0,1,0,0
Dominican Republic,2023-05-08,5,0,0,0,0,0,0,0,0,0,0,0,0,0,0,0,5,0,0
Dominican Republic,2023-05-22,26,0,0,0,0,0,0,0,0,0,0,0,0,0,0,0,26,0,0
Dominican Republic,2023-06-05,150,0,0,0,0,0,0,0,0,0,0,0,0,0,0,0,150,0,0
Dominican Republic,2023-06-19,108,0,0,0,0,0,0,0,0,0,0,0,0,0,0,0,108,0,0
Dominican Republic,2023-07-03,83,0,0,0,0,0,0,0,0,0,0,0,0,0,0,0,83,0,0
Dominican Republic,2023-07-17,53,0,0,0,0,0,0,0,0,0,0,0,0,0,0,0,53,0,0
Dominican Republic,2023-07-31,33,0,0,0,0,0,0,0,0,0,0,0,0,0,0,0,33,0,0
Dominican Republic,2023-08-14,6,0,0,0,0,0,0,0,0,0,0,0,0,0,0,0,6,0,0
Dominican Republic,2023-08-28,9,0,0,0,0,0,0,0,0,0,0,0,0,0,0,0,9,0,0
Dominican Republic,2023-09-11,2,0,0,0,0,0,0,0,0,0,0,0,0,0,0,0,2,0,0
Dominican Republic,2023-09-25,1,0,0,0,0,0,0,0,0,0,0,0,0,0,0,0,1,0,0
Dominican Republic,2023-10-09,3,0,0,0,0,0,0,0,0,0,0,0,0,0,0,0,3,0,0
Dominican Republic,2023-12-04,3,0,0,0,0,0,0,0,0,0,0,0,0,0,0,0,3,0,0
Dominican Republic,2023-12-18,5,0,0,0,0,0,0,0,0,0,0,0,0,0,0,0,5,0,0
Dominican Republic,2024-01-01,70,1,0,0,0,0,0,0,0,0,0,0,0,0,0,0,69,0,0
Dominican Republic,2024-01-15,38,0,0,0,0,0,0,0,0,0,0,0,0,0,0,0,38,0,0
Dominican Republic,2024-01-29,16,0,0,0,0,0,0,0,0,0,0,0,0,0,0,0,16,0,0
Dominican Republic,2024-02-12,5,0,0,0,0,0,0,0,0,0,0,0,0,0,0,0,5,0,0
Dominican Republic,2024-07-01,5,0,0,0,0,0,0,0,0,0,0,0,0,0,0,0,5,0,0
Dominican Republic,2024-07-15,3,0,0,0,0,0,0,0,0,0,0,0,0,0,0,0,3,0,0
Dominican Republic,2024-07-29,1,0,0,0,0,0,0,0,0,0,0,0,0,0,0,0,1,0,0
Ecuador,2020-04-27,36,0,0,0,0,0,0,0,0,0,0,6,0,0,0,0,0,1,29
Ecuador,2020-05-11,11,0,0,0,0,0,0,0,0,0,0,2,0,0,0,0,0,0,9
Ecuador,2020-05-25,18,0,0,0,0,0,0,0,0,0,0,3,0,0,0,0,0,0,15
Ecuador,2020-06-08,3,0,0,0,0,0,0,0,0,0,0,1,0,0,0,0,0,0,2
Ecuador,2020-06-22,72,0,0,0,0,0,0,0,0,0,0,11,0,0,0,0,0,2,59
Ecuador,2020-07-06,9,0,0,0,0,0,0,0,0,0,0,2,0,0,0,0,0,0,7
Ecuador,2020-07-20,23,0,0,0,0,0,0,0,0,0,0,4,0,0,0,0,0,0,19
Ecuador,2020-08-03,26,0,0,0,0,0,0,0,0,0,0,4,0,0,0,0,0,1,21
Ecuador,2020-08-17,17,0,0,0,0,0,0,0,0,0,0,3,0,0,0,0,0,0,14
Ecuador,2020-08-31,61,0,1,0,0,0,0,0,0,0,0,0,0,0,0,0,0,0,60
Ecuador,2020-09-14,28,0,0,0,0,0,0,0,0,0,0,4,0,0,0,0,0,1,23
Ecuador,2020-09-28,76,0,0,0,0,0,0,0,0,0,0,12,0,0,0,0,0,2,62
Ecuador,2020-10-12,9,0,0,0,0,0,0,0,0,0,0,2,0,0,0,0,0,0,7
Ecuador,2020-10-26,52,0,0,0,1,2,0,0,0,0,0,0,0,0,0,0,0,0,49
Ecuador,2020-11-09,36,0,0,0,1,1,0,0,0,0,0,0,0,0,0,0,0,0,34
Ecuador,2020-11-23,6,0,0,0,0,0,0,0,0,0,0,1,0,0,0,0,0,0,5
Ecuador,2020-12-07,35,0,0,0,0,0,0,0,0,0,0,6,0,0,0,0,0,1,28
Ecuador,2020-12-21,102,0,0,1,2,6,0,0,0,0,0,0,0,0,0,0,0,0,93
Ecuador,2021-01-04,32,0,0,1,0,0,0,4,0,0,0,6,0,2,0,0,0,1,18
Ecuador,2021-01-18,12,0,0,1,0,0,4,2,0,0,0,0,3,0,0,0,0,0,2
Ecuador,2021-02-01,22,0,0,1,0,0,0,0,0,0,0,3,0,2,0,0,0,1,15
Ecuador,2021-02-15,1,0,0,0,0,0,0,0,0,0,0,0,0,0,0,0,0,0,1
Ecuador,2021-03-01,13,0,0,1,0,0,0,2,0,0,0,2,0,1,0,0,0,0,7
Ecuador,2021-03-15,10,0,0,0,0,0,0,3,0,0,0,1,0,3,1,0,0,0,2
Ecuador,2021-03-29,38,0,0,1,0,0,0,11,8,0,0,3,1,5,1,0,0,0,8
Ecuador,2021-04-12,57,0,0,1,0,0,0,12,4,0,0,3,0,16,10,0,0,0,11
Ecuador,2021-04-26,59,0,0,1,0,0,0,23,3,0,0,3,0,17,3,1,0,0,8
Ecuador,2021-05-10,125,0,0,1,0,0,0,29,5,0,0,6,0,40,20,2,0,1,21
Ecuador,2021-05-24,119,0,0,1,0,0,0,22,10,0,0,5,0,39,17,6,0,1,18
Ecuador,2021-06-07,163,0,0,1,0,0,0,32,21,0,0,3,0,56,18,20,0,1,11
Ecuador,2021-06-21,223,0,0,1,0,0,0,17,33,13,0,5,0,47,49,45,0,1,12
Ecuador,2021-07-05,440,0,0,3,0,0,2,34,88,47,1,5,3,64,75,97,0,0,21
Ecuador,2021-07-19,429,1,0,1,0,0,3,41,60,101,0,2,3,33,45,121,0,0,18
Ecuador,2021-08-02,331,1,0,0,0,0,1,23,43,85,0,1,1,17,32,120,0,0,7
Ecuador,2021-08-16,339,0,0,0,0,0,1,9,17,172,0,0,1,18,26,87,0,0,8
Ecuador,2021-08-30,165,0,0,0,0,0,0,5,4,104,0,0,0,2,7,41,0,0,2
Ecuador,2021-09-13,161,0,0,0,0,0,0,0,3,138,0,0,0,1,4,13,0,0,2
Ecuador,2021-09-27,152,0,0,0,0,0,0,0,4,136,0,0,0,0,2,7,0,0,3
Ecuador,2021-10-11,41,0,0,0,0,0,0,0,0,38,0,0,0,0,0,1,0,0,2
Ecuador,2021-10-25,13,0,0,0,0,0,0,0,0,13,0,0,0,0,0,0,0,0,0
Ecuador,2021-11-08,199,0,0,0,0,0,0,0,1,186,0,0,0,0,0,11,0,0,1
Ecuador,2021-11-22,55,0,0,0,0,0,0,0,0,54,0,0,0,0,0,1,0,0,0
Ecuador,2021-12-06,91,0,0,0,0,0,0,0,0,68,0,0,0,0,0,1,22,0,0
Ecuador,2021-12-20,91,0,0,0,0,0,0,0,0,36,0,0,0,0,0,0,55,0,0
Ecuador,2022-01-03,311,0,0,0,0,0,0,0,0,32,0,0,0,0,0,0,279,0,0
Ecuador,2022-01-17,217,0,0,0,0,0,0,0,0,1,0,0,0,0,0,0,216,0,0
Ecuador,2022-01-31,362,0,0,0,0,0,0,0,0,1,0,0,0,0,0,0,361,0,0
Ecuador,2022-02-14,213,0,0,0,0,0,0,0,0,0,0,0,0,0,0,0,213,0,0
Ecuador,2022-02-28,131,0,0,0,0,0,0,0,0,0,0,0,0,0,0,0,131,0,0
Ecuador,2022-03-14,38,0,0,0,0,0,0,0,0,0,0,0,0,0,0,0,38,0,0
Ecuador,2022-03-28,21,0,0,0,0,0,0,0,0,0,0,0,0,0,0,0,21,0,0
Ecuador,2022-04-11,16,0,0,0,0,0,0,0,0,0,0,0,0,0,0,0,16,0,0
Ecuador,2022-04-25,19,0,0,0,0,0,0,0,0,0,0,0,0,0,0,0,19,0,0
Ecuador,2022-05-09,42,0,0,0,0,0,0,0,0,0,0,0,0,0,0,0,42,0,0
Ecuador,2022-05-23,107,0,0,0,0,0,0,0,0,0,0,0,0,0,0,0,107,0,0
Ecuador,2022-06-06,155,0,0,0,0,0,0,0,0,0,0,0,0,0,0,0,155,0,0
Ecuador,2022-06-20,78,0,0,0,0,0,0,0,0,0,0,0,0,0,0,0,78,0,0
Ecuador,2022-07-04,211,1,0,0,0,0,0,0,0,0,0,0,0,0,0,0,210,0,0
Ecuador,2022-07-18,487,0,0,0,0,0,0,0,0,0,0,0,0,0,0,0,487,0,0
Ecuador,2022-08-01,435,1,0,0,0,0,0,0,0,0,0,0,0,0,0,0,434,0,0
Ecuador,2022-08-15,242,0,0,0,0,0,0,0,0,0,0,0,0,0,0,0,242,0,0
Ecuador,2022-08-29,100,0,0,0,0,0,0,0,0,0,0,0,0,0,0,0,100,0,0
Ecuador,2022-09-12,37,0,0,0,0,0,0,0,0,0,0,0,0,0,0,0,37,0,0
Ecuador,2022-09-26,46,0,0,0,0,0,0,0,0,0,0,0,0,0,0,0,46,0,0
Ecuador,2022-10-10,41,0,0,0,0,0,0,0,0,0,0,0,0,0,0,0,41,0,0
Ecuador,2022-10-24,60,0,0,0,0,0,0,0,0,0,0,0,0,0,0,0,60,0,0
Ecuador,2022-11-07,169,0,0,0,0,0,0,0,0,0,0,0,0,0,0,0,169,0,0
Ecuador,2022-11-21,124,0,0,0,0,0,0,0,0,1,0,0,0,0,0,0,123,0,0
Ecuador,2022-12-05,381,0,0,0,0,0,0,0,0,0,0,0,0,0,0,0,381,0,0
Ecuador,2022-12-19,270,0,0,0,0,0,0,0,0,0,0,0,0,0,0,0,270,0,0
Ecuador,2023-01-02,116,0,0,0,0,0,0,0,0,0,0,0,0,0,0,0,116,0,0
Ecuador,2023-01-16,64,0,0,0,0,0,0,0,0,0,0,0,0,0,0,0,64,0,0
Ecuador,2023-01-30,35,0,0,0,0,0,0,0,0,0,0,0,0,0,0,0,35,0,0
Ecuador,2023-02-13,21,0,0,0,0,0,0,0,0,0,0,0,0,0,0,0,21,0,0
Ecuador,2023-02-27,32,0,0,0,0,0,0,0,0,0,0,0,0,0,0,0,32,0,0
Ecuador,2023-03-13,36,0,0,0,0,0,0,0,0,0,0,0,0,0,0,0,36,0,0
Ecuador,2023-03-27,36,0,0,0,0,0,0,0,0,0,0,0,0,0,0,0,36,0,0
Ecuador,2023-04-10,65,0,0,0,0,0,0,0,0,0,0,0,0,0,0,0,65,0,0
Ecuador,2023-04-24,82,0,0,0,0,0,0,0,0,0,0,0,0,0,0,0,82,0,0
Ecuador,2023-05-08,88,0,0,0,0,0,0,0,0,0,0,0,0,0,0,0,88,0,0
Ecuador,2023-05-22,100,0,0,0,0,0,0,0,0,0,0,0,0,0,0,0,100,0,0
Ecuador,2023-06-05,109,0,0,0,0,0,0,0,0,0,0,0,0,0,0,0,109,0,0
Ecuador,2023-06-19,82,0,0,0,0,0,0,0,0,0,0,0,0,0,0,0,82,0,0
Ecuador,2023-07-03,16,0,0,0,0,0,0,0,0,0,0,0,0,0,0,0,16,0,0
Ecuador,2023-07-17,14,0,0,0,0,0,0,0,0,0,0,0,0,0,0,0,14,0,0
Ecuador,2023-07-31,9,0,0,0,0,0,0,0,0,0,0,0,0,0,0,0,9,0,0
Ecuador,2023-08-14,10,0,0,0,0,0,0,0,0,0,0,0,0,0,0,0,10,0,0
Ecuador,2023-08-28,38,0,0,0,0,0,0,0,0,0,0,0,0,0,0,0,38,0,0
Ecuador,2023-09-11,12,0,0,0,0,0,0,0,0,0,0,0,0,0,0,0,12,0,0
Ecuador,2023-09-25,22,1,0,0,0,0,0,0,0,0,0,0,0,0,0,0,21,0,0
Ecuador,2023-10-09,24,0,0,0,0,0,0,0,0,0,0,0,0,0,0,0,24,0,0
Ecuador,2023-10-23,26,0,0,0,0,0,0,0,0,0,0,0,0,0,0,0,26,0,0
Ecuador,2023-11-06,48,0,0,0,0,0,0,0,0,0,0,0,0,0,0,0,48,0,0
Ecuador,2023-11-20,88,0,0,0,0,0,0,0,0,0,0,0,0,0,0,0,88,0,0
Ecuador,2023-12-04,85,0,0,0,0,0,0,0,0,0,0,0,0,0,0,0,85,0,0
Ecuador,2023-12-18,94,1,0,0,0,0,0,0,0,0,0,0,0,0,0,0,93,0,0
Ecuador,2024-01-01,86,0,0,0,0,0,0,0,0,0,0,0,0,0,0,0,86,0,0
Ecuador,2024-01-15,48,0,0,0,0,0,0,0,0,0,0,0,0,0,0,0,48,0,0
Ecuador,2024-01-29,31,0,0,0,0,0,0,0,0,0,0,0,0,0,0,0,31,0,0
Ecuador,2024-02-12,45,0,0,0,0,0,0,0,0,0,0,0,0,0,0,0,45,0,0
Ecuador,2024-02-26,43,0,0,0,0,0,0,0,0,0,0,0,0,0,0,0,43,0,0
Ecuador,2024-03-11,29,0,0,0,0,0,0,0,0,0,0,0,0,0,0,0,29,0,0
Ecuador,2024-03-25,7,0,0,0,0,0,0,0,0,0,0,0,0,0,0,0,7,0,0
Ecuador,2024-04-08,2,0,0,0,0,0,0,0,0,0,0,0,0,0,0,0,2,0,0
Ecuador,2024-04-22,4,0,0,0,0,0,0,0,0,0,0,0,0,0,0,0,4,0,0
Ecuador,2024-05-06,8,0,0,0,0,0,0,0,0,0,0,0,0,0,0,0,8,0,0
Ecuador,2024-07-01,36,0,0,0,0,0,0,0,0,0,0,0,0,0,0,0,36,0,0
Ecuador,2024-07-15,36,0,0,0,0,0,0,0,0,0,0,0,0,0,0,0,36,0,0
Ecuador,2024-07-29,48,0,0,0,0,0,0,0,0,0,0,0,0,0,0,0,48,0,0
Egypt,2020-04-27,33,0,0,0,0,0,0,0,0,0,0,5,0,1,0,0,0,1,26
Egypt,2020-05-11,20,0,0,0,0,0,0,0,0,0,0,3,0,1,0,0,0,0,16
Egypt,2020-05-25,104,0,0,0,0,0,0,0,0,0,0,16,0,3,0,0,0,2,83
Egypt,2020-06-08,56,0,0,0,0,0,0,0,0,0,0,9,0,1,0,0,0,1,45
Egypt,2020-06-22,75,0,0,0,0,0,0,0,0,0,0,12,0,2,0,0,0,1,60
Egypt,2020-07-06,28,0,0,0,0,0,0,0,0,0,0,4,0,1,0,0,0,1,22
Egypt,2020-07-20,26,0,0,0,0,0,0,0,0,0,0,4,0,1,0,0,0,0,21
Egypt,2020-08-03,21,0,0,0,0,0,0,0,0,0,0,3,0,1,0,0,0,0,17
Egypt,2020-08-17,30,0,0,0,0,0,0,0,0,0,0,5,0,1,0,0,0,0,24
Egypt,2020-08-31,6,0,0,0,0,0,0,0,0,0,0,1,0,0,0,0,0,0,5
Egypt,2020-09-14,6,0,0,0,0,0,0,0,0,0,0,1,0,0,0,0,0,0,5
Egypt,2020-09-28,11,0,0,0,0,0,0,0,0,0,0,2,0,0,0,0,0,0,9
Egypt,2020-10-12,8,0,0,0,0,0,0,0,0,0,0,1,0,0,0,0,0,0,7
Egypt,2020-10-26,6,0,0,0,0,0,0,0,0,0,0,1,0,0,0,0,0,0,5
Egypt,2020-11-09,12,0,2,0,1,3,0,0,0,0,0,0,0,0,0,0,0,0,6
Egypt,2020-11-23,2,0,0,0,0,0,0,0,0,0,0,0,0,0,0,0,0,0,2
Egypt,2020-12-07,30,0,0,0,0,0,0,0,0,0,0,5,0,1,0,0,0,0,24
Egypt,2020-12-21,71,0,0,0,0,0,0,0,0,0,0,11,0,2,0,0,0,2,56
Egypt,2021-01-04,20,0,0,0,0,0,0,0,0,0,0,3,0,1,0,0,0,0,16
Egypt,2021-01-18,2,0,0,0,0,0,0,0,0,0,0,0,0,0,0,0,0,0,2
Egypt,2021-02-01,65,0,0,0,0,0,0,0,0,0,0,10,0,2,0,0,0,1,52
Egypt,2021-03-01,16,0,2,0,0,3,0,2,0,0,0,1,0,0,0,0,0,0,8
Egypt,2021-03-15,41,0,5,0,0,8,0,7,0,0,0,1,0,0,0,0,0,0,20
Egypt,2021-03-29,25,0,3,0,0,5,0,4,0,0,0,1,0,0,0,0,0,0,12
Egypt,2021-04-12,16,0,2,0,0,3,0,4,0,0,0,0,0,0,0,0,0,0,7
Egypt,2021-04-26,45,0,6,0,0,9,0,6,0,0,0,1,0,0,0,0,0,0,23
Egypt,2021-05-10,18,0,2,0,0,4,0,2,0,0,0,0,0,0,0,0,0,0,10
Egypt,2021-06-07,1,0,0,0,0,0,0,0,0,0,0,0,0,0,0,0,0,0,1
Egypt,2021-07-05,2,0,0,0,0,0,0,0,0,1,0,0,0,0,0,0,0,0,1
Egypt,2021-07-19,1,0,0,0,0,0,0,0,0,0,0,0,0,0,0,0,0,0,1
Egypt,2021-08-02,5,0,0,0,0,0,0,0,0,5,0,0,0,0,0,0,0,0,0
Egypt,2021-08-16,2,0,0,0,0,0,0,0,0,2,0,0,0,0,0,0,0,0,0
Egypt,2021-08-30,7,0,0,0,0,0,0,0,0,7,0,0,0,0,0,0,0,0,0
Egypt,2021-09-13,5,0,0,0,0,0,0,0,0,5,0,0,0,0,0,0,0,0,0
Egypt,2021-09-27,8,0,0,0,0,0,0,0,0,8,0,0,0,0,0,0,0,0,0
Egypt,2021-10-11,16,0,0,0,0,0,0,0,0,15,0,0,0,0,0,0,0,0,1
Egypt,2021-10-25,10,0,0,0,0,0,0,0,0,10,0,0,0,0,0,0,0,0,0
Egypt,2021-11-08,7,0,0,0,0,0,0,0,0,7,0,0,0,0,0,0,0,0,0
Egypt,2021-11-22,36,0,0,0,0,0,0,0,0,33,0,0,0,0,0,0,3,0,0
Egypt,2021-12-06,54,0,0,0,0,0,0,7,6,27,0,0,0,0,0,1,11,0,2
Egypt,2021-12-20,18,0,0,0,0,0,0,0,0,17,0,0,0,0,0,0,1,0,0
Egypt,2022-01-03,36,0,0,0,0,0,0,0,0,2,0,0,0,0,0,0,34,0,0
Egypt,2022-01-17,25,0,0,0,0,0,0,0,0,0,0,0,0,0,0,0,25,0,0
Egypt,2022-01-31,29,0,0,0,0,0,0,0,0,0,0,0,0,0,0,0,29,0,0
Egypt,2022-02-14,26,0,0,0,0,0,0,0,0,2,0,0,0,0,0,0,24,0,0
Egypt,2022-02-28,56,0,0,0,0,0,0,0,0,3,0,0,0,0,0,0,53,0,0
Egypt,2022-03-14,7,0,0,0,0,0,0,0,0,0,0,0,0,0,0,0,7,0,0
Egypt,2022-04-11,5,0,0,0,0,0,0,0,0,0,0,0,0,0,0,0,5,0,0
Egypt,2022-04-25,10,0,0,0,0,0,0,0,0,0,0,0,0,0,0,0,10,0,0
Egypt,2022-05-09,13,0,0,0,0,0,0,0,0,0,0,0,0,0,0,0,13,0,0
Egypt,2022-05-23,51,0,0,0,0,0,0,0,0,0,0,0,0,0,0,0,51,0,0
Egypt,2022-06-06,11,0,0,0,0,0,0,0,0,0,0,0,0,0,0,0,11,0,0
Egypt,2022-06-20,76,0,0,0,0,0,0,0,0,0,0,0,0,0,0,0,76,0,0
Egypt,2022-07-04,99,0,0,0,0,0,0,0,0,0,0,0,0,0,0,0,99,0,0
Egypt,2022-07-18,248,0,0,0,0,0,0,0,0,0,0,0,0,0,0,0,248,0,0
Egypt,2022-08-01,195,0,0,0,0,0,0,0,0,0,0,0,0,0,0,0,195,0,0
Egypt,2022-08-15,76,0,0,0,0,0,0,0,0,0,0,0,0,0,0,0,76,0,0
Egypt,2022-08-29,61,0,0,0,0,0,0,0,0,0,0,0,0,0,0,0,61,0,0
Egypt,2022-09-12,15,0,0,0,0,0,0,0,0,0,0,0,0,0,0,0,15,0,0
Egypt,2022-09-26,42,0,0,0,0,0,0,0,0,0,0,0,0,0,0,0,42,0,0
Egypt,2022-10-10,5,0,0,0,0,0,0,0,0,0,0,0,0,0,0,0,5,0,0
Egypt,2022-10-24,1,0,0,0,0,0,0,0,0,0,0,0,0,0,0,0,1,0,0
Egypt,2022-11-07,32,0,0,0,0,0,0,0,0,0,0,0,0,0,0,0,32,0,0
Egypt,2022-11-21,42,1,0,0,0,0,0,0,0,0,0,0,0,0,0,0,41,0,0
Egypt,2022-12-05,37,2,0,0,0,0,0,0,0,0,0,0,0,0,0,0,35,0,0
Egypt,2022-12-19,13,1,0,0,0,0,0,0,0,0,0,0,0,0,0,0,12,0,0
Egypt,2023-01-16,2,0,0,0,0,0,0,0,0,0,0,0,0,0,0,0,2,0,0
Egypt,2023-01-30,14,0,0,0,0,0,0,0,0,0,0,0,0,0,0,0,14,0,0
Egypt,2023-02-13,124,0,0,0,0,0,0,0,0,0,0,0,0,0,0,0,124,0,0
Egypt,2023-02-27,177,2,0,0,0,0,0,0,0,0,0,0,0,0,0,0,175,0,0
Egypt,2023-03-13,52,0,0,0,0,0,0,0,0,0,0,0,0,0,0,0,52,0,0
Egypt,2023-03-27,30,0,0,0,0,0,0,0,0,0,0,0,0,0,0,0,30,0,0
Egypt,2023-04-10,16,0,0,0,0,0,0,0,0,0,0,0,0,0,0,0,16,0,0
Egypt,2023-04-24,26,0,0,0,0,0,0,0,0,0,0,0,0,0,0,0,26,0,0
Egypt,2023-05-08,11,0,0,0,0,0,0,0,0,0,0,0,0,0,0,0,11,0,0
Egypt,2023-05-22,5,0,0,0,0,0,0,0,0,0,0,0,0,0,0,0,5,0,0
Egypt,2023-06-05,1,0,0,0,0,0,0,0,0,0,0,0,0,0,0,0,1,0,0
Egypt,2024-01-29,10,0,0,0,0,0,0,0,0,0,0,0,0,0,0,0,10,0,0
Egypt,2024-02-12,5,0,0,0,0,0,0,0,0,0,0,0,0,0,0,0,5,0,0
Egypt,2024-02-26,4,0,0,0,0,0,0,0,0,0,0,0,0,0,0,0,4,0,0
Egypt,2024-07-01,8,0,0,0,0,0,0,0,0,0,0,0,0,0,0,0,8,0,0
Egypt,2024-07-15,10,0,0,0,0,0,0,0,0,0,0,0,0,0,0,0,10,0,0
Egypt,2024-07-29,8,0,0,0,0,0,0,0,0,0,0,0,0,0,0,0,8,0,0
El Salvador,2020-05-11,2,0,0,0,0,0,0,0,0,0,0,0,0,0,0,0,0,0,2
El Salvador,2020-06-08,10,0,0,0,0,0,0,0,0,0,0,0,0,0,0,0,0,0,10
El Salvador,2020-06-22,1,0,0,0,0,0,0,0,0,0,0,0,0,0,0,0,0,0,1
El Salvador,2020-08-03,8,0,0,0,0,0,0,0,0,0,0,0,0,0,0,0,0,0,8
El Salvador,2020-08-17,5,0,0,0,0,0,0,0,0,0,0,0,0,0,0,0,0,0,5
El Salvador,2020-09-14,1,0,0,0,0,0,0,0,0,0,0,0,0,0,0,0,0,0,1
El Salvador,2021-01-04,2,0,0,0,0,0,0,0,0,0,0,0,0,0,0,0,0,0,2
El Salvador,2021-01-18,7,0,0,0,0,0,0,0,0,0,0,1,0,0,0,0,0,2,4
El Salvador,2021-02-15,3,0,0,0,0,0,0,0,0,0,0,0,0,0,0,0,0,0,3
El Salvador,2021-03-01,2,0,0,0,0,0,0,0,0,0,0,1,0,0,0,0,0,0,1
El Salvador,2021-03-29,1,0,0,0,0,0,0,0,0,0,0,1,0,0,0,0,0,0,0
El Salvador,2021-04-12,1,0,0,0,0,0,0,0,0,0,0,0,0,0,0,0,0,0,1
El Salvador,2021-04-26,95,8,3,1,0,0,0,2,1,0,0,16,0,0,3,0,0,0,61
El Salvador,2021-05-10,2,0,0,0,0,0,0,0,0,0,0,0,0,0,0,0,0,0,2
El Salvador,2021-05-24,8,2,0,0,0,0,0,0,0,0,0,0,0,0,0,0,0,0,6
El Salvador,2021-06-21,16,4,0,0,0,0,0,0,0,0,0,0,0,0,0,0,0,0,12
El Salvador,2021-07-05,1,0,0,0,0,0,0,0,1,0,0,0,0,0,0,0,0,0,0
El Salvador,2021-07-19,89,9,3,1,0,0,0,2,3,0,0,14,0,1,3,0,0,0,53
El Salvador,2021-08-02,17,1,0,0,0,0,0,1,0,2,0,0,1,0,6,2,0,0,4
El Salvador,2021-10-25,29,0,0,0,0,0,0,0,0,29,0,0,0,0,0,0,0,0,0
El Salvador,2021-11-08,23,0,0,0,0,0,0,0,0,23,0,0,0,0,0,0,0,0,0
El Salvador,2021-11-22,24,0,0,0,0,0,0,0,0,21,0,0,0,0,0,0,3,0,0
El Salvador,2021-12-06,9,0,0,0,0,0,0,0,0,9,0,0,0,0,0,0,0,0,0
El Salvador,2021-12-20,6,0,0,0,0,0,0,0,0,1,0,0,0,0,0,0,5,0,0
El Salvador,2022-01-03,104,0,0,0,0,0,0,0,0,1,0,0,0,0,0,0,103,0,0
El Salvador,2022-01-17,36,0,0,0,0,0,0,0,0,0,0,0,0,0,0,0,36,0,0
El Salvador,2022-01-31,1,0,0,0,0,0,0,0,0,0,0,0,0,0,0,0,1,0,0
El Salvador,2022-03-28,2,0,0,0,0,0,0,0,0,0,0,0,0,0,0,0,2,0,0
El Salvador,2022-04-11,4,1,0,0,0,0,0,0,0,0,0,0,0,0,0,0,3,0,0
El Salvador,2022-04-25,6,0,0,0,0,0,0,0,0,0,0,0,0,0,0,0,6,0,0
El Salvador,2022-05-09,11,0,0,0,0,0,0,0,0,0,0,0,0,0,0,0,11,0,0
El Salvador,2022-05-23,28,0,0,0,0,0,0,0,0,0,0,0,0,0,0,0,28,0,0
El Salvador,2022-06-06,12,0,0,0,0,0,0,0,0,0,0,0,0,0,0,0,12,0,0
El Salvador,2022-06-20,8,0,0,0,0,0,0,0,0,0,0,0,0,0,0,0,8,0,0
El Salvador,2022-07-04,72,0,0,0,0,0,0,0,0,0,0,0,0,0,0,0,72,0,0
El Salvador,2022-07-18,60,0,0,0,0,0,0,0,0,0,0,0,0,0,0,0,60,0,0
El Salvador,2022-08-01,23,0,0,0,0,0,0,0,0,0,0,0,0,0,0,0,23,0,0
El Salvador,2022-08-15,9,0,0,0,0,0,0,0,0,0,0,0,0,0,0,0,9,0,0
El Salvador,2022-08-29,2,0,0,0,0,0,0,0,0,0,0,0,0,0,0,0,2,0,0
El Salvador,2022-10-24,2,0,0,0,0,0,0,0,0,0,0,0,0,0,0,0,2,0,0
El Salvador,2022-11-07,77,0,0,0,0,0,0,0,0,0,0,0,0,0,0,0,77,0,0
El Salvador,2022-11-21,45,0,0,0,0,0,0,0,0,0,0,0,0,0,0,0,45,0,0
El Salvador,2022-12-05,11,0,0,0,0,0,0,0,0,0,0,0,0,0,0,0,11,0,0
El Salvador,2022-12-19,4,0,0,0,0,0,0,0,0,0,0,0,0,0,0,0,4,0,0
El Salvador,2023-01-02,1,0,0,0,0,0,0,0,0,0,0,0,0,0,0,0,1,0,0
El Salvador,2023-02-27,2,0,0,0,0,0,0,0,0,0,0,0,0,0,0,0,2,0,0
El Salvador,2023-03-13,2,0,0,0,0,0,0,0,0,0,0,0,0,0,0,0,2,0,0
El Salvador,2023-04-10,1,0,0,0,0,0,0,0,0,0,0,0,0,0,0,0,1,0,0
El Salvador,2023-05-22,1,0,0,0,0,0,0,0,0,0,0,0,0,0,0,0,1,0,0
El Salvador,2023-06-05,2,0,0,0,0,0,0,0,0,0,0,0,0,0,0,0,2,0,0
El Salvador,2023-06-19,1,0,0,0,0,0,0,0,0,0,0,0,0,0,0,0,1,0,0
El Salvador,2023-07-03,8,0,0,0,0,0,0,0,0,0,0,0,0,0,0,0,8,0,0
El Salvador,2023-07-17,19,0,0,0,0,0,0,0,0,0,0,0,0,0,0,0,19,0,0
El Salvador,2023-07-31,24,0,0,0,0,0,0,0,0,0,0,0,0,0,0,0,24,0,0
El Salvador,2023-08-14,20,0,0,0,0,0,0,0,0,0,0,0,0,0,0,0,20,0,0
El Salvador,2023-08-28,11,0,0,0,0,0,0,0,0,0,0,0,0,0,0,0,11,0,0
El Salvador,2023-09-11,2,0,0,0,0,0,0,0,0,0,0,0,0,0,0,0,2,0,0
El Salvador,2023-11-06,1,0,0,0,0,0,0,0,0,0,0,0,0,0,0,0,1,0,0
El Salvador,2023-11-20,1,0,0,0,0,0,0,0,0,0,0,0,0,0,0,0,1,0,0
El Salvador,2023-12-18,3,0,0,0,0,0,0,0,0,0,0,0,0,0,0,0,3,0,0
El Salvador,2024-01-01,25,0,0,0,0,0,0,0,0,0,0,0,0,0,0,0,25,0,0
El Salvador,2024-01-15,4,0,0,0,0,0,0,0,0,0,0,0,0,0,0,0,4,0,0
El Salvador,2024-01-29,1,0,0,0,0,0,0,0,0,0,0,0,0,0,0,0,1,0,0
El Salvador,2024-05-06,1,0,0,0,0,0,0,0,0,0,0,0,0,0,0,0,1,0,0
El Salvador,2024-07-01,5,0,0,0,0,0,0,0,0,0,0,0,0,0,0,0,5,0,0
El Salvador,2024-07-15,7,0,0,0,0,0,0,0,0,0,0,0,0,0,0,0,7,0,0
El Salvador,2024-07-29,3,0,0,0,0,0,0,0,0,0,0,0,0,0,0,0,3,0,0
Estonia,2020-08-31,4,0,1,0,0,1,0,0,0,0,0,0,0,0,0,0,0,0,2
Estonia,2020-09-14,114,0,14,0,0,1,0,0,0,0,0,0,0,0,0,0,0,0,99
Estonia,2020-09-28,51,0,4,0,0,0,0,0,0,0,0,0,0,0,0,0,0,0,47
Estonia,2020-10-12,18,0,4,0,0,0,0,0,0,0,0,0,0,0,0,0,0,0,14
Estonia,2020-10-26,39,0,13,0,0,2,0,0,0,0,0,0,0,0,0,0,0,0,24
Estonia,2020-11-09,14,0,11,0,0,0,0,0,0,0,0,0,0,0,0,0,0,0,3
Estonia,2020-12-07,2,0,2,0,0,0,0,0,0,0,0,0,0,0,0,0,0,0,0
Estonia,2020-12-21,33,0,18,0,0,3,0,5,0,0,0,0,0,0,0,0,0,0,7
Estonia,2021-01-04,5,0,2,0,0,2,0,0,0,0,0,0,0,0,0,0,0,0,1
Estonia,2021-01-18,40,0,5,0,0,21,0,1,0,0,0,0,0,0,0,0,0,0,13
Estonia,2021-02-01,159,0,30,0,0,45,0,22,0,0,0,2,0,0,0,0,0,1,59
Estonia,2021-02-15,438,0,82,1,0,90,2,124,0,0,0,4,0,0,0,0,0,3,132
Estonia,2021-03-01,621,0,46,1,0,41,1,458,1,0,0,12,0,1,0,0,0,3,57
Estonia,2021-03-15,966,0,45,3,0,19,13,796,3,0,0,23,0,3,0,0,0,4,57
Estonia,2021-03-29,766,0,9,1,0,3,14,714,2,0,0,6,1,3,0,0,0,1,12
Estonia,2021-04-12,347,0,2,0,0,1,3,341,0,0,0,0,0,0,0,0,0,0,0
Estonia,2021-04-26,325,0,0,0,0,1,0,320,1,0,0,1,0,1,0,0,0,0,1
Estonia,2021-05-10,166,0,0,0,0,0,0,164,0,0,0,1,0,0,0,0,0,0,1
Estonia,2021-05-24,79,0,0,0,0,0,0,79,0,0,0,0,0,0,0,0,0,0,0
Estonia,2021-06-07,98,0,0,0,0,0,0,96,0,2,0,0,0,0,0,0,0,0,0
Estonia,2021-06-21,56,0,0,0,0,0,0,4,0,52,0,0,0,0,0,0,0,0,0
Estonia,2021-07-05,160,0,0,0,0,0,0,13,0,147,0,0,0,0,0,0,0,0,0
Estonia,2021-07-19,367,0,0,0,0,0,0,7,0,360,0,0,0,0,0,0,0,0,0
Estonia,2021-08-02,360,0,0,0,0,0,0,0,0,360,0,0,0,0,0,0,0,0,0
Estonia,2021-08-16,362,0,0,0,0,0,0,0,0,362,0,0,0,0,0,0,0,0,0
Estonia,2021-08-30,365,0,0,0,0,0,0,0,0,365,0,0,0,0,0,0,0,0,0
Estonia,2021-09-13,347,0,0,0,0,0,0,0,0,347,0,0,0,0,0,0,0,0,0
Estonia,2021-09-27,332,0,0,0,0,0,0,0,0,332,0,0,0,0,0,0,0,0,0
Estonia,2021-10-11,361,0,0,0,0,0,0,0,0,361,0,0,0,0,0,0,0,0,0
Estonia,2021-10-25,289,0,0,0,0,0,0,0,0,289,0,0,0,0,0,0,0,0,0
Estonia,2021-11-08,325,0,0,0,0,0,0,0,0,325,0,0,0,0,0,0,0,0,0
Estonia,2021-11-22,332,0,0,0,0,0,0,0,0,332,0,0,0,0,0,0,0,0,0
Estonia,2021-12-06,346,0,0,0,0,0,0,0,0,341,0,0,0,0,0,0,5,0,0
Estonia,2021-12-20,332,0,0,0,0,0,0,0,0,207,0,0,0,0,0,0,125,0,0
Estonia,2022-01-03,322,0,0,0,0,0,0,0,0,29,0,0,0,0,0,0,293,0,0
Estonia,2022-01-17,278,0,0,0,0,0,0,0,0,8,0,0,0,0,0,0,270,0,0
Estonia,2022-01-31,236,0,0,0,0,0,0,0,0,1,0,0,0,0,0,0,235,0,0
Estonia,2022-02-14,349,0,0,0,0,0,0,0,0,0,0,0,0,0,0,0,349,0,0
Estonia,2022-02-28,357,0,0,0,0,0,0,0,0,0,0,0,0,0,0,0,357,0,0
Estonia,2022-03-14,349,1,0,0,0,0,0,0,0,0,0,0,0,0,0,0,348,0,0
Estonia,2022-03-28,364,1,0,0,0,0,0,0,0,0,0,0,0,0,0,0,363,0,0
Estonia,2022-04-11,342,4,0,0,0,0,0,0,0,0,0,0,0,0,0,0,338,0,0
Estonia,2022-04-25,362,6,0,0,0,0,0,0,0,0,0,0,0,0,0,0,356,0,0
Estonia,2022-05-09,372,10,0,0,0,0,0,0,0,0,0,0,0,0,0,0,362,0,0
Estonia,2022-05-23,351,0,0,0,0,0,0,0,0,0,0,0,0,0,0,0,351,0,0
Estonia,2022-06-06,295,3,0,0,0,0,0,0,0,0,0,0,0,0,0,0,292,0,0
Estonia,2022-06-20,129,0,0,0,0,0,0,0,0,0,0,0,0,0,0,0,129,0,0
Estonia,2022-07-04,177,0,0,0,0,0,0,0,0,0,0,0,0,0,0,0,177,0,0
Estonia,2022-07-18,129,0,0,0,0,0,0,0,0,0,0,0,0,0,0,0,129,0,0
Estonia,2022-08-01,152,1,0,0,0,0,0,0,0,0,0,0,0,0,0,0,151,0,0
Estonia,2022-08-15,322,0,0,0,0,0,0,0,0,0,0,0,0,0,0,0,322,0,0
Estonia,2022-08-29,243,0,0,0,0,0,0,0,0,0,0,0,0,0,0,0,243,0,0
Estonia,2022-09-12,374,0,0,0,0,0,0,0,0,0,0,0,0,0,0,0,374,0,0
Estonia,2022-09-26,373,0,0,0,0,0,0,0,0,0,0,0,0,0,0,0,373,0,0
Estonia,2022-10-10,69,0,0,0,0,0,0,0,0,0,0,0,0,0,0,0,69,0,0
Estonia,2023-01-02,30,0,0,0,0,0,0,0,0,0,0,0,0,0,0,0,30,0,0
Estonia,2023-01-16,120,0,0,0,0,0,0,0,0,0,0,0,0,0,0,0,120,0,0
Estonia,2023-01-30,126,0,0,0,0,0,0,0,0,0,0,0,0,0,0,0,126,0,0
Estonia,2023-02-13,83,0,0,0,0,0,0,0,0,0,0,0,0,0,0,0,83,0,0
Estonia,2023-02-27,66,0,0,0,0,0,0,0,0,0,0,0,0,0,0,0,66,0,0
Estonia,2023-03-13,107,4,0,0,0,0,0,0,0,0,0,0,0,0,0,0,103,0,0
Estonia,2023-03-27,99,1,0,0,0,0,0,0,0,0,0,0,0,0,0,0,98,0,0
Estonia,2023-04-10,105,0,0,0,0,0,0,0,0,0,0,0,0,0,0,0,105,0,0
Estonia,2023-04-24,72,1,0,0,0,0,0,0,0,0,0,0,0,0,0,0,71,0,0
Estonia,2023-05-08,67,0,0,0,0,0,0,0,0,0,0,0,0,0,0,0,67,0,0
Estonia,2023-05-22,38,0,0,0,0,0,0,0,0,0,0,0,0,0,0,0,38,0,0
Estonia,2023-06-05,23,0,0,0,0,0,0,0,0,0,0,0,0,0,0,0,23,0,0
Estonia,2023-06-19,8,0,0,0,0,0,0,0,0,0,0,0,0,0,0,0,8,0,0
Estonia,2023-07-03,12,0,0,0,0,0,0,0,0,0,0,0,0,0,0,0,12,0,0
Estonia,2023-07-17,7,0,0,0,0,0,0,0,0,0,0,0,0,0,0,0,7,0,0
Estonia,2023-07-31,6,0,0,0,0,0,0,0,0,0,0,0,0,0,0,0,6,0,0
Estonia,2023-08-14,7,0,0,0,0,0,0,0,0,0,0,0,0,0,0,0,7,0,0
Estonia,2023-08-28,11,0,0,0,0,0,0,0,0,0,0,0,0,0,0,0,11,0,0
Estonia,2023-09-11,11,0,0,0,0,0,0,0,0,0,0,0,0,0,0,0,11,0,0
Estonia,2023-09-25,19,1,0,0,0,0,0,0,0,0,0,0,0,0,0,0,18,0,0
Estonia,2023-10-09,33,2,0,0,0,0,0,0,0,0,0,0,0,0,0,0,31,0,0
Estonia,2023-10-23,121,1,0,0,0,0,0,0,0,0,0,0,0,0,0,0,120,0,0
Estonia,2023-11-06,116,1,0,0,0,0,0,0,0,0,0,0,0,0,0,0,115,0,0
Estonia,2023-11-20,165,3,0,0,0,0,0,0,0,0,0,0,0,0,0,0,162,0,0
Estonia,2023-12-04,167,1,0,0,0,0,0,0,0,0,0,0,0,0,0,0,166,0,0
Estonia,2023-12-18,130,1,0,0,0,0,0,0,0,0,0,0,0,0,0,0,129,0,0
Estonia,2024-01-01,46,0,0,0,0,0,0,0,0,0,0,0,0,0,0,0,46,0,0
Estonia,2024-01-15,23,1,0,0,0,0,0,0,0,0,0,0,0,0,0,0,22,0,0
Estonia,2024-01-29,9,0,0,0,0,0,0,0,0,0,0,0,0,0,0,0,9,0,0
Estonia,2024-02-12,3,0,0,0,0,0,0,0,0,0,0,0,0,0,0,0,3,0,0
Estonia,2024-02-26,4,0,0,0,0,0,0,0,0,0,0,0,0,0,0,0,4,0,0
Estonia,2024-03-11,4,0,0,0,0,0,0,0,0,0,0,0,0,0,0,0,4,0,0
Estonia,2024-03-25,1,0,0,0,0,0,0,0,0,0,0,0,0,0,0,0,1,0,0
Estonia,2024-04-08,1,0,0,0,0,0,0,0,0,0,0,0,0,0,0,0,1,0,0
Estonia,2024-07-15,7,1,0,0,0,0,0,0,0,0,0,0,0,0,0,0,6,0,0
Estonia,2024-07-29,9,0,0,0,0,0,0,0,0,0,0,0,0,0,0,0,9,0,0
Eswatini,2020-11-09,2,2,0,0,0,0,0,0,0,0,0,0,0,0,0,0,0,0,0
Eswatini,2020-11-23,5,0,0,0,0,0,5,0,0,0,0,0,0,0,0,0,0,0,0
Eswatini,2020-12-07,3,0,0,0,0,0,3,0,0,0,0,0,0,0,0,0,0,0,0
Eswatini,2020-12-21,1,0,0,0,0,0,1,0,0,0,0,0,0,0,0,0,0,0,0
Eswatini,2021-01-04,4,0,0,0,0,0,4,0,0,0,0,0,0,0,0,0,0,0,0
Eswatini,2021-01-18,5,0,0,0,0,0,5,0,0,0,0,0,0,0,0,0,0,0,0
Eswatini,2021-02-01,15,0,0,0,0,0,15,0,0,0,0,0,0,0,0,0,0,0,0
Eswatini,2021-02-15,6,0,0,0,0,0,6,0,0,0,0,0,0,0,0,0,0,0,0
Eswatini,2021-03-01,1,0,0,0,0,0,1,0,0,0,0,0,0,0,0,0,0,0,0
Eswatini,2021-03-15,2,0,0,0,0,0,2,0,0,0,0,0,0,0,0,0,0,0,0
Eswatini,2021-04-12,6,0,0,0,0,0,6,0,0,0,0,0,0,0,0,0,0,0,0
Eswatini,2021-04-26,5,0,0,0,0,0,5,0,0,0,0,0,0,0,0,0,0,0,0
Eswatini,2021-05-10,5,0,0,0,0,0,4,0,0,0,0,0,0,0,0,0,0,0,1
Eswatini,2021-05-24,8,0,0,0,0,0,5,3,0,0,0,0,0,0,0,0,0,0,0
Eswatini,2021-06-07,18,0,0,0,0,0,8,3,0,6,0,0,0,0,0,0,0,0,1
Eswatini,2021-06-21,41,0,0,0,0,0,0,0,0,41,0,0,0,0,0,0,0,0,0
Eswatini,2021-07-05,32,0,0,0,0,0,2,0,0,29,0,0,0,0,0,0,0,0,1
Eswatini,2021-07-19,33,0,0,0,0,0,0,0,0,33,0,0,0,0,0,0,0,0,0
Eswatini,2021-08-02,80,0,0,0,0,0,1,0,0,79,0,0,0,0,0,0,0,0,0
Eswatini,2021-08-16,7,0,0,0,0,0,0,0,0,7,0,0,0,0,0,0,0,0,0
Eswatini,2021-08-30,2,0,0,0,0,0,0,0,0,2,0,0,0,0,0,0,0,0,0
Eswatini,2021-09-13,24,0,0,0,0,0,0,0,0,24,0,0,0,0,0,0,0,0,0
Eswatini,2021-09-27,54,0,0,0,0,0,0,0,0,54,0,0,0,0,0,0,0,0,0
Eswatini,2021-10-11,10,0,0,0,0,0,1,0,0,9,0,0,0,0,0,0,0,0,0
Eswatini,2021-11-22,75,1,0,0,0,0,0,0,0,2,0,0,0,0,0,0,72,0,0
Eswatini,2021-12-06,102,0,0,0,0,0,0,0,0,0,0,0,0,0,0,0,102,0,0
Eswatini,2021-12-20,27,0,0,0,0,0,0,0,0,0,0,0,0,0,0,0,27,0,0
Eswatini,2022-01-03,24,0,0,0,0,0,0,0,0,0,0,0,0,0,0,0,24,0,0
Eswatini,2022-01-17,7,0,0,0,0,0,0,0,0,0,0,0,0,0,0,0,7,0,0
Eswatini,2022-01-31,12,0,0,0,0,0,0,0,0,0,0,0,0,0,0,0,12,0,0
Eswatini,2022-02-14,9,0,0,0,0,0,0,0,0,0,0,0,0,0,0,0,9,0,0
Eswatini,2022-02-28,5,0,0,0,0,0,0,0,0,0,0,0,0,0,0,0,5,0,0
Eswatini,2022-03-14,9,0,0,0,0,0,0,0,0,0,0,0,0,0,0,0,9,0,0
Eswatini,2022-03-28,7,0,0,0,0,0,0,0,0,0,0,0,0,0,0,0,7,0,0
Eswatini,2022-04-11,46,0,0,0,0,0,0,0,0,0,0,0,0,0,0,0,46,0,0
Eswatini,2022-04-25,84,0,0,0,0,0,0,0,0,0,0,0,0,0,0,0,84,0,0
Eswatini,2022-05-09,75,0,0,0,0,0,0,0,0,1,0,0,0,0,0,0,74,0,0
Eswatini,2022-05-23,23,0,0,0,0,0,0,0,0,0,0,0,0,0,0,0,23,0,0
Eswatini,2022-06-06,15,0,0,0,0,0,0,0,0,0,0,0,0,0,0,0,15,0,0
Eswatini,2022-06-20,5,0,0,0,0,0,0,0,0,1,0,0,0,0,0,0,4,0,0
Eswatini,2022-07-04,2,0,0,0,0,0,0,0,0,0,0,0,0,0,0,0,2,0,0
Eswatini,2022-07-18,2,0,0,0,0,0,0,0,0,0,0,0,0,0,0,0,2,0,0
Eswatini,2022-08-01,2,0,0,0,0,0,0,0,0,0,0,0,0,0,0,0,2,0,0
Eswatini,2022-08-15,1,0,0,0,0,0,0,0,0,0,0,0,0,0,0,0,1,0,0
Eswatini,2022-10-10,3,0,0,0,0,0,0,0,0,0,0,0,0,0,0,0,3,0,0
Eswatini,2022-10-24,6,0,0,0,0,0,0,0,0,0,0,0,0,0,0,0,6,0,0
Eswatini,2022-11-07,13,0,0,0,0,0,0,0,0,0,0,0,0,0,0,0,13,0,0
Eswatini,2022-11-21,19,0,0,0,0,0,0,0,0,0,0,0,0,0,0,0,19,0,0
Eswatini,2022-12-05,1,0,0,0,0,0,0,0,0,0,0,0,0,0,0,0,1,0,0
Eswatini,2022-12-19,2,0,0,0,0,0,0,0,0,0,0,0,0,0,0,0,2,0,0
Eswatini,2023-01-02,4,0,0,0,0,0,0,0,0,0,0,0,0,0,0,0,4,0,0
Eswatini,2023-01-16,1,0,0,0,0,0,0,0,0,0,0,0,0,0,0,0,1,0,0
Eswatini,2023-01-30,1,0,0,0,0,0,0,0,0,0,0,0,0,0,0,0,1,0,0
Eswatini,2023-02-13,6,0,0,0,0,0,0,0,0,0,0,0,0,0,0,0,6,0,0
Eswatini,2023-02-27,6,0,0,0,0,0,0,0,0,0,0,0,0,0,0,0,6,0,0
Eswatini,2023-03-13,13,0,0,0,0,0,0,0,0,0,0,0,0,0,0,0,13,0,0
Eswatini,2023-03-27,7,0,0,0,0,0,0,0,0,0,0,0,0,0,0,0,7,0,0
Eswatini,2023-04-10,22,0,0,0,0,0,0,0,0,0,0,0,0,0,0,0,22,0,0
Eswatini,2023-04-24,21,0,0,0,0,0,0,0,0,0,0,0,0,0,0,0,21,0,0
Eswatini,2023-05-08,11,0,0,0,0,0,0,0,0,0,0,0,0,0,0,0,11,0,0
Eswatini,2023-05-22,2,0,0,0,0,0,0,0,0,0,0,0,0,0,0,0,2,0,0
Ethiopia,2020-11-09,3,3,0,0,0,0,0,0,0,0,0,0,0,0,0,0,0,0,0
Ethiopia,2020-12-07,4,4,0,0,0,0,0,0,0,0,0,0,0,0,0,0,0,0,0
Ethiopia,2021-01-18,7,0,1,0,0,2,0,2,0,0,0,0,0,0,0,0,0,0,2
Ethiopia,2021-02-01,6,0,1,0,0,2,0,1,0,0,0,0,0,0,0,0,0,0,2
Ethiopia,2021-02-15,16,0,1,0,0,1,2,11,0,0,0,0,0,0,0,0,0,0,1
Ethiopia,2021-04-26,1,1,0,0,0,0,0,0,0,0,0,0,0,0,0,0,0,0,0
Ethiopia,2021-05-24,18,0,0,0,0,0,0,9,0,8,0,0,0,0,0,0,0,0,1
Ethiopia,2021-06-07,1,0,0,0,0,0,0,1,0,0,0,0,0,0,0,0,0,0,0
Ethiopia,2021-07-05,27,0,1,0,0,0,0,0,0,7,0,0,0,0,0,0,0,0,19
Ethiopia,2021-07-19,101,0,0,0,0,0,0,0,0,99,0,0,0,0,0,0,0,0,2
Ethiopia,2021-08-02,265,0,0,0,0,0,0,0,0,265,0,0,0,0,0,0,0,0,0
Ethiopia,2021-08-16,1,0,0,0,0,0,0,0,0,1,0,0,0,0,0,0,0,0,0
Ethiopia,2021-12-20,40,0,0,0,0,0,0,0,0,1,0,0,0,0,0,0,39,0,0
Ethiopia,2022-01-03,29,0,0,0,0,0,0,0,0,1,0,0,0,0,0,0,28,0,0
Ethiopia,2022-01-31,16,0,0,0,0,0,0,0,0,0,0,0,0,0,0,0,16,0,0
Ethiopia,2022-05-09,6,0,0,0,0,0,0,0,0,0,0,0,0,0,0,0,6,0,0
Ethiopia,2022-05-23,2,0,0,0,0,0,0,0,0,0,0,0,0,0,0,0,2,0,0
Ethiopia,2022-06-06,21,0,0,0,0,0,0,0,0,0,0,0,0,0,0,0,21,0,0
Ethiopia,2022-06-20,119,0,0,0,0,0,0,0,0,1,0,0,0,0,0,0,118,0,0
Ethiopia,2022-07-04,2,0,0,0,0,0,0,0,0,0,0,0,0,0,0,0,2,0,0
Ethiopia,2022-07-18,2,0,0,0,0,0,0,0,0,0,0,0,0,0,0,0,2,0,0
Ethiopia,2022-08-01,25,0,0,0,0,0,0,0,0,1,0,0,0,0,0,0,24,0,0
Fiji,2020-08-17,1,0,0,0,0,0,0,0,0,0,0,0,0,0,0,0,1,0,0
Fiji,2020-11-23,1,0,0,0,0,0,0,0,0,0,0,0,0,0,0,0,1,0,0
Fiji,2020-12-21,1,0,0,0,0,0,0,1,0,0,0,0,0,0,0,0,0,0,0
Fiji,2021-01-18,1,0,0,0,0,0,0,0,0,0,0,0,0,0,0,0,1,0,0
Fiji,2021-02-15,1,0,0,0,0,0,0,1,0,0,0,0,0,0,0,0,0,0,0
Fiji,2021-03-15,1,0,0,0,0,0,0,0,0,0,0,0,0,0,0,0,1,0,0
Fiji,2021-04-12,15,0,0,0,0,0,0,2,0,13,0,0,0,0,0,0,0,0,0
Fiji,2021-04-26,14,0,0,0,0,0,0,0,0,14,0,0,0,0,0,0,0,0,0
Fiji,2021-05-10,35,0,0,0,0,0,0,0,0,35,0,0,0,0,0,0,0,0,0
Fiji,2021-05-24,5,0,0,0,0,0,0,0,0,5,0,0,0,0,0,0,0,0,0
Fiji,2021-06-07,239,0,0,0,0,0,0,0,0,239,0,0,0,0,0,0,0,0,0
Fiji,2021-06-21,66,0,0,0,0,0,0,0,0,66,0,0,0,0,0,0,0,0,0
Fiji,2021-07-05,107,0,0,0,0,0,0,0,0,107,0,0,0,0,0,0,0,0,0
Finland,2020-04-27,102,0,0,0,0,0,0,0,0,0,0,0,0,3,0,0,0,0,99
Finland,2020-05-11,51,0,0,0,0,0,0,0,0,0,0,0,0,1,0,0,0,0,50
Finland,2020-05-25,36,0,0,0,0,0,0,0,0,0,0,0,0,1,0,0,0,0,35
Finland,2020-06-08,4,0,0,0,0,0,0,0,0,0,0,0,0,0,0,0,0,0,4
Finland,2020-08-03,10,0,0,0,0,0,0,0,0,0,0,0,0,0,0,0,0,0,10
Finland,2020-08-17,14,0,0,0,0,0,0,0,0,0,0,0,0,0,0,0,0,0,14
Finland,2020-08-31,23,0,8,0,0,0,0,0,0,0,0,0,0,0,0,0,0,0,15
Finland,2020-09-14,96,0,15,0,0,1,0,0,0,0,0,0,0,0,0,0,0,0,80
Finland,2020-09-28,283,0,30,1,0,1,0,0,0,0,0,0,0,0,0,0,0,0,251
Finland,2020-10-12,98,0,14,0,0,1,0,0,0,0,0,0,0,0,0,0,0,0,83
Finland,2020-10-26,51,0,7,0,0,1,0,0,0,0,0,0,0,0,0,0,0,0,43
Finland,2020-11-09,54,0,4,0,1,3,0,0,0,0,0,0,0,0,0,0,0,0,46
Finland,2020-11-23,155,0,24,0,0,5,0,0,0,0,0,0,0,0,0,0,0,0,126
Finland,2020-12-07,102,0,6,1,1,3,1,3,0,0,0,0,0,0,0,0,0,0,87
Finland,2020-12-21,142,0,49,0,0,3,1,44,0,0,0,0,0,0,0,0,0,0,45
Finland,2021-01-04,417,0,116,0,0,39,8,93,0,0,0,0,4,0,0,0,0,0,157
Finland,2021-01-18,857,0,124,2,0,116,9,336,0,0,0,1,6,0,0,0,0,0,263
Finland,2021-02-01,1499,0,115,0,0,101,61,960,1,0,0,1,10,1,0,0,0,2,247
Finland,2021-02-15,1467,0,103,0,0,194,100,836,0,0,0,0,1,0,0,0,0,2,231
Finland,2021-03-01,1638,0,44,1,0,116,211,1131,0,0,0,0,1,1,0,0,0,0,133
Finland,2021-03-15,1159,0,27,5,0,54,259,728,0,0,1,0,1,1,0,0,0,0,83
Finland,2021-03-29,742,0,2,1,0,16,168,528,0,0,0,0,3,0,0,0,0,0,24
Finland,2021-04-12,512,0,0,0,0,2,89,404,0,4,1,0,0,0,0,0,0,0,12
Finland,2021-04-26,498,0,1,0,0,0,41,414,0,31,2,0,0,0,0,0,0,0,9
Finland,2021-05-10,513,0,0,0,0,1,12,401,1,87,0,0,0,4,0,0,0,0,7
Finland,2021-05-24,326,0,0,0,0,0,2,241,2,78,0,0,0,1,0,1,0,0,1
Finland,2021-06-07,280,0,2,0,0,0,0,144,0,129,0,0,0,1,0,3,0,0,1
Finland,2021-06-21,744,0,0,0,0,0,2,48,6,684,0,0,0,0,0,1,0,0,3
Finland,2021-07-05,1034,0,1,0,0,0,1,10,1,1019,0,0,0,0,0,0,0,0,2
Finland,2021-07-19,1729,0,0,0,0,0,0,16,5,1706,0,0,1,0,0,0,0,0,1
Finland,2021-08-02,1164,0,0,0,0,0,0,5,2,1156,0,0,0,0,0,0,0,0,1
Finland,2021-08-16,900,0,0,0,0,0,0,0,0,900,0,0,0,0,0,0,0,0,0
Finland,2021-08-30,822,0,0,0,0,0,0,1,0,821,0,0,0,0,0,0,0,0,0
Finland,2021-09-13,839,0,0,0,0,0,0,0,0,839,0,0,0,0,0,0,0,0,0
Finland,2021-09-27,962,0,0,0,0,0,0,0,0,962,0,0,0,0,0,0,0,0,0
Finland,2021-10-11,802,0,0,0,0,0,0,0,0,802,0,0,0,0,0,0,0,0,0
Finland,2021-10-25,503,0,0,0,0,0,0,0,0,503,0,0,0,0,0,0,0,0,0
Finland,2021-11-08,505,0,0,0,0,0,0,0,0,505,0,0,0,0,0,0,0,0,0
Finland,2021-11-22,866,0,0,0,0,0,0,0,0,855,0,0,0,0,0,0,11,0,0
Finland,2021-12-06,1320,0,0,0,0,0,0,0,0,1001,0,0,0,0,0,0,319,0,0
Finland,2021-12-20,1018,0,0,0,0,0,0,0,0,327,0,0,0,0,0,0,691,0,0
Finland,2022-01-03,1480,0,0,0,0,0,0,0,0,100,0,0,0,0,0,0,1380,0,0
Finland,2022-01-17,1375,10,0,0,0,0,0,0,0,24,0,0,0,0,0,0,1341,0,0
Finland,2022-01-31,1068,63,0,0,0,0,0,0,0,4,0,0,0,0,0,0,1001,0,0
Finland,2022-02-14,1063,65,0,0,0,0,0,0,0,1,0,0,0,0,0,0,997,0,0
Finland,2022-02-28,1052,34,0,0,0,0,0,0,0,0,0,0,0,0,0,0,1018,0,0
Finland,2022-03-14,1145,18,0,0,0,0,0,0,0,0,0,0,0,0,0,0,1127,0,0
Finland,2022-03-28,565,2,0,0,0,0,0,0,0,0,0,0,0,0,0,0,563,0,0
Finland,2022-04-11,777,15,0,0,0,0,0,0,0,0,0,0,0,0,0,0,762,0,0
Finland,2022-04-25,802,8,0,0,0,0,0,0,0,0,0,0,0,0,0,0,794,0,0
Finland,2022-05-09,754,8,0,0,0,0,0,0,0,0,0,0,0,0,0,0,746,0,0
Finland,2022-05-23,646,0,0,0,0,0,0,0,0,0,0,0,0,0,0,0,646,0,0
Finland,2022-06-06,699,1,0,0,0,0,0,0,0,0,0,0,0,0,0,0,698,0,0
Finland,2022-06-20,766,1,0,0,0,0,0,0,0,0,0,0,0,0,0,0,765,0,0
Finland,2022-07-04,764,0,0,0,0,0,0,0,0,0,0,0,0,0,0,0,764,0,0
Finland,2022-07-18,867,2,0,0,0,0,0,0,0,0,0,0,0,0,0,0,865,0,0
Finland,2022-08-01,742,3,0,0,0,0,0,0,0,0,0,0,0,0,0,0,739,0,0
Finland,2022-08-15,292,1,0,0,0,0,0,0,0,0,0,0,0,0,0,0,291,0,0
Finland,2022-08-29,225,1,0,0,0,0,0,0,0,0,0,0,0,0,0,0,224,0,0
Finland,2022-09-12,211,1,0,0,0,0,0,0,0,0,0,0,0,0,0,0,210,0,0
Finland,2022-09-26,271,0,0,0,0,0,0,0,0,0,0,0,0,0,0,0,271,0,0
Finland,2022-10-10,249,0,0,0,0,0,0,0,0,0,0,0,0,0,0,0,249,0,0
Finland,2022-10-24,412,2,0,0,0,0,0,0,0,0,0,0,0,0,0,0,410,0,0
Finland,2022-11-07,465,3,0,0,0,0,0,0,0,0,0,0,0,0,0,0,462,0,0
Finland,2022-11-21,514,0,0,0,0,0,0,0,0,0,0,0,0,0,0,0,514,0,0
Finland,2022-12-05,602,1,0,0,0,0,0,0,0,0,0,0,0,0,0,0,601,0,0
Finland,2022-12-19,531,1,0,0,0,0,0,0,0,0,0,0,0,0,0,0,530,0,0
Finland,2023-01-02,362,1,0,0,0,0,0,0,0,0,0,0,0,0,0,0,361,0,0
Finland,2023-01-16,357,2,0,0,0,0,0,0,0,0,0,0,0,0,0,0,355,0,0
Finland,2023-01-30,322,17,0,0,0,0,0,0,0,0,0,0,0,0,0,0,305,0,0
Finland,2023-02-13,295,16,0,0,0,0,0,0,0,0,0,0,0,0,0,0,279,0,0
Finland,2023-02-27,392,20,0,0,0,0,0,0,0,0,0,0,0,0,0,0,372,0,0
Finland,2023-03-13,356,14,0,0,0,0,0,0,0,0,0,0,0,0,0,0,342,0,0
Finland,2023-03-27,295,8,0,0,0,0,0,0,0,0,0,0,0,0,0,0,287,0,0
Finland,2023-04-10,219,4,0,0,0,0,0,0,0,0,0,0,0,0,0,0,215,0,0
Finland,2023-04-24,318,8,0,0,0,0,0,0,0,0,0,0,0,0,0,0,310,0,0
Finland,2023-05-08,336,1,0,0,0,0,0,0,0,0,0,0,0,0,0,0,335,0,0
Finland,2023-05-22,192,3,0,0,0,0,0,0,0,0,0,0,0,0,0,0,189,0,0
Finland,2023-06-05,186,2,0,0,0,0,0,0,0,0,0,0,0,0,0,0,184,0,0
Finland,2023-06-19,108,0,0,0,0,0,0,0,0,0,0,0,0,0,0,0,108,0,0
Finland,2023-07-03,68,0,0,0,0,0,0,0,0,0,0,0,0,0,0,0,68,0,0
Finland,2023-07-17,48,0,0,0,0,0,0,0,0,0,0,0,0,0,0,0,48,0,0
Finland,2023-07-31,79,2,0,0,0,0,0,0,0,0,0,0,0,0,0,0,77,0,0
Finland,2023-08-14,71,0,0,0,0,0,0,0,0,0,0,0,0,0,0,0,71,0,0
Finland,2023-08-28,143,1,0,0,0,0,0,0,0,0,0,0,0,0,0,0,142,0,0
Finland,2023-09-11,196,1,0,0,0,0,0,0,0,0,0,0,0,0,0,0,195,0,0
Finland,2023-09-25,226,6,0,0,0,0,0,0,0,0,0,0,0,0,0,0,220,0,0
Finland,2023-10-09,371,6,0,0,0,0,0,0,0,0,0,0,0,0,0,0,365,0,0
Finland,2023-10-23,401,4,0,0,0,0,0,0,0,0,0,0,0,0,0,0,397,0,0
Finland,2023-11-06,351,4,0,0,0,0,0,0,0,0,0,0,0,0,0,0,347,0,0
Finland,2023-11-20,285,7,0,0,0,0,0,0,0,0,0,0,0,0,0,0,278,0,0
Finland,2023-12-04,267,6,0,0,0,0,0,0,0,0,0,0,0,0,0,0,261,0,0
Finland,2023-12-18,188,2,0,0,0,0,0,0,0,0,0,0,0,0,0,0,186,0,0
Finland,2024-01-01,151,2,0,0,0,0,0,0,0,0,0,0,0,0,0,0,149,0,0
Finland,2024-01-15,123,0,0,0,0,0,0,0,0,0,0,0,0,0,0,0,123,0,0
Finland,2024-01-29,57,0,0,0,0,0,0,0,0,0,0,0,0,0,0,0,57,0,0
Finland,2024-02-12,73,3,0,0,0,0,0,0,0,0,0,0,0,0,0,0,70,0,0
Finland,2024-02-26,50,0,0,0,0,0,0,0,0,0,0,0,0,0,0,0,50,0,0
Finland,2024-03-11,43,0,0,0,0,0,0,0,0,0,0,0,0,0,0,0,43,0,0
Finland,2024-03-25,38,0,0,0,0,0,0,0,0,0,0,0,0,0,0,0,38,0,0
Finland,2024-04-08,39,1,0,0,0,0,0,0,0,0,0,0,0,0,0,0,38,0,0
Finland,2024-04-22,27,0,0,0,0,0,0,0,0,0,0,0,0,0,0,0,27,0,0
Finland,2024-05-06,43,5,0,0,0,0,0,0,0,0,0,0,0,0,0,0,38,0,0
Finland,2024-07-01,46,0,0,0,0,0,0,0,0,0,0,0,0,0,0,0,46,0,0
Finland,2024-07-15,45,0,0,0,0,0,0,0,0,0,0,0,0,0,0,0,45,0,0
Finland,2024-07-29,35,3,0,0,0,0,0,0,0,0,0,0,0,0,0,0,32,0,0
France,2020-04-27,195,0,0,0,0,1,0,0,0,0,0,0,0,0,0,0,0,0,194
France,2020-05-11,58,0,0,0,0,0,0,0,0,0,0,0,0,0,0,0,0,2,56
France,2020-05-25,30,0,0,0,0,0,0,0,0,0,0,0,0,0,0,0,0,1,29
France,2020-06-08,43,0,0,0,0,0,0,0,0,0,0,0,0,0,0,0,0,1,42
France,2020-06-22,28,0,0,0,0,0,0,0,0,0,0,0,0,0,0,0,0,1,27
France,2020-07-06,59,0,7,0,0,1,0,0,0,0,0,0,0,0,0,0,0,0,51
France,2020-07-20,117,0,18,0,6,2,0,0,0,0,0,0,0,0,0,0,0,0,91
France,2020-08-03,193,0,80,1,24,9,0,0,0,0,0,0,0,0,0,0,0,0,79
France,2020-08-17,197,0,78,0,24,17,0,0,0,0,0,0,0,0,0,0,0,0,78
France,2020-08-31,795,0,456,0,63,93,0,0,0,0,0,0,0,0,0,0,0,0,183
France,2020-09-14,454,0,291,0,19,47,0,0,0,0,0,0,0,0,0,0,0,0,97
France,2020-09-28,323,0,186,0,8,42,0,0,0,0,0,0,0,0,0,0,0,0,87
France,2020-10-12,717,0,476,0,12,80,0,0,0,0,0,0,0,0,0,0,0,0,149
France,2020-10-26,848,0,554,0,5,134,0,2,0,0,0,0,0,0,0,0,0,0,153
France,2020-11-09,572,0,373,0,2,74,0,3,0,0,0,0,0,0,0,0,0,0,120
France,2020-11-23,296,0,202,0,8,32,0,1,0,0,0,0,0,0,0,0,0,0,53
France,2020-12-07,349,0,217,0,9,57,0,1,0,0,0,0,0,0,0,0,0,0,65
France,2020-12-21,467,0,239,0,9,65,7,80,0,0,0,0,0,0,0,0,0,0,67
France,2021-01-04,1693,0,635,2,2,249,106,468,0,1,0,0,3,0,0,0,0,0,227
France,2021-01-18,3386,0,883,3,1,425,391,1274,12,4,0,3,7,0,0,0,0,0,383
France,2021-02-01,2633,0,374,14,4,180,192,1530,5,2,0,1,1,0,0,0,0,0,330
France,2021-02-15,3098,0,510,3,9,268,361,1561,14,0,1,4,12,0,0,0,0,0,355
France,2021-03-01,4523,0,394,5,0,179,362,3226,33,0,0,0,37,0,0,0,0,1,286
France,2021-03-15,6851,0,264,7,0,124,537,5500,58,1,0,0,90,2,0,0,0,1,267
France,2021-03-29,4916,0,103,1,2,48,482,3862,102,2,1,0,125,2,1,0,0,0,185
France,2021-04-12,4793,0,85,5,1,18,502,3727,146,18,3,0,161,1,1,0,0,0,125
France,2021-04-26,3602,0,38,2,0,9,477,2785,52,66,5,0,105,0,2,1,0,0,60
France,2021-05-10,3073,0,32,1,0,4,442,2338,80,67,2,0,58,0,3,0,0,0,46
France,2021-05-24,2722,1,11,0,0,1,432,1948,67,126,1,0,47,1,7,2,0,0,78
France,2021-06-07,1934,0,19,0,0,2,369,1093,55,324,0,0,21,0,4,1,0,0,46
France,2021-06-21,2971,0,8,0,0,1,521,695,153,1522,0,0,9,0,16,6,0,0,40
France,2021-07-05,13892,0,13,0,0,1,643,826,305,12000,0,0,13,1,16,17,0,0,57
France,2021-07-19,25720,0,8,0,0,0,348,487,324,24495,0,1,2,0,14,13,0,0,28
France,2021-08-02,14380,0,1,0,0,0,241,163,111,13848,0,0,0,0,2,2,0,0,12
France,2021-08-16,11600,0,2,0,0,1,94,55,46,11391,0,0,1,0,1,3,0,0,6
France,2021-08-30,7270,0,0,0,1,1,32,17,17,7191,0,0,0,0,0,6,0,0,5
France,2021-09-13,4772,0,1,0,1,0,11,7,4,4744,0,0,0,0,0,0,0,0,4
France,2021-09-27,3816,0,0,0,0,0,0,0,2,3810,0,0,0,0,0,0,0,0,4
France,2021-10-11,6650,0,0,0,0,0,2,1,0,6617,0,0,1,0,1,0,0,0,28
France,2021-10-25,16839,0,0,0,0,0,0,1,0,16794,0,0,0,0,0,0,1,0,43
France,2021-11-08,16357,0,0,0,0,0,0,3,0,16260,0,0,0,0,0,0,51,0,43
France,2021-11-22,17838,0,0,0,0,0,0,2,0,17383,0,0,0,0,0,0,126,0,327
France,2021-12-06,18736,0,0,0,0,0,1,3,0,15107,0,0,0,0,0,0,3261,0,364
France,2021-12-20,22990,0,0,0,0,0,0,0,0,8753,0,0,0,0,0,0,14176,0,61
France,2022-01-03,17754,1,0,0,0,0,0,0,0,2001,0,0,0,0,0,0,15735,0,17
France,2022-01-17,15559,7,0,0,0,0,0,0,0,405,0,0,0,0,0,0,15141,0,6
France,2022-01-31,15439,21,0,0,0,0,0,1,0,104,0,0,0,0,0,0,15297,0,16
France,2022-02-14,15659,30,0,0,0,0,0,0,0,34,0,0,0,0,0,0,15593,0,2
France,2022-02-28,17482,45,0,0,0,0,0,0,0,4,0,0,0,0,0,0,17429,0,4
France,2022-03-14,19727,44,0,0,0,0,0,0,0,2,0,0,0,0,0,0,19674,0,7
France,2022-03-28,17648,52,0,0,0,0,0,0,0,0,0,0,0,0,0,0,17591,0,5
France,2022-04-11,15982,41,0,0,0,0,0,0,0,1,0,0,0,0,0,0,15935,0,5
France,2022-04-25,12522,57,0,0,0,0,0,0,0,2,0,0,0,0,0,0,12462,0,1
France,2022-05-09,10251,53,0,0,0,0,0,0,0,2,0,0,0,0,0,0,10195,0,1
France,2022-05-23,11217,74,0,0,0,0,0,0,0,2,0,0,0,0,0,0,11140,0,1
France,2022-06-06,10011,73,0,0,0,0,0,0,0,1,0,0,0,0,0,0,9937,0,0
France,2022-06-20,13455,114,0,0,0,0,0,0,0,1,0,0,0,0,0,0,13339,0,1
France,2022-07-04,12132,115,0,0,0,0,0,0,0,2,0,0,0,0,0,0,12015,0,0
France,2022-07-18,9332,66,0,0,0,0,0,0,0,2,0,0,0,0,0,0,9264,0,0
France,2022-08-01,5726,45,0,0,0,0,0,0,0,0,0,0,0,0,0,0,5681,0,0
France,2022-08-15,5065,39,0,0,0,0,0,0,0,0,0,0,0,0,0,0,5026,0,0
France,2022-08-29,5162,33,0,0,0,0,0,0,0,0,0,0,0,0,0,0,5129,0,0
France,2022-09-12,6488,29,0,0,0,0,0,0,0,0,0,0,0,0,0,0,6459,0,0
France,2022-09-26,6866,24,0,0,0,0,0,0,0,0,0,0,0,0,0,0,6842,0,0
France,2022-10-10,7381,13,0,0,0,0,0,0,0,0,0,0,0,0,0,0,7368,0,0
France,2022-10-24,4033,8,0,0,0,0,0,0,0,0,0,0,0,0,0,0,4025,0,0
France,2022-11-07,3881,16,0,0,0,0,0,0,0,0,0,0,0,0,0,0,3865,0,0
France,2022-11-21,8491,22,0,0,0,0,0,0,0,0,0,0,0,0,0,0,8469,0,0
France,2022-12-05,9739,35,0,0,0,0,0,0,0,0,0,0,0,0,0,0,9704,0,0
France,2022-12-19,6742,25,0,0,0,0,0,0,0,0,0,0,0,0,0,0,6587,0,130
France,2023-01-02,2466,16,0,0,0,0,0,0,0,0,0,0,0,0,0,0,2450,0,0
France,2023-01-16,2426,35,0,0,0,0,0,0,0,0,0,0,0,0,0,0,2390,1,0
France,2023-01-30,1901,21,0,0,0,0,0,0,0,0,0,0,0,0,0,0,1880,0,0
France,2023-02-13,1912,34,0,0,0,0,0,0,0,0,0,0,0,0,0,0,1878,0,0
France,2023-02-27,2505,43,0,0,0,0,0,0,0,0,0,0,0,0,0,0,2462,0,0
France,2023-03-13,3181,48,0,0,0,0,0,0,0,0,0,0,0,0,0,0,3133,0,0
France,2023-03-27,3284,27,0,0,0,0,0,0,0,0,0,0,0,0,0,0,3257,0,0
France,2023-04-10,3473,17,0,0,0,0,0,0,0,0,0,0,0,0,0,0,3456,0,0
France,2023-04-24,2699,19,0,0,0,0,0,0,0,0,0,0,0,0,0,0,2680,0,0
France,2023-05-08,1773,6,0,0,0,0,0,0,0,0,0,0,0,0,0,0,1767,0,0
France,2023-05-22,1797,12,0,0,0,0,0,0,0,55,0,0,0,0,0,0,1713,0,17
France,2023-06-05,928,8,0,0,0,0,0,0,0,0,0,0,0,0,0,0,920,0,0
France,2023-06-19,572,5,0,0,0,0,0,0,0,0,0,0,0,0,0,0,567,0,0
Gabon,2020-04-27,42,41,0,0,0,0,0,0,0,0,0,0,0,0,0,0,0,0,1
Gabon,2020-05-11,14,14,0,0,0,0,0,0,0,0,0,0,0,0,0,0,0,0,0
Gabon,2020-05-25,10,10,0,0,0,0,0,0,0,0,0,0,0,0,0,0,0,0,0
Gabon,2020-06-08,12,12,0,0,0,0,0,0,0,0,0,0,0,0,0,0,0,0,0
Gabon,2020-06-22,11,11,0,0,0,0,0,0,0,0,0,0,0,0,0,0,0,0,0
Gabon,2020-07-06,9,9,0,0,0,0,0,0,0,0,0,0,0,0,0,0,0,0,0
Gabon,2020-07-20,8,8,0,0,0,0,0,0,0,0,0,0,0,0,0,0,0,0,0
Gabon,2020-08-03,13,13,0,0,0,0,0,0,0,0,0,0,0,0,0,0,0,0,0
Gabon,2020-08-17,1,1,0,0,0,0,0,0,0,0,0,0,0,0,0,0,0,0,0
Gabon,2020-08-31,1,1,0,0,0,0,0,0,0,0,0,0,0,0,0,0,0,0,0
Gabon,2020-09-14,2,2,0,0,0,0,0,0,0,0,0,0,0,0,0,0,0,0,0
Gabon,2020-09-28,1,1,0,0,0,0,0,0,0,0,0,0,0,0,0,0,0,0,0
Gabon,2020-11-09,1,1,0,0,0,0,0,0,0,0,0,0,0,0,0,0,0,0,0
Gabon,2020-12-21,1,0,0,0,0,0,0,1,0,0,0,0,0,0,0,0,0,0,0
Gabon,2021-01-04,3,0,0,0,0,1,0,1,0,0,0,0,0,0,0,0,0,0,1
Gabon,2021-01-18,6,0,0,0,0,0,3,1,0,0,0,1,0,0,0,0,0,0,1
Gabon,2021-02-01,18,0,0,0,0,0,4,8,1,0,0,1,0,1,0,0,0,0,3
Gabon,2021-02-15,36,0,0,0,0,0,2,21,1,0,0,2,4,0,0,0,0,0,6
Gabon,2021-03-01,80,0,1,1,0,1,0,62,0,0,0,2,4,1,0,0,0,0,8
Gabon,2021-03-15,28,0,0,1,0,0,0,11,2,0,0,2,3,1,0,0,0,0,8
Gabon,2021-03-29,51,0,0,1,0,0,1,28,2,0,0,2,7,1,0,0,0,0,9
Gabon,2021-04-12,53,0,0,2,0,1,0,7,5,0,1,6,3,1,0,0,0,1,26
Gabon,2021-04-26,35,0,4,0,0,10,0,5,0,0,0,1,0,0,0,0,0,0,15
Gabon,2021-05-10,22,0,0,1,0,9,0,1,2,0,0,2,0,3,0,0,0,0,4
Gabon,2021-05-24,16,0,2,0,0,4,0,0,0,0,0,0,0,0,0,0,0,0,10
Gabon,2021-06-07,6,6,0,0,0,0,0,0,0,0,0,0,0,0,0,0,0,0,0
Gabon,2021-06-21,2,2,0,0,0,0,0,0,0,0,0,0,0,0,0,0,0,0,0
Gabon,2021-07-05,7,0,0,0,0,0,0,0,0,1,0,0,0,0,0,1,0,0,5
Gabon,2021-07-19,3,3,0,0,0,0,0,0,0,0,0,0,0,0,0,0,0,0,0
Gabon,2021-08-02,4,0,0,0,0,0,0,0,0,4,0,0,0,0,0,0,0,0,0
Gabon,2021-08-16,8,0,0,0,0,0,0,0,0,8,0,0,0,0,0,0,0,0,0
Gabon,2021-08-30,31,0,0,0,0,0,0,0,0,31,0,0,0,0,0,0,0,0,0
Gabon,2021-09-13,35,0,0,0,0,0,0,0,0,35,0,0,0,0,0,0,0,0,0
Gabon,2021-09-27,15,0,0,0,0,0,0,1,0,14,0,0,0,0,0,0,0,0,0
Gabon,2021-10-11,14,0,0,0,0,0,0,0,0,14,0,0,0,0,0,0,0,0,0
Gabon,2021-10-25,11,0,0,0,0,0,0,0,0,10,0,0,0,0,0,0,0,0,1
Gabon,2021-12-20,1,0,0,0,0,0,0,0,0,0,0,0,0,0,0,0,1,0,0
Gabon,2022-01-03,9,0,0,0,0,0,0,0,0,0,0,0,0,0,0,0,9,0,0
Gabon,2022-06-06,1,0,0,0,0,0,0,0,0,0,0,0,0,0,0,0,1,0,0
Gabon,2022-06-20,9,0,0,0,0,0,0,0,0,0,0,0,0,0,0,0,9,0,0
Gabon,2022-07-04,2,0,0,0,0,0,0,0,0,0,0,0,0,0,0,0,2,0,0
Gabon,2022-07-18,1,0,0,0,0,0,0,0,0,0,0,0,0,0,0,0,1,0,0
Gabon,2022-09-26,2,0,0,0,0,0,0,0,0,0,0,0,0,0,0,0,2,0,0
Gabon,2022-10-10,23,0,0,0,0,0,0,0,0,0,0,0,0,0,0,0,23,0,0
Gabon,2022-10-24,4,0,0,0,0,0,0,0,0,0,0,0,0,0,0,0,4,0,0
Gabon,2022-11-07,1,0,0,0,0,0,0,0,0,0,0,0,0,0,0,0,1,0,0
Gambia,2020-04-27,13,13,0,0,0,0,0,0,0,0,0,0,0,0,0,0,0,0,0
Gambia,2020-05-11,12,12,0,0,0,0,0,0,0,0,0,0,0,0,0,0,0,0,0
Gambia,2020-05-25,7,7,0,0,0,0,0,0,0,0,0,0,0,0,0,0,0,0,0
Gambia,2020-06-08,1,1,0,0,0,0,0,0,0,0,0,0,0,0,0,0,0,0,0
Gambia,2020-06-22,17,17,0,0,0,0,0,0,0,0,0,0,0,0,0,0,0,0,0
Gambia,2020-07-06,3,3,0,0,0,0,0,0,0,0,0,0,0,0,0,0,0,0,0
Gambia,2020-07-20,219,213,0,0,0,0,0,0,0,0,0,1,0,0,0,0,0,0,5
Gambia,2020-08-03,25,24,0,0,0,0,0,0,0,0,0,0,0,0,0,0,0,0,1
Gambia,2020-08-17,26,25,0,0,0,0,0,0,0,0,0,0,0,0,0,0,0,0,1
Gambia,2020-08-31,20,20,0,0,0,0,0,0,0,0,0,0,0,0,0,0,0,0,0
Gambia,2020-09-14,3,3,0,0,0,0,0,0,0,0,0,0,0,0,0,0,0,0,0
Gambia,2020-09-28,4,4,0,0,0,0,0,0,0,0,0,0,0,0,0,0,0,0,0
Gambia,2020-10-12,1,1,0,0,0,0,0,0,0,0,0,0,0,0,0,0,0,0,0
Gambia,2020-12-21,1,1,0,0,0,0,0,0,0,0,0,0,0,0,0,0,0,0,0
Gambia,2021-01-04,3,0,0,0,0,0,0,2,0,0,0,0,0,0,0,0,0,0,1
Gambia,2021-01-18,7,0,1,0,0,2,0,1,0,0,0,0,0,0,0,0,0,0,3
Gambia,2021-02-01,10,10,0,0,0,0,0,0,0,0,0,0,0,0,0,0,0,0,0
Gambia,2021-02-15,6,6,0,0,0,0,0,0,0,0,0,0,0,0,0,0,0,0,0
Gambia,2021-03-01,38,0,1,0,0,1,0,28,0,0,0,0,4,0,0,0,0,0,4
Gambia,2021-03-15,37,0,1,0,0,1,0,16,1,0,0,0,12,0,0,0,0,0,6
Gambia,2021-03-29,9,0,0,0,0,0,0,2,0,4,0,0,3,0,0,0,0,0,0
Gambia,2021-04-12,7,0,0,0,0,0,0,2,0,0,0,0,3,0,0,0,0,0,2
Gambia,2021-04-26,4,0,0,0,0,0,0,1,0,1,0,0,1,0,0,0,0,0,1
Gambia,2021-05-10,5,0,0,0,0,0,0,0,0,3,0,0,0,0,0,0,0,0,2
Gambia,2021-05-24,2,0,0,0,0,0,0,0,0,2,0,0,0,0,0,0,0,0,0
Gambia,2021-06-07,3,0,0,0,0,0,0,0,0,3,0,0,0,0,0,0,0,0,0
Gambia,2021-06-21,13,0,0,0,0,0,0,0,0,13,0,0,0,0,0,0,0,0,0
Gambia,2021-07-05,66,0,0,0,0,0,0,0,0,65,0,0,0,0,0,0,0,0,1
Gambia,2021-07-19,88,0,0,0,0,0,0,0,0,87,0,0,0,0,0,0,0,0,1
Gambia,2021-08-02,95,0,0,0,0,0,0,0,0,92,0,0,2,0,0,0,0,0,1
Gambia,2021-08-16,69,0,0,0,0,0,0,1,0,68,0,0,0,0,0,0,0,0,0
Gambia,2021-08-30,38,0,0,0,0,0,0,0,0,38,0,0,0,0,0,0,0,0,0
Gambia,2021-09-13,14,0,0,0,0,0,0,0,0,14,0,0,0,0,0,0,0,0,0
Gambia,2021-09-27,2,0,0,0,0,0,0,0,0,2,0,0,0,0,0,0,0,0,0
Gambia,2021-10-11,2,0,0,0,0,0,0,0,0,2,0,0,0,0,0,0,0,0,0
Gambia,2021-12-06,3,0,0,0,0,0,0,0,0,3,0,0,0,0,0,0,0,0,0
Gambia,2021-12-20,23,0,0,0,0,0,0,0,0,0,0,0,0,0,0,0,23,0,0
Gambia,2022-01-03,23,0,0,0,0,0,0,0,0,0,0,0,0,0,0,0,23,0,0
Gambia,2022-01-31,12,0,0,0,0,0,0,0,0,0,0,0,0,0,0,0,12,0,0
Gambia,2022-02-14,1,0,0,0,0,0,0,0,0,0,0,0,0,0,0,0,1,0,0
Gambia,2022-06-20,1,0,0,0,0,0,0,0,0,0,0,0,0,0,0,0,1,0,0
Gambia,2022-07-04,3,0,0,0,0,0,0,0,0,0,0,0,0,0,0,0,3,0,0
Gambia,2022-07-18,44,0,0,0,0,0,0,0,0,0,0,0,0,0,0,0,44,0,0
Gambia,2022-08-01,46,0,0,0,0,0,0,0,0,0,0,0,0,0,0,0,46,0,0
Gambia,2022-08-15,9,0,0,0,0,0,0,0,0,0,0,0,0,0,0,0,9,0,0
Gambia,2022-08-29,21,0,0,0,0,0,0,0,0,0,0,0,0,0,0,0,21,0,0
Georgia,2020-04-27,4,0,0,0,0,0,0,0,0,0,0,1,0,0,0,0,0,0,3
Georgia,2020-05-25,1,0,0,0,0,0,0,0,0,0,0,0,0,0,0,0,0,0,1
Georgia,2020-06-08,1,0,0,0,0,0,0,0,0,0,0,0,0,0,0,0,0,0,1
Georgia,2020-09-14,3,0,0,0,0,0,0,0,0,0,0,1,0,0,0,0,0,0,2
Georgia,2020-09-28,2,0,0,0,0,0,0,0,0,0,0,0,0,0,0,0,0,0,2
Georgia,2020-10-12,9,0,0,0,0,0,0,0,0,0,0,2,0,0,0,0,0,0,7
Georgia,2020-10-26,3,0,0,0,0,0,0,0,0,0,0,1,0,0,0,0,0,0,2
Georgia,2020-11-09,5,0,0,0,0,0,0,1,0,0,0,1,0,1,0,0,0,0,2
Georgia,2020-11-23,1,0,0,0,0,0,0,0,0,0,0,0,0,0,0,0,0,0,1
Georgia,2020-12-07,3,0,0,0,0,0,0,0,0,0,0,1,0,0,0,0,0,0,2
Georgia,2020-12-21,1,0,0,0,0,0,0,0,0,0,0,0,0,0,0,0,0,0,1
Georgia,2021-01-04,2,0,0,0,0,0,0,0,0,0,0,0,0,0,0,0,0,0,2
Georgia,2021-01-18,5,0,0,0,0,0,0,1,0,0,0,1,0,1,0,0,0,0,2
Georgia,2021-02-01,6,0,0,0,0,0,0,4,0,0,0,1,0,0,0,0,0,0,1
Georgia,2021-02-15,13,0,1,0,0,0,0,9,0,0,0,1,0,0,0,0,0,0,2
Georgia,2021-03-01,6,0,0,0,0,0,0,5,0,0,0,0,0,0,0,0,0,0,1
Georgia,2021-03-15,3,0,0,0,0,0,0,1,0,0,0,1,0,0,0,0,0,0,1
Georgia,2021-03-29,5,0,0,0,0,0,0,5,0,0,0,0,0,0,0,0,0,0,0
Georgia,2021-04-12,2,0,0,0,0,0,0,2,0,0,0,0,0,0,0,0,0,0,0
Georgia,2021-04-26,10,0,0,0,0,0,0,5,1,0,0,1,0,1,0,0,0,0,2
Georgia,2021-05-10,21,0,0,0,0,1,1,13,1,4,0,0,0,0,0,0,0,0,1
Georgia,2021-05-24,25,0,0,0,0,0,0,23,1,1,0,0,0,0,0,0,0,0,0
Georgia,2021-06-07,23,0,0,0,0,0,0,21,0,2,0,0,0,0,0,0,0,0,0
Georgia,2021-06-21,29,0,0,0,0,0,0,18,0,11,0,0,0,0,0,0,0,0,0
Georgia,2021-07-05,20,0,0,0,0,0,0,4,0,16,0,0,0,0,0,0,0,0,0
Georgia,2021-07-19,11,0,0,0,0,0,0,5,0,6,0,0,0,0,0,0,0,0,0
Georgia,2021-08-02,31,0,0,0,0,0,0,2,1,27,0,0,0,0,0,1,0,0,0
Georgia,2021-08-16,7,0,0,0,0,0,0,0,0,7,0,0,0,0,0,0,0,0,0
Georgia,2021-08-30,37,0,0,0,0,0,0,1,1,35,0,0,0,0,0,0,0,0,0
Georgia,2021-09-13,33,0,0,0,0,0,0,0,0,33,0,0,0,0,0,0,0,0,0
Georgia,2021-09-27,76,0,0,0,0,0,0,0,0,76,0,0,0,0,0,0,0,0,0
Georgia,2021-10-11,104,0,0,0,0,0,0,0,0,104,0,0,0,0,0,0,0,0,0
Georgia,2021-10-25,85,0,0,0,0,0,0,0,0,85,0,0,0,0,0,0,0,0,0
Georgia,2021-11-08,10,0,0,0,0,0,0,0,0,10,0,0,0,0,0,0,0,0,0
Georgia,2021-11-22,103,0,0,0,0,0,0,0,0,103,0,0,0,0,0,0,0,0,0
Georgia,2021-12-06,138,0,0,0,0,0,0,0,0,126,0,0,0,0,0,0,12,0,0
Georgia,2021-12-20,154,0,0,0,0,0,0,0,0,41,0,0,0,0,0,0,113,0,0
Georgia,2022-01-03,197,0,0,0,0,0,0,0,0,47,0,0,0,0,0,0,150,0,0
Georgia,2022-01-17,147,0,0,0,0,0,0,0,0,12,0,0,0,0,0,0,135,0,0
Georgia,2022-01-31,219,2,0,0,0,0,0,0,0,1,0,0,0,0,0,0,216,0,0
Georgia,2022-02-14,158,0,0,0,0,0,0,0,0,0,0,0,0,0,0,0,158,0,0
Georgia,2022-02-28,28,1,0,0,0,0,0,0,0,0,0,0,0,0,0,0,27,0,0
Georgia,2022-03-14,36,1,0,0,0,0,0,0,0,0,0,0,0,0,0,0,35,0,0
Georgia,2022-03-28,12,0,0,0,0,0,0,0,0,0,0,0,0,0,0,0,12,0,0
Georgia,2022-04-11,24,0,0,0,0,0,0,0,0,0,0,0,0,0,0,0,24,0,0
Georgia,2022-04-25,8,0,0,0,0,0,0,0,0,0,0,0,0,0,0,0,8,0,0
Georgia,2022-05-09,5,1,0,0,0,0,0,0,0,0,0,0,0,0,0,0,4,0,0
Georgia,2022-05-23,41,2,0,0,0,0,0,0,0,0,0,0,0,0,0,0,39,0,0
Georgia,2022-06-06,35,0,0,0,0,0,0,0,0,0,0,0,0,0,0,0,35,0,0
Georgia,2022-06-20,130,0,0,0,0,0,0,0,0,0,0,0,0,0,0,0,130,0,0
Georgia,2022-07-04,63,0,0,0,0,0,0,0,0,0,0,0,0,0,0,0,63,0,0
Georgia,2022-07-18,80,0,0,0,0,0,0,0,0,0,0,0,0,0,0,0,80,0,0
Georgia,2022-08-01,99,0,0,0,0,0,0,0,0,0,0,0,0,0,0,0,99,0,0
Georgia,2022-08-15,101,0,0,0,0,0,0,0,0,0,0,0,0,0,0,0,101,0,0
Georgia,2022-08-29,59,0,0,0,0,0,0,0,0,0,0,0,0,0,0,0,59,0,0
Georgia,2022-09-12,37,0,0,0,0,0,0,0,0,0,0,0,0,0,0,0,37,0,0
Georgia,2022-09-26,68,0,0,0,0,0,0,0,0,0,0,0,0,0,0,0,68,0,0
Georgia,2022-10-10,54,0,0,0,0,0,0,0,0,0,0,0,0,0,0,0,54,0,0
Georgia,2022-10-24,29,0,0,0,0,0,0,0,0,0,0,0,0,0,0,0,29,0,0
Georgia,2022-11-07,51,0,0,0,0,0,0,0,0,0,0,0,0,0,0,0,51,0,0
Georgia,2022-11-21,44,0,0,0,0,0,0,0,0,0,0,0,0,0,0,0,44,0,0
Georgia,2022-12-05,20,0,0,0,0,0,0,0,0,0,0,0,0,0,0,0,20,0,0
Georgia,2022-12-19,11,0,0,0,0,0,0,0,0,0,0,0,0,0,0,0,11,0,0
Georgia,2023-01-02,72,4,0,0,0,0,0,0,0,0,0,0,0,0,0,0,68,0,0
Georgia,2023-01-16,30,0,0,0,0,0,0,0,0,0,0,0,0,0,0,0,30,0,0
Georgia,2023-01-30,46,0,0,0,0,0,0,0,0,0,0,0,0,0,0,0,46,0,0
Georgia,2023-02-13,26,1,0,0,0,0,0,0,0,0,0,0,0,0,0,0,25,0,0
Georgia,2023-02-27,23,3,0,0,0,0,0,0,0,0,0,0,0,0,0,0,20,0,0
Georgia,2023-03-13,27,0,0,0,0,0,0,0,0,0,0,0,0,0,0,0,27,0,0
Georgia,2023-03-27,19,0,0,0,0,0,0,0,0,0,0,0,0,0,0,0,19,0,0
Georgia,2023-04-24,23,0,0,0,0,0,0,0,0,0,0,0,0,0,0,0,23,0,0
Georgia,2023-05-08,28,0,0,0,0,0,0,0,0,0,0,0,0,0,0,0,28,0,0
Georgia,2023-05-22,29,0,0,0,0,0,0,0,0,0,0,0,0,0,0,0,29,0,0
Georgia,2023-06-05,19,0,0,0,0,0,0,0,0,0,0,0,0,0,0,0,19,0,0
Georgia,2023-06-19,22,0,0,0,0,0,0,0,0,0,0,0,0,0,0,0,22,0,0
Georgia,2023-07-03,16,0,0,0,0,0,0,0,0,0,0,0,0,0,0,0,16,0,0
Georgia,2023-07-17,8,0,0,0,0,0,0,0,0,0,0,0,0,0,0,0,8,0,0
Georgia,2023-07-31,29,0,0,0,0,0,0,0,0,0,0,0,0,0,0,0,29,0,0
Georgia,2023-08-14,62,0,0,0,0,0,0,0,0,0,0,0,0,0,0,0,62,0,0
Georgia,2023-08-28,46,0,0,0,0,0,0,0,0,0,0,0,0,0,0,0,46,0,0
Georgia,2023-09-11,59,0,0,0,0,0,0,0,0,0,0,0,0,0,0,0,59,0,0
Georgia,2023-09-25,57,0,0,0,0,0,0,0,0,0,0,0,0,0,0,0,57,0,0
Georgia,2023-10-09,9,0,0,0,0,0,0,0,0,0,0,0,0,0,0,0,9,0,0
Georgia,2023-10-23,6,0,0,0,0,0,0,0,0,0,0,0,0,0,0,0,6,0,0
Georgia,2023-11-06,4,0,0,0,0,0,0,0,0,0,0,0,0,0,0,0,4,0,0
Georgia,2023-12-04,2,0,0,0,0,0,0,0,0,0,0,0,0,0,0,0,2,0,0
Georgia,2023-12-18,1,0,0,0,0,0,0,0,0,0,0,0,0,0,0,0,1,0,0
Georgia,2024-01-01,5,0,0,0,0,0,0,0,0,0,0,0,0,0,0,0,5,0,0
Georgia,2024-01-15,3,0,0,0,0,0,0,0,0,0,0,0,0,0,0,0,3,0,0
Georgia,2024-01-29,2,0,0,0,0,0,0,0,0,0,0,0,0,0,0,0,2,0,0
Georgia,2024-02-12,8,0,0,0,0,0,0,0,0,0,0,0,0,0,0,0,8,0,0
Georgia,2024-02-26,4,0,0,0,0,0,0,0,0,0,0,0,0,0,0,0,4,0,0
Georgia,2024-03-11,3,0,0,0,0,0,0,0,0,0,0,0,0,0,0,0,3,0,0
Georgia,2024-03-25,2,0,0,0,0,0,0,0,0,0,0,0,0,0,0,0,2,0,0
Georgia,2024-04-22,1,0,0,0,0,0,0,0,0,0,0,0,0,0,0,0,1,0,0
Georgia,2024-05-06,1,0,0,0,0,0,0,0,0,0,0,0,0,0,0,0,1,0,0
Georgia,2024-07-01,6,1,0,0,0,0,0,0,0,0,0,0,0,0,0,0,5,0,0
Georgia,2024-07-15,4,0,0,0,0,0,0,0,0,0,0,0,0,0,0,0,4,0,0
Georgia,2024-07-29,11,0,0,0,0,0,0,0,0,0,0,0,0,0,0,0,11,0,0
Germany,2020-04-27,94,0,0,0,0,0,0,0,0,0,0,0,0,0,0,0,0,3,91
Germany,2020-05-11,86,0,1,0,0,0,0,0,0,0,0,0,0,0,0,0,0,0,85
Germany,2020-05-25,67,0,0,0,0,0,0,0,0,0,0,0,0,0,0,0,0,2,65
Germany,2020-06-08,1353,0,0,0,0,0,0,0,0,0,0,0,0,0,0,0,0,37,1316
Germany,2020-06-22,311,0,0,0,0,0,0,0,0,0,0,0,0,0,0,0,0,8,303
Germany,2020-07-06,74,0,0,0,0,0,0,0,0,0,0,0,0,0,0,0,0,2,72
Germany,2020-07-20,49,0,0,0,0,0,0,0,0,0,0,0,0,0,0,0,0,1,48
Germany,2020-08-03,143,0,10,1,5,6,0,0,0,0,0,0,0,0,0,0,0,0,121
Germany,2020-08-17,177,0,31,8,10,16,0,0,0,0,0,0,0,0,0,0,0,0,112
Germany,2020-08-31,112,0,16,1,3,6,0,0,0,0,0,0,0,0,0,0,0,0,86
Germany,2020-09-14,317,0,40,3,7,52,0,0,0,0,0,0,0,0,0,0,0,0,215
Germany,2020-09-28,314,0,35,2,0,60,0,0,0,0,0,0,0,0,0,0,0,0,217
Germany,2020-10-12,332,0,107,1,0,60,0,0,0,0,0,0,0,0,0,0,0,0,164
Germany,2020-10-26,368,0,116,2,2,64,0,0,0,0,0,1,0,0,0,0,0,0,183
Germany,2020-11-09,424,0,143,0,4,105,0,0,0,0,0,0,0,0,0,0,0,0,172
Germany,2020-11-23,586,0,155,0,0,177,0,3,0,0,0,0,0,0,0,0,0,0,251
Germany,2020-12-07,831,0,294,1,3,239,1,6,0,0,0,0,0,0,0,0,0,0,287
Germany,2020-12-21,596,0,208,0,0,204,6,25,0,1,0,0,0,0,0,0,0,0,152
Germany,2021-01-04,1510,0,472,1,4,565,22,108,0,0,0,1,0,0,0,0,0,0,337
Germany,2021-01-18,5044,0,1474,4,6,1618,26,747,1,0,0,0,4,0,0,0,0,0,1164
Germany,2021-02-01,7399,0,1403,20,0,2022,114,2511,13,0,0,2,20,0,3,0,0,1,1290
Germany,2021-02-15,10623,0,1172,51,1,2126,209,5492,25,0,0,0,28,1,7,0,0,1,1510
Germany,2021-03-01,12986,0,1055,68,0,1222,347,8959,35,1,1,2,63,1,8,0,0,2,1222
Germany,2021-03-15,16074,0,489,43,0,650,339,13797,20,4,2,0,145,1,6,0,0,0,578
Germany,2021-03-29,17082,0,236,14,0,292,338,15636,39,10,7,1,135,2,11,0,0,0,361
Germany,2021-04-12,21582,0,71,0,0,92,340,20468,72,80,19,0,127,8,7,2,0,0,296
Germany,2021-04-26,19675,0,43,0,0,56,325,17375,127,1325,31,0,112,13,16,1,0,0,251
Germany,2021-05-10,11785,0,13,0,0,8,143,10879,96,318,10,1,73,2,10,3,0,0,229
Germany,2021-05-24,7439,1,5,3,0,8,59,6454,136,522,1,1,35,3,28,6,0,0,177
Germany,2021-06-07,3745,0,6,0,0,2,26,2325,94,1104,3,1,24,1,5,7,0,1,146
Germany,2021-06-21,2370,0,13,0,0,9,8,613,59,1573,0,0,9,2,0,0,0,0,84
Germany,2021-07-05,3131,0,2,0,0,0,3,195,92,2808,0,0,0,0,5,0,0,0,26
Germany,2021-07-19,5593,0,5,0,0,2,3,87,29,5454,0,0,0,0,0,1,0,0,12
Germany,2021-08-02,8860,0,0,0,0,3,0,56,8,8790,0,0,0,0,0,0,0,0,3
Germany,2021-08-16,17225,0,0,0,0,0,0,47,3,17169,0,0,0,0,0,0,0,0,6
Germany,2021-08-30,20603,1,0,0,0,0,8,20,3,20558,0,0,2,0,0,0,0,0,11
Germany,2021-09-13,17673,0,0,0,0,0,0,2,2,17666,0,0,0,0,0,0,0,0,3
Germany,2021-09-27,14016,0,0,0,0,0,0,4,1,14010,0,0,0,0,0,0,0,0,1
Germany,2021-10-11,14882,0,2,0,0,1,0,1,0,14878,0,0,0,0,0,0,0,0,0
Germany,2021-10-25,16020,0,0,0,0,0,0,0,0,16020,0,0,0,0,0,0,0,0,0
Germany,2021-11-08,21767,0,0,0,0,0,2,3,0,21757,0,0,0,0,0,0,2,0,3
Germany,2021-11-22,23717,1,0,0,0,0,1,0,0,23501,0,0,0,0,0,0,200,0,14
Germany,2021-12-06,26219,0,0,0,0,0,0,0,0,24221,0,0,0,0,0,0,1970,0,28
Germany,2021-12-20,24126,0,0,0,0,0,0,0,0,14074,0,0,0,0,0,0,10010,0,42
Germany,2022-01-03,26001,0,0,0,0,0,0,0,0,5528,0,0,0,0,0,0,20442,0,31
Germany,2022-01-17,33784,1,0,0,0,0,0,0,0,1307,0,0,0,0,0,0,32425,0,51
Germany,2022-01-31,39119,13,0,0,0,0,0,0,0,207,0,0,0,0,0,0,38875,0,24
Germany,2022-02-14,39723,52,0,0,0,0,0,0,0,35,0,0,0,0,0,0,39621,0,15
Germany,2022-02-28,41577,115,0,0,0,0,0,1,0,9,0,0,0,0,0,0,41359,1,92
Germany,2022-03-14,36404,145,0,0,0,3,3,1,0,5,0,0,0,0,0,0,36225,0,22
Germany,2022-03-28,28556,158,0,0,0,0,0,0,0,6,0,0,0,0,0,0,28372,0,20
Germany,2022-04-11,28014,209,0,0,0,0,0,0,0,0,0,0,0,0,0,0,27798,0,7
Germany,2022-04-25,23233,168,0,0,0,0,0,0,0,4,0,0,0,0,0,0,23059,0,2
Germany,2022-05-09,17853,168,0,0,0,0,0,0,0,6,0,0,0,0,0,0,17673,0,6
Germany,2022-05-23,14422,120,0,0,0,0,0,0,0,2,0,0,0,0,0,0,14300,0,0
Germany,2022-06-06,19819,118,0,0,0,0,0,0,0,2,0,0,0,0,0,0,19697,0,2
Germany,2022-06-20,26948,129,0,0,0,1,0,0,0,1,0,0,0,0,0,0,26815,0,2
Germany,2022-07-04,16026,72,0,0,0,0,0,0,0,0,0,0,0,0,0,0,15954,0,0
Germany,2022-07-18,14008,50,0,0,0,0,0,0,0,0,0,0,0,0,0,0,13956,0,2
Germany,2022-08-01,9758,31,0,0,0,0,0,0,0,0,0,0,0,0,0,0,9726,0,1
Germany,2022-08-15,9046,28,0,0,0,0,0,0,0,1,0,0,0,0,0,0,9017,0,0
Germany,2022-08-29,10667,33,0,0,0,1,1,0,0,1,0,0,0,0,0,0,10630,0,1
Germany,2022-09-12,10617,16,0,0,0,0,0,0,0,0,0,0,0,0,0,0,10599,0,2
Germany,2022-09-26,10322,32,0,0,0,0,0,0,0,0,0,0,0,0,0,0,10290,0,0
Germany,2022-10-10,11565,37,0,0,0,0,0,0,0,0,0,0,0,0,0,0,11528,0,0
Germany,2022-10-24,8220,22,0,0,0,0,0,0,0,0,0,0,0,0,0,0,8198,0,0
Germany,2022-11-07,8537,25,0,0,0,0,0,0,0,0,0,0,0,0,0,0,8512,0,0
Germany,2022-11-21,8671,53,0,0,0,0,0,0,0,1,0,0,0,0,0,0,8616,0,1
Germany,2022-12-05,9847,83,0,0,0,0,0,0,0,0,0,0,0,0,0,0,9764,0,0
Germany,2022-12-19,6582,99,0,0,0,0,0,0,0,0,0,0,0,0,0,0,6483,0,0
Germany,2023-01-02,6838,114,0,0,0,0,0,0,0,0,0,0,0,0,0,0,6724,0,0
Germany,2023-01-16,5618,177,0,0,0,0,0,0,0,0,0,0,0,0,0,0,5441,0,0
Germany,2023-01-30,6383,263,0,0,0,0,0,0,0,0,0,0,0,0,0,0,6120,0,0
Germany,2023-02-13,6297,290,0,0,0,0,0,0,0,0,0,0,0,0,0,0,6007,0,0
Germany,2023-02-27,4778,216,0,0,0,0,0,0,0,0,0,0,0,0,0,0,4562,0,0
Germany,2023-03-13,4023,143,0,0,0,0,0,0,0,0,0,0,0,0,0,0,3878,2,0
Germany,2023-03-27,2393,49,0,0,0,0,0,0,0,0,0,0,0,0,0,0,2343,1,0
Germany,2023-04-10,1435,45,0,0,0,0,0,0,0,0,0,0,0,0,0,0,1390,0,0
Germany,2023-04-24,360,13,0,0,0,0,0,0,0,0,0,0,0,0,0,0,347,0,0
Germany,2023-05-08,207,4,0,0,0,0,0,0,0,0,0,0,0,0,0,0,203,0,0
Germany,2023-05-22,196,7,0,0,0,0,0,0,0,0,0,0,0,0,0,0,189,0,0
Germany,2023-06-05,180,4,0,0,0,0,0,0,0,0,0,0,0,0,0,0,176,0,0
Germany,2023-06-19,120,0,0,0,0,0,0,0,0,0,0,0,0,0,0,0,120,0,0
Germany,2023-07-03,107,0,0,0,0,0,0,0,0,0,0,0,0,0,0,0,107,0,0
Ghana,2020-05-11,17,17,0,0,0,0,0,0,0,0,0,0,0,0,0,0,0,0,0
Ghana,2020-05-25,7,7,0,0,0,0,0,0,0,0,0,0,0,0,0,0,0,0,0
Ghana,2020-06-08,3,3,0,0,0,0,0,0,0,0,0,0,0,0,0,0,0,0,0
Ghana,2020-06-22,1,1,0,0,0,0,0,0,0,0,0,0,0,0,0,0,0,0,0
Ghana,2020-07-06,10,10,0,0,0,0,0,0,0,0,0,0,0,0,0,0,0,0,0
Ghana,2020-07-20,43,42,0,0,0,0,0,0,0,0,0,0,0,0,0,0,0,0,1
Ghana,2020-08-03,5,5,0,0,0,0,0,0,0,0,0,0,0,0,0,0,0,0,0
Ghana,2020-08-17,23,22,0,0,0,0,0,0,0,0,0,0,0,0,0,0,0,0,1
Ghana,2020-08-31,16,16,0,0,0,0,0,0,0,0,0,0,0,0,0,0,0,0,0
Ghana,2020-09-28,2,0,1,0,0,0,0,0,0,0,0,0,0,0,0,0,0,0,1
Ghana,2020-10-26,18,18,0,0,0,0,0,0,0,0,0,0,0,0,0,0,0,0,0
Ghana,2020-11-09,16,0,0,2,0,0,0,1,8,0,0,0,0,0,0,1,0,0,4
Ghana,2020-11-23,31,30,0,0,0,0,0,0,0,0,0,0,0,0,0,0,0,0,1
Ghana,2020-12-07,19,0,0,2,0,0,0,2,9,0,0,0,0,0,0,1,0,0,5
Ghana,2020-12-21,19,0,0,1,0,0,0,8,6,0,0,0,0,0,0,1,0,0,3
Ghana,2021-01-04,173,0,0,2,0,5,6,108,15,0,0,1,8,0,0,0,0,0,28
Ghana,2021-01-18,66,0,0,1,0,0,0,31,8,0,0,1,6,0,0,0,0,0,19
Ghana,2021-02-01,115,0,0,1,0,0,1,61,7,0,0,1,28,0,0,0,0,0,16
Ghana,2021-02-15,102,0,0,1,0,0,0,48,8,0,0,1,30,0,0,0,0,0,14
Ghana,2021-03-01,96,0,0,1,0,0,1,49,5,1,0,0,30,0,0,0,0,0,9
Ghana,2021-03-15,65,0,0,1,0,0,3,26,2,0,0,1,24,2,0,0,0,0,6
Ghana,2021-03-29,78,0,0,1,0,0,3,43,6,0,3,0,9,1,0,0,0,0,12
Ghana,2021-04-12,79,0,2,1,0,0,6,28,8,2,0,1,15,0,0,0,0,0,16
Ghana,2021-04-26,55,0,0,1,0,0,1,6,12,2,0,1,17,0,0,0,0,0,15
Ghana,2021-05-10,77,1,0,1,0,0,0,6,37,5,0,1,9,0,0,3,0,0,14
Ghana,2021-05-24,82,1,0,0,0,0,2,2,38,9,0,0,13,0,1,5,0,0,11
Ghana,2021-06-07,72,1,0,0,0,0,0,2,10,49,0,0,2,0,1,4,0,0,3
Ghana,2021-06-21,82,0,0,0,0,0,0,0,1,65,0,0,1,0,0,1,0,0,14
Ghana,2021-07-05,194,1,0,0,0,0,0,1,6,176,0,0,0,0,1,5,0,0,4
Ghana,2021-07-19,106,0,0,0,0,0,0,0,0,101,0,0,0,0,0,0,0,0,5
Ghana,2021-08-02,113,0,0,0,0,0,0,0,0,113,0,0,0,0,0,0,0,0,0
Ghana,2021-08-16,45,0,0,0,0,0,0,0,0,45,0,0,0,0,0,0,0,0,0
Ghana,2021-08-30,67,0,0,0,0,0,0,0,0,67,0,0,0,0,0,0,0,0,0
Ghana,2021-09-13,160,0,0,0,0,0,0,0,0,159,0,0,0,0,0,0,0,0,1
Ghana,2021-09-27,49,0,0,0,0,0,0,0,0,49,0,0,0,0,0,0,0,0,0
Ghana,2021-10-11,51,0,0,0,0,0,0,0,0,50,0,0,0,0,0,0,0,0,1
Ghana,2021-10-25,32,0,0,0,0,0,0,0,0,32,0,0,0,0,0,0,0,0,0
Ghana,2021-11-08,26,0,0,0,0,0,0,0,0,22,0,0,0,0,0,0,4,0,0
Ghana,2021-11-22,66,0,0,0,0,0,0,0,0,21,0,0,0,0,0,0,45,0,0
Ghana,2021-12-06,290,0,0,0,0,0,0,0,0,3,0,0,0,0,0,0,287,0,0
Ghana,2021-12-20,215,0,0,0,0,0,0,0,0,1,0,0,0,0,0,0,214,0,0
Ghana,2022-01-03,97,0,0,0,0,0,0,0,0,0,0,0,0,0,0,0,97,0,0
Ghana,2022-01-17,14,0,0,0,0,0,0,0,0,1,0,0,0,0,0,0,13,0,0
Ghana,2022-01-31,13,0,0,0,0,0,0,0,0,0,0,0,0,0,0,0,13,0,0
Ghana,2022-02-14,10,0,0,0,0,0,0,0,0,1,0,0,0,0,0,0,9,0,0
Ghana,2022-03-28,1,0,0,0,0,0,0,0,0,0,0,0,0,0,0,0,1,0,0
Ghana,2022-05-09,1,0,0,0,0,0,0,0,0,0,0,0,0,0,0,0,1,0,0
Ghana,2022-05-23,73,0,0,0,0,0,0,0,0,0,0,0,0,0,0,0,73,0,0
Ghana,2022-06-06,110,0,0,0,0,0,0,0,0,0,0,0,0,0,0,0,110,0,0
Ghana,2022-06-20,103,0,0,0,0,0,0,0,0,0,0,0,0,0,0,0,103,0,0
Ghana,2022-07-04,18,0,0,0,0,0,0,0,0,0,0,0,0,0,0,0,18,0,0
Ghana,2022-07-18,7,0,0,0,0,0,0,0,0,0,0,0,0,0,0,0,7,0,0
Ghana,2022-08-15,2,0,0,0,0,0,0,0,0,0,0,0,0,0,0,0,2,0,0
Ghana,2022-08-29,19,0,0,0,0,0,0,0,0,0,0,0,0,0,0,0,19,0,0
Ghana,2022-09-12,166,0,0,0,0,0,0,0,0,0,0,0,0,0,0,0,166,0,0
Ghana,2022-09-26,204,0,0,0,0,0,0,0,0,0,0,0,0,0,0,0,204,0,0
Ghana,2022-10-10,32,0,0,0,0,0,0,0,0,0,0,0,0,0,0,0,32,0,0
Ghana,2022-10-24,1,0,0,0,0,0,0,0,0,0,0,0,0,0,0,0,1,0,0
Ghana,2022-11-07,1,0,0,0,0,0,0,0,0,0,0,0,0,0,0,0,1,0,0
Ghana,2023-01-02,2,0,0,0,0,0,0,0,0,0,0,0,0,0,0,0,2,0,0
Ghana,2023-01-30,1,0,0,0,0,0,0,0,0,0,0,0,0,0,0,0,1,0,0
Ghana,2023-02-13,5,0,0,0,0,0,0,0,0,0,0,0,0,0,0,0,5,0,0
Ghana,2023-02-27,11,0,0,0,0,0,0,0,0,0,0,0,0,0,0,0,11,0,0
Ghana,2023-03-13,7,0,0,0,0,0,0,0,0,0,0,0,0,0,0,0,7,0,0
Ghana,2023-08-14,1,0,0,0,0,0,0,0,0,0,0,0,0,0,0,0,1,0,0
Gibraltar,2020-07-20,5,5,0,0,0,0,0,0,0,0,0,0,0,0,0,0,0,0,0
Gibraltar,2020-08-03,7,7,0,0,0,0,0,0,0,0,0,0,0,0,0,0,0,0,0
Gibraltar,2020-10-26,171,0,1,0,1,142,0,0,0,0,0,0,0,0,0,0,0,0,27
Gibraltar,2020-11-23,2,0,1,0,0,1,0,0,0,0,0,0,0,0,0,0,0,0,0
Gibraltar,2020-12-07,50,0,1,0,0,42,0,6,0,0,0,0,0,0,0,0,0,0,1
Gibraltar,2020-12-21,103,0,0,0,0,63,0,38,0,0,0,0,0,0,0,0,0,0,2
Gibraltar,2021-01-04,32,0,0,0,0,22,0,10,0,0,0,0,0,0,0,0,0,0,0
Gibraltar,2021-01-18,1,0,0,0,0,1,0,0,0,0,0,0,0,0,0,0,0,0,0
Gibraltar,2021-02-01,144,0,1,0,0,89,0,49,0,0,0,0,0,0,0,0,0,0,5
Gibraltar,2021-03-01,148,0,1,0,0,56,0,90,0,0,0,0,0,0,0,0,0,0,1
Gibraltar,2021-03-15,1,0,0,0,0,0,0,1,0,0,0,0,0,0,0,0,0,0,0
Gibraltar,2021-03-29,1,0,0,0,0,0,0,1,0,0,0,0,0,0,0,0,0,0,0
Gibraltar,2021-05-24,1,0,0,0,0,0,0,0,0,1,0,0,0,0,0,0,0,0,0
Gibraltar,2021-07-05,160,0,0,0,0,0,0,7,0,153,0,0,0,0,0,0,0,0,0
Gibraltar,2021-07-19,294,0,0,0,0,0,0,9,1,283,0,0,0,0,0,1,0,0,0
Gibraltar,2021-08-02,180,0,0,0,0,0,0,0,0,179,0,0,0,0,0,0,0,0,1
Gibraltar,2021-08-16,94,0,0,0,0,2,0,0,0,92,0,0,0,0,0,0,0,0,0
Gibraltar,2021-08-30,33,0,0,0,0,0,0,0,0,33,0,0,0,0,0,0,0,0,0
Gibraltar,2021-09-27,1,0,0,0,0,0,0,0,0,1,0,0,0,0,0,0,0,0,0
Gibraltar,2021-10-11,12,0,0,0,0,0,0,0,0,12,0,0,0,0,0,0,0,0,0
Gibraltar,2021-10-25,182,0,0,0,0,0,0,0,0,182,0,0,0,0,0,0,0,0,0
Gibraltar,2021-11-08,337,0,0,0,0,0,0,0,0,337,0,0,0,0,0,0,0,0,0
Gibraltar,2021-11-22,276,0,0,0,0,0,0,0,0,276,0,0,0,0,0,0,0,0,0
Gibraltar,2021-12-06,346,0,0,0,0,0,0,0,0,229,0,0,0,0,0,0,117,0,0
Greece,2020-04-27,7,0,0,0,0,0,0,0,0,0,0,1,0,0,0,0,0,0,6
Greece,2020-05-11,6,0,0,0,0,0,0,0,0,0,0,1,0,0,0,0,0,0,5
Greece,2020-07-20,2,0,0,0,0,0,0,0,0,0,0,0,0,0,0,0,0,0,2
Greece,2020-08-03,14,0,0,0,0,0,0,0,0,0,0,2,0,1,0,0,0,0,11
Greece,2020-08-17,1,0,0,0,0,0,0,0,0,0,0,0,0,0,0,0,0,0,1
Greece,2020-08-31,19,0,0,0,1,1,0,0,0,0,0,0,0,0,0,0,0,0,17
Greece,2020-09-14,35,0,2,0,0,0,0,0,0,0,0,0,0,0,0,0,0,0,33
Greece,2020-09-28,38,0,2,1,0,6,0,0,0,0,0,0,0,0,0,0,0,0,29
Greece,2020-10-12,20,0,1,0,0,1,0,0,0,0,0,0,0,0,0,0,0,0,18
Greece,2020-10-26,193,0,18,1,0,34,0,0,0,0,0,0,0,0,0,0,0,1,139
Greece,2020-11-09,127,0,28,1,0,50,0,0,0,0,0,0,0,0,0,0,0,0,48
Greece,2020-11-23,68,0,8,0,0,16,0,0,0,0,0,0,0,0,0,0,0,0,44
Greece,2020-12-07,238,0,21,0,0,64,0,10,0,0,0,0,0,0,0,0,0,1,142
Greece,2020-12-21,143,0,19,0,0,73,0,10,0,0,0,0,0,0,0,0,0,0,41
Greece,2021-01-04,58,0,8,0,0,14,2,19,0,0,0,0,0,0,0,0,0,0,15
Greece,2021-01-18,161,0,17,0,0,36,1,63,0,0,0,0,0,0,0,0,0,1,43
Greece,2021-02-01,107,0,1,0,0,36,10,47,0,0,0,0,0,0,0,0,0,0,13
Greece,2021-02-15,523,0,10,0,0,82,4,412,0,0,0,0,0,0,0,0,0,0,15
Greece,2021-03-01,1212,0,1,0,0,35,3,1148,0,0,0,1,1,0,0,1,0,0,22
Greece,2021-03-15,563,0,1,0,0,25,1,508,0,1,0,1,0,0,0,1,0,0,25
Greece,2021-03-29,567,0,1,0,0,6,11,489,0,0,1,1,1,1,0,7,0,0,49
Greece,2021-04-12,837,0,0,0,0,6,2,694,0,1,0,3,0,2,1,23,0,0,105
Greece,2021-04-26,1103,0,0,0,0,1,4,932,0,8,0,1,0,3,1,28,0,0,125
Greece,2021-05-10,959,0,0,0,0,1,5,667,1,0,0,2,0,6,1,47,0,0,229
Greece,2021-05-24,169,0,0,0,0,0,0,156,0,0,0,0,0,0,0,3,0,0,10
Greece,2021-06-07,185,0,0,0,0,0,2,77,0,7,0,0,0,1,1,21,0,0,76
Greece,2021-06-21,22,0,0,0,0,0,2,5,0,8,0,0,0,1,0,2,0,0,4
Greece,2021-07-05,273,0,0,0,0,0,9,107,0,148,0,0,0,1,0,3,0,0,5
Greece,2021-07-19,485,0,0,0,0,0,1,21,0,459,0,0,0,0,0,2,0,0,2
Greece,2021-08-02,252,0,0,0,0,0,0,7,0,243,0,0,0,0,0,1,0,0,1
Greece,2021-08-16,3,0,0,0,0,0,0,0,0,3,0,0,0,0,0,0,0,0,0
Greece,2021-08-30,744,0,0,0,0,0,0,1,0,743,0,0,0,0,0,0,0,0,0
Greece,2021-09-13,443,0,0,0,0,0,0,0,0,443,0,0,0,0,0,0,0,0,0
Greece,2021-09-27,122,0,0,0,0,0,0,0,0,122,0,0,0,0,0,0,0,0,0
Greece,2021-10-11,9,0,0,0,0,0,0,0,0,9,0,0,0,0,0,0,0,0,0
Greece,2021-10-25,350,0,0,0,0,0,0,0,0,350,0,0,0,0,0,0,0,0,0
Greece,2021-11-08,524,0,0,0,0,0,0,0,0,524,0,0,0,0,0,0,0,0,0
Greece,2021-11-22,795,0,0,0,0,0,0,0,0,793,0,0,0,0,0,0,2,0,0
Greece,2021-12-06,499,0,0,0,0,0,0,0,0,428,0,0,0,0,0,0,71,0,0
Greece,2021-12-20,265,0,0,0,0,0,0,0,0,16,0,0,0,0,0,0,249,0,0
Greece,2022-01-03,170,0,0,0,0,0,0,0,0,34,0,0,0,0,0,0,136,0,0
Greece,2022-01-17,330,0,0,0,0,0,0,0,0,7,0,0,0,0,0,0,323,0,0
Greece,2022-01-31,840,0,0,0,0,0,0,0,0,9,0,0,0,0,0,0,831,0,0
Greece,2022-02-14,1471,0,0,0,0,0,0,0,0,18,0,0,0,0,0,0,1453,0,0
Greece,2022-02-28,31,0,0,0,0,0,0,0,0,0,0,0,0,0,0,0,31,0,0
Greece,2022-03-14,554,0,0,0,0,0,0,0,0,0,0,0,0,0,0,0,554,0,0
Greece,2022-03-28,812,0,0,0,0,0,0,0,0,0,0,0,0,0,0,0,812,0,0
Greece,2022-04-11,365,0,0,0,0,0,0,0,0,0,0,0,0,0,0,0,365,0,0
Greece,2022-04-25,292,2,0,0,0,0,0,0,0,0,0,0,0,0,0,0,290,0,0
Greece,2022-05-09,17,0,0,0,0,0,0,0,0,0,0,0,0,0,0,0,17,0,0
Greece,2022-05-23,26,0,0,0,0,0,0,0,0,0,0,0,0,0,0,0,26,0,0
Greece,2022-06-06,427,5,0,0,0,0,0,0,0,0,0,0,0,0,0,0,422,0,0
Greece,2022-06-20,747,13,0,0,0,0,0,0,0,0,0,0,0,0,0,0,734,0,0
Greece,2022-07-04,721,6,0,0,0,0,0,0,0,0,0,0,0,0,0,0,715,0,0
Greece,2022-07-18,678,8,0,0,0,0,0,0,0,0,0,0,0,0,0,0,670,0,0
Greece,2022-08-01,605,5,0,0,0,0,0,0,0,0,0,0,0,0,0,0,600,0,0
Greece,2022-08-15,131,1,0,0,0,0,0,0,0,0,0,0,0,0,0,0,130,0,0
Greece,2022-08-29,324,4,0,0,0,0,0,0,0,0,0,0,0,0,0,0,320,0,0
Greece,2022-09-12,526,0,0,0,0,0,0,0,0,0,0,0,0,0,0,0,526,0,0
Greece,2022-09-26,560,0,0,0,0,0,0,0,0,0,0,0,0,0,0,0,560,0,0
Greece,2022-10-10,710,1,0,0,0,0,0,0,0,0,0,0,0,0,0,0,709,0,0
Greece,2022-10-24,577,0,0,0,0,0,0,0,0,0,0,0,0,0,0,0,577,0,0
Greece,2022-11-07,867,2,0,0,0,0,0,0,0,0,0,0,0,0,0,0,865,0,0
Greece,2022-11-21,773,0,0,0,0,0,0,0,0,0,0,0,0,0,0,0,773,0,0
Greece,2022-12-05,926,5,0,0,0,0,0,0,0,0,0,0,0,0,0,0,921,0,0
Greece,2022-12-19,610,5,0,0,0,0,0,0,0,0,0,0,0,0,0,0,605,0,0
Greece,2023-01-02,775,6,0,0,0,0,0,0,0,0,0,0,0,0,0,0,769,0,0
Greece,2023-01-16,598,12,0,0,0,0,0,0,0,0,0,0,0,0,0,0,586,0,0
Greece,2023-01-30,412,7,0,0,0,0,0,0,0,0,0,0,0,0,0,0,405,0,0
Greece,2023-02-13,543,7,0,0,0,0,0,0,0,0,0,0,0,0,0,0,536,0,0
Greece,2023-02-27,462,7,0,0,0,0,0,0,0,0,0,0,0,0,0,0,455,0,0
Greece,2023-03-13,274,2,0,0,0,0,0,0,0,0,0,0,0,0,0,0,272,0,0
Greece,2023-03-27,266,5,0,0,0,0,0,0,0,0,0,0,0,0,0,0,261,0,0
Greece,2023-04-10,242,4,0,0,0,0,0,0,0,0,0,0,0,0,0,0,238,0,0
Greece,2023-04-24,237,1,0,0,0,0,0,0,0,0,0,0,0,0,0,0,236,0,0
Greece,2023-05-08,266,0,0,0,0,0,0,0,0,0,0,0,0,0,0,0,266,0,0
Greece,2023-05-22,156,0,0,0,0,0,0,0,0,0,0,0,0,0,0,0,156,0,0
Greece,2023-06-05,77,0,0,0,0,0,0,0,0,0,0,0,0,0,0,0,77,0,0
Greece,2023-06-19,72,0,0,0,0,0,0,0,0,0,0,0,0,0,0,0,72,0,0
Greece,2023-07-03,53,0,0,0,0,0,0,0,0,0,0,0,0,0,0,0,53,0,0
Greece,2023-07-17,55,0,0,0,0,0,0,0,0,0,0,0,0,0,0,0,55,0,0
Greece,2023-07-31,95,0,0,0,0,0,0,0,0,0,0,0,0,0,0,0,95,0,0
Greece,2023-08-14,304,0,0,0,0,0,0,0,0,0,0,0,0,0,0,0,304,0,0
Greece,2023-08-28,619,2,0,0,0,0,0,0,0,0,0,0,0,0,0,0,617,0,0
Greece,2023-09-11,682,11,0,0,0,0,0,0,0,0,0,0,0,0,0,0,671,0,0
Greece,2023-09-25,826,8,0,0,0,0,0,0,0,0,0,0,0,0,0,0,818,0,0
Greece,2023-10-09,927,11,0,0,0,0,0,0,0,0,0,0,0,0,0,0,916,0,0
Greece,2023-10-23,744,7,0,0,0,0,0,0,0,0,0,0,0,0,0,0,737,0,0
Greece,2023-11-06,520,5,0,0,0,0,0,0,0,0,0,0,0,0,0,0,515,0,0
Greece,2023-11-20,508,2,0,0,0,0,0,0,0,0,0,0,0,0,0,0,506,0,0
Greece,2023-12-04,582,10,0,0,0,0,0,0,0,0,0,0,0,0,0,0,572,0,0
Greece,2023-12-18,321,10,0,0,0,0,0,0,0,0,0,0,0,0,0,0,311,0,0
Greece,2024-01-01,426,24,0,0,0,0,0,0,0,0,0,0,0,0,0,0,402,0,0
Greece,2024-01-15,243,10,0,0,0,0,0,0,0,0,0,0,0,0,0,0,233,0,0
Greece,2024-01-29,76,0,0,0,0,0,0,0,0,0,0,0,0,0,0,0,76,0,0
Greece,2024-02-12,83,4,0,0,0,0,0,0,0,0,0,0,0,0,0,0,79,0,0
Greece,2024-07-01,209,2,0,0,0,0,0,0,0,0,0,0,0,0,0,0,207,0,0
Greece,2024-07-15,248,1,0,0,0,0,0,0,0,0,0,0,0,0,0,0,247,0,0
Greece,2024-07-29,174,1,0,0,0,0,0,0,0,0,0,0,0,0,0,0,173,0,0
Guadeloupe,2021-01-04,5,0,1,0,0,0,0,0,0,0,0,0,0,0,0,0,0,1,3
Guadeloupe,2021-01-18,37,0,2,0,0,6,0,6,0,0,0,3,0,0,0,0,0,12,8
Guadeloupe,2021-02-01,1,0,0,0,0,0,0,0,0,0,0,0,0,0,0,0,0,1,0
Guadeloupe,2021-02-15,18,0,10,0,0,1,1,2,0,0,0,0,0,0,0,0,0,3,1
Guadeloupe,2021-03-01,18,0,6,0,0,0,1,3,0,0,2,0,2,0,0,0,0,1,3
Guadeloupe,2021-03-15,7,0,0,0,0,0,0,7,0,0,0,0,0,0,0,0,0,0,0
Guadeloupe,2021-03-29,2,0,0,0,0,0,0,2,0,0,0,0,0,0,0,0,0,0,0
Guadeloupe,2021-04-12,1,0,0,0,0,0,0,1,0,0,0,0,0,0,0,0,0,0,0
Guadeloupe,2021-04-26,3,0,0,0,0,0,0,3,0,0,0,0,0,0,0,0,0,0,0
Guadeloupe,2021-05-10,18,0,0,0,0,0,0,18,0,0,0,0,0,0,0,0,0,0,0
Guadeloupe,2021-05-24,21,0,0,0,0,0,2,16,0,3,0,0,0,0,0,0,0,0,0
Guadeloupe,2021-06-07,2,0,0,0,0,0,0,2,0,0,0,0,0,0,0,0,0,0,0
Guadeloupe,2021-06-21,23,0,0,0,0,0,0,22,0,1,0,0,0,0,0,0,0,0,0
Guadeloupe,2021-07-05,30,0,0,0,0,0,0,3,1,26,0,0,0,0,0,0,0,0,0
Guadeloupe,2021-07-19,301,0,0,0,0,0,0,24,0,277,0,0,0,0,0,0,0,0,0
Guadeloupe,2021-08-02,673,0,0,0,0,0,0,7,0,666,0,0,0,0,0,0,0,0,0
Guadeloupe,2021-08-16,340,0,0,0,0,0,0,2,0,338,0,0,0,0,0,0,0,0,0
Guadeloupe,2021-08-30,72,0,0,0,0,0,0,2,0,70,0,0,0,0,0,0,0,0,0
Guadeloupe,2021-09-13,37,0,0,0,0,0,0,0,0,37,0,0,0,0,0,0,0,0,0
Guadeloupe,2021-09-27,8,0,0,0,0,0,0,0,0,8,0,0,0,0,0,0,0,0,0
Guadeloupe,2021-10-11,7,0,0,0,0,0,0,0,0,7,0,0,0,0,0,0,0,0,0
Guadeloupe,2021-10-25,14,0,0,0,0,0,0,0,0,14,0,0,0,0,0,0,0,0,0
Guadeloupe,2021-11-08,13,0,0,0,0,0,0,0,0,13,0,0,0,0,0,0,0,0,0
Guadeloupe,2021-12-06,4,0,0,0,0,0,0,0,0,1,0,0,0,0,0,0,3,0,0
Guadeloupe,2021-12-20,33,0,0,0,0,0,0,0,0,3,0,0,0,0,0,0,30,0,0
Guadeloupe,2022-01-03,19,0,0,0,0,0,0,0,0,1,0,0,0,0,0,0,18,0,0
Guadeloupe,2022-01-17,28,0,0,0,0,0,0,0,0,1,0,0,0,0,0,0,27,0,0
Guadeloupe,2022-01-31,21,0,0,0,0,0,0,0,0,0,0,0,0,0,0,0,21,0,0
Guadeloupe,2022-02-14,23,0,0,0,0,0,0,0,0,0,0,0,0,0,0,0,23,0,0
Guadeloupe,2022-02-28,7,0,0,0,0,0,0,0,0,0,0,0,0,0,0,0,7,0,0
Guadeloupe,2022-03-14,31,0,0,0,0,0,0,0,0,0,0,0,0,0,0,0,31,0,0
Guadeloupe,2022-03-28,22,0,0,0,0,0,0,0,0,0,0,0,0,0,0,0,22,0,0
Guadeloupe,2022-04-11,26,0,0,0,0,0,0,0,0,0,0,0,0,0,0,0,26,0,0
Guadeloupe,2022-04-25,8,0,0,0,0,0,0,0,0,0,0,0,0,0,0,0,8,0,0
Guadeloupe,2022-05-09,16,0,0,0,0,0,0,0,0,0,0,0,0,0,0,0,16,0,0
Guadeloupe,2022-05-23,28,0,0,0,0,0,0,0,0,0,0,0,0,0,0,0,28,0,0
Guadeloupe,2022-06-06,20,0,0,0,0,0,0,0,0,0,0,0,0,0,0,0,20,0,0
Guadeloupe,2022-06-20,15,0,0,0,0,0,0,0,0,0,0,0,0,0,0,0,15,0,0
Guadeloupe,2022-07-04,14,0,0,0,0,0,0,0,0,0,0,0,0,0,0,0,14,0,0
Guadeloupe,2022-07-18,14,0,0,0,0,0,0,0,0,0,0,0,0,0,0,0,14,0,0
Guadeloupe,2022-08-01,8,0,0,0,0,0,0,0,0,0,0,0,0,0,0,0,8,0,0
Guadeloupe,2022-08-15,4,0,0,0,0,0,0,0,0,0,0,0,0,0,0,0,4,0,0
Guadeloupe,2022-08-29,2,0,0,0,0,0,0,0,0,0,0,0,0,0,0,0,2,0,0
Guadeloupe,2022-09-12,3,0,0,0,0,0,0,0,0,0,0,0,0,0,0,0,3,0,0
Guadeloupe,2022-09-26,2,0,0,0,0,0,0,0,0,0,0,0,0,0,0,0,2,0,0
Guadeloupe,2022-10-10,17,0,0,0,0,0,0,0,0,0,0,0,0,0,0,0,17,0,0
Guadeloupe,2022-10-24,8,0,0,0,0,0,0,0,0,0,0,0,0,0,0,0,8,0,0
Guadeloupe,2022-11-07,6,0,0,0,0,0,0,0,0,0,0,0,0,0,0,0,6,0,0
Guadeloupe,2022-11-21,14,0,0,0,0,0,0,0,0,0,0,0,0,0,0,0,14,0,0
Guadeloupe,2022-12-05,7,0,0,0,0,0,0,0,0,0,0,0,0,0,0,0,7,0,0
Guadeloupe,2022-12-19,4,0,0,0,0,0,0,0,0,0,0,0,0,0,0,0,4,0,0
Guadeloupe,2023-01-02,6,0,0,0,0,0,0,0,0,0,0,0,0,0,0,0,6,0,0
Guadeloupe,2023-01-30,10,0,0,0,0,0,0,0,0,0,0,0,0,0,0,0,10,0,0
Guadeloupe,2023-02-27,3,0,0,0,0,0,0,0,0,0,0,0,0,0,0,0,3,0,0
Guadeloupe,2023-03-13,4,0,0,0,0,0,0,0,0,0,0,0,0,0,0,0,4,0,0
Guadeloupe,2023-03-27,5,0,0,0,0,0,0,0,0,0,0,0,0,0,0,0,5,0,0
Guadeloupe,2023-04-10,8,0,0,0,0,0,0,0,0,0,0,0,0,0,0,0,8,0,0
Guadeloupe,2023-04-24,7,0,0,0,0,0,0,0,0,0,0,0,0,0,0,0,7,0,0
Guadeloupe,2023-05-08,10,0,0,0,0,0,0,0,0,0,0,0,0,0,0,0,10,0,0
Guadeloupe,2023-05-22,12,0,0,0,0,0,0,0,0,0,0,0,0,0,0,0,12,0,0
Guadeloupe,2023-06-05,1,0,0,0,0,0,0,0,0,0,0,0,0,0,0,0,1,0,0
Guadeloupe,2023-06-19,9,0,0,0,0,0,0,0,0,0,0,0,0,0,0,0,9,0,0
Guadeloupe,2023-07-03,1,0,0,0,0,0,0,0,0,0,0,0,0,0,0,0,1,0,0
Guadeloupe,2023-07-17,5,0,0,0,0,0,0,0,0,0,0,0,0,0,0,0,5,0,0
Guadeloupe,2023-07-31,7,0,0,0,0,0,0,0,0,0,0,0,0,0,0,0,7,0,0
Guadeloupe,2023-08-14,8,0,0,0,0,0,0,0,0,0,0,0,0,0,0,0,8,0,0
Guadeloupe,2023-08-28,1,0,0,0,0,0,0,0,0,0,0,0,0,0,0,0,1,0,0
Guadeloupe,2023-09-11,5,0,0,0,0,0,0,0,0,0,0,0,0,0,0,0,5,0,0
Guadeloupe,2023-10-09,1,1,0,0,0,0,0,0,0,0,0,0,0,0,0,0,0,0,0
Guadeloupe,2023-11-20,2,0,0,0,0,0,0,0,0,0,0,0,0,0,0,0,2,0,0
Guadeloupe,2023-12-04,1,0,0,0,0,0,0,0,0,0,0,0,0,0,0,0,1,0,0
Guadeloupe,2024-01-01,1,0,0,0,0,0,0,0,0,0,0,0,0,0,0,0,1,0,0
Guadeloupe,2024-01-15,1,0,0,0,0,0,0,0,0,0,0,0,0,0,0,0,1,0,0
Guadeloupe,2024-01-29,1,0,0,0,0,0,0,0,0,0,0,0,0,0,0,0,1,0,0
Guadeloupe,2024-02-12,1,0,0,0,0,0,0,0,0,0,0,0,0,0,0,0,1,0,0
Guadeloupe,2024-05-06,1,0,0,0,0,0,0,0,0,0,0,0,0,0,0,0,1,0,0
Guadeloupe,2024-07-01,12,0,0,0,0,0,0,0,0,0,0,0,0,0,0,0,12,0,0
Guadeloupe,2024-07-15,4,0,0,0,0,0,0,0,0,0,0,0,0,0,0,0,4,0,0
Guadeloupe,2024-07-29,2,0,0,0,0,0,0,0,0,0,0,0,0,0,0,0,2,0,0
Guatemala,2020-05-11,3,0,0,0,0,0,0,0,0,0,0,0,0,0,0,0,0,0,3
Guatemala,2020-05-25,6,0,0,0,0,0,0,0,0,0,0,0,0,0,0,0,0,0,6
Guatemala,2020-06-08,19,0,0,0,0,0,0,0,0,0,0,0,0,0,0,0,0,1,18
Guatemala,2020-06-22,11,0,0,0,0,0,0,0,0,0,0,0,0,0,0,0,0,0,11
Guatemala,2020-07-06,6,0,0,0,0,0,0,0,0,0,0,0,0,0,0,0,0,0,6
Guatemala,2020-07-20,10,0,0,0,0,0,0,0,0,0,0,0,0,0,0,0,0,0,10
Guatemala,2020-08-03,3,0,0,0,0,0,0,0,0,0,0,0,0,0,0,0,0,0,3
Guatemala,2020-08-31,1,0,0,0,0,0,0,0,0,0,0,0,0,0,0,0,0,0,1
Guatemala,2020-09-14,2,0,0,0,0,0,0,0,0,0,0,0,0,0,0,0,0,0,2
Guatemala,2020-09-28,19,0,0,0,0,0,0,0,0,0,0,0,0,0,0,0,0,1,18
Guatemala,2020-10-12,10,0,0,0,0,0,0,0,0,0,0,0,0,0,0,0,0,0,10
Guatemala,2020-10-26,12,0,0,0,0,0,0,0,0,0,0,0,0,0,0,0,0,0,12
Guatemala,2020-11-09,4,0,0,0,0,0,0,0,0,0,0,0,0,0,0,0,0,0,4
Guatemala,2020-11-23,7,0,0,0,0,0,0,0,0,0,0,0,0,0,0,0,0,0,7
Guatemala,2020-12-07,4,0,0,0,0,0,0,0,0,0,0,0,0,0,0,0,0,0,4
Guatemala,2020-12-21,8,0,0,0,0,0,0,0,0,0,0,0,0,0,0,0,0,0,8
Guatemala,2021-01-04,42,0,0,0,0,0,0,0,0,0,0,6,0,0,0,0,0,1,35
Guatemala,2021-01-18,5,0,0,0,0,0,0,0,0,0,0,0,0,0,0,0,0,0,5
Guatemala,2021-02-01,2,0,0,0,0,0,0,0,0,0,0,0,0,0,0,0,0,0,2
Guatemala,2021-02-15,25,0,0,0,0,0,0,0,0,0,0,0,0,2,0,0,0,1,22
Guatemala,2021-03-01,32,0,1,0,0,3,0,1,0,0,0,1,0,0,0,0,0,1,25
Guatemala,2021-03-15,12,0,1,1,0,4,0,3,0,0,0,0,0,0,0,0,0,0,3
Guatemala,2021-03-29,20,0,1,2,0,2,0,6,1,0,0,1,0,1,0,0,0,0,6
Guatemala,2021-04-12,25,1,2,3,0,3,1,4,0,1,0,0,0,1,0,0,0,0,9
Guatemala,2021-04-26,18,0,1,1,0,0,0,1,2,0,0,2,0,0,0,0,0,0,11
Guatemala,2021-05-10,19,3,0,0,0,0,0,1,2,0,0,0,1,0,0,0,0,0,12
Guatemala,2021-05-24,31,2,3,2,0,4,0,1,2,0,0,1,0,0,0,0,0,0,16
Guatemala,2021-06-07,61,10,1,1,0,0,0,3,9,3,0,2,2,0,0,1,0,0,29
Guatemala,2021-06-21,182,22,0,2,0,0,0,1,10,55,0,1,5,1,2,0,0,0,83
Guatemala,2021-07-05,114,10,0,0,0,0,0,1,11,44,0,2,2,1,0,2,0,0,41
Guatemala,2021-07-19,96,14,0,1,0,0,0,1,8,48,0,0,1,0,1,0,0,0,22
Guatemala,2021-08-02,112,4,0,0,0,0,0,0,7,96,0,0,0,0,0,0,0,0,5
Guatemala,2021-08-16,111,5,0,0,0,0,0,0,2,99,0,0,0,0,0,0,0,0,5
Guatemala,2021-08-30,164,4,0,0,0,0,0,0,2,155,0,0,0,0,0,0,0,0,3
Guatemala,2021-09-13,117,3,0,0,0,0,0,0,0,114,0,0,0,0,0,0,0,0,0
Guatemala,2021-09-27,104,0,0,0,0,0,0,0,0,104,0,0,0,0,0,0,0,0,0
Guatemala,2021-10-11,23,0,0,0,0,0,0,0,0,23,0,0,0,0,0,0,0,0,0
Guatemala,2021-10-25,25,0,0,0,0,0,0,0,0,25,0,0,0,0,0,0,0,0,0
Guatemala,2021-11-08,27,0,0,0,0,0,0,0,0,27,0,0,0,0,0,0,0,0,0
Guatemala,2021-11-22,9,0,0,0,0,0,0,0,0,9,0,0,0,0,0,0,0,0,0
Guatemala,2021-12-06,37,0,0,0,0,0,0,0,0,19,0,0,0,0,0,0,18,0,0
Guatemala,2021-12-20,127,0,0,0,0,0,0,0,0,9,0,0,0,0,0,0,118,0,0
Guatemala,2022-01-03,84,0,0,0,0,0,0,0,0,1,0,0,0,0,0,0,83,0,0
Guatemala,2022-01-17,48,0,0,0,0,0,0,0,0,1,0,0,0,0,0,0,47,0,0
Guatemala,2022-01-31,32,0,0,0,0,0,0,0,0,0,0,0,0,0,0,0,32,0,0
Guatemala,2022-02-14,49,0,0,0,0,0,0,0,0,0,0,0,0,0,0,0,49,0,0
Guatemala,2022-02-28,7,0,0,0,0,0,0,0,0,0,0,0,0,0,0,0,7,0,0
Guatemala,2022-03-14,55,0,0,0,0,0,0,0,0,0,0,0,0,0,0,0,55,0,0
Guatemala,2022-03-28,36,0,0,0,0,0,0,0,0,0,0,0,0,0,0,0,36,0,0
Guatemala,2022-04-11,39,0,0,0,0,0,0,0,0,0,0,0,0,0,0,0,39,0,0
Guatemala,2022-04-25,41,0,0,0,0,0,0,0,0,0,0,0,0,0,0,0,41,0,0
Guatemala,2022-05-09,53,0,0,0,0,0,0,0,0,0,0,0,0,0,0,0,53,0,0
Guatemala,2022-05-23,52,2,0,0,0,0,0,0,0,0,0,0,0,0,0,0,50,0,0
Guatemala,2022-06-06,37,0,0,0,0,0,0,0,0,0,0,0,0,0,0,0,37,0,0
Guatemala,2022-06-20,69,0,0,0,0,0,0,0,0,0,0,0,0,0,0,0,69,0,0
Guatemala,2022-07-04,144,0,0,0,0,0,0,0,0,0,0,0,0,0,0,0,144,0,0
Guatemala,2022-07-18,130,0,0,0,0,0,0,0,0,0,0,0,0,0,0,0,130,0,0
Guatemala,2022-08-01,164,0,0,0,0,0,0,0,0,0,0,0,0,0,0,0,164,0,0
Guatemala,2022-08-15,94,0,0,0,0,0,0,0,0,0,0,0,0,0,0,0,94,0,0
Guatemala,2022-08-29,24,0,0,0,0,0,0,0,0,0,0,0,0,0,0,0,24,0,0
Guatemala,2022-09-12,36,0,0,0,0,0,0,0,0,0,0,0,0,0,0,0,36,0,0
Guatemala,2022-09-26,26,0,0,0,0,0,0,0,0,0,0,0,0,0,0,0,26,0,0
Guatemala,2022-10-10,31,0,0,0,0,0,0,0,0,0,0,0,0,0,0,0,31,0,0
Guatemala,2022-10-24,27,0,0,0,0,0,0,0,0,0,0,0,0,0,0,0,27,0,0
Guatemala,2022-11-07,134,0,0,0,0,0,0,0,0,0,0,0,0,0,0,0,134,0,0
Guatemala,2022-11-21,437,1,0,0,0,0,0,0,0,0,0,0,0,0,0,0,436,0,0
Guatemala,2022-12-05,362,0,0,0,0,0,0,0,0,0,0,0,0,0,0,0,362,0,0
Guatemala,2022-12-19,322,0,0,0,0,0,0,0,0,0,0,0,0,0,0,0,322,0,0
Guatemala,2023-01-02,187,0,0,0,0,0,0,0,0,0,0,0,0,0,0,0,187,0,0
Guatemala,2023-01-16,52,0,0,0,0,0,0,0,0,0,0,0,0,0,0,0,52,0,0
Guatemala,2023-01-30,15,0,0,0,0,0,0,0,0,0,0,0,0,0,0,0,15,0,0
Guatemala,2023-02-13,32,0,0,0,0,0,0,0,0,0,0,0,0,0,0,0,32,0,0
Guatemala,2023-02-27,16,0,0,0,0,0,0,0,0,0,0,0,0,0,0,0,16,0,0
Guatemala,2023-03-13,19,0,0,0,0,0,0,0,0,0,0,0,0,0,0,0,19,0,0
Guatemala,2023-03-27,11,0,0,0,0,0,0,0,0,0,0,0,0,0,0,0,11,0,0
Guatemala,2023-04-10,21,0,0,0,0,0,0,0,0,0,0,0,0,0,0,0,21,0,0
Guatemala,2023-04-24,43,0,0,0,0,0,0,0,0,0,0,0,0,0,0,0,43,0,0
Guatemala,2023-05-08,84,0,0,0,0,0,0,0,0,0,0,0,0,0,0,0,84,0,0
Guatemala,2023-05-22,85,0,0,0,0,0,0,0,0,0,0,0,0,0,0,0,85,0,0
Guatemala,2023-06-05,176,2,0,0,0,0,0,0,0,0,0,0,0,0,0,0,174,0,0
Guatemala,2023-06-19,44,3,0,0,0,0,0,0,0,0,0,0,0,0,0,0,41,0,0
Guatemala,2023-07-03,53,4,0,0,0,0,0,0,0,0,0,0,0,0,0,0,49,0,0
Guatemala,2023-07-17,102,9,0,0,0,0,0,0,0,0,0,0,0,0,0,0,93,0,0
Guatemala,2023-07-31,50,0,0,0,0,0,0,0,0,0,0,0,0,0,0,0,50,0,0
Guatemala,2023-08-14,25,2,0,0,0,0,0,0,0,0,0,0,0,0,0,0,23,0,0
Guatemala,2023-08-28,11,1,0,0,0,0,0,0,0,0,0,0,0,0,0,0,10,0,0
Guatemala,2023-09-11,8,0,0,0,0,0,0,0,0,0,0,0,0,0,0,0,8,0,0
Guatemala,2023-09-25,4,0,0,0,0,0,0,0,0,0,0,0,0,0,0,0,4,0,0
Guatemala,2023-10-23,1,0,0,0,0,0,0,0,0,0,0,0,0,0,0,0,1,0,0
Guatemala,2023-11-06,11,0,0,0,0,0,0,0,0,0,0,0,0,0,0,0,11,0,0
Guatemala,2023-11-20,10,0,0,0,0,0,0,0,0,0,0,0,0,0,0,0,10,0,0
Guatemala,2023-12-04,14,0,0,0,0,0,0,0,0,0,0,0,0,0,0,0,14,0,0
Guatemala,2023-12-18,26,0,0,0,0,0,0,0,0,0,0,0,0,0,0,0,26,0,0
Guatemala,2024-01-01,65,0,0,0,0,0,0,0,0,0,0,0,0,0,0,0,65,0,0
Guatemala,2024-01-15,103,0,0,0,0,0,0,0,0,0,0,0,0,0,0,0,103,0,0
Guatemala,2024-01-29,51,0,0,0,0,0,0,0,0,0,0,0,0,0,0,0,51,0,0
Guatemala,2024-02-12,54,0,0,0,0,0,0,0,0,0,0,0,0,0,0,0,54,0,0
Guatemala,2024-02-26,30,0,0,0,0,0,0,0,0,0,0,0,0,0,0,0,30,0,0
Guatemala,2024-03-11,10,0,0,0,0,0,0,0,0,0,0,0,0,0,0,0,10,0,0
Guatemala,2024-03-25,6,0,0,0,0,0,0,0,0,0,0,0,0,0,0,0,6,0,0
Guatemala,2024-04-08,9,0,0,0,0,0,0,0,0,0,0,0,0,0,0,0,9,0,0
Guatemala,2024-04-22,11,0,0,0,0,0,0,0,0,0,0,0,0,0,0,0,11,0,0
Guatemala,2024-05-06,9,0,0,0,0,0,0,0,0,0,0,0,0,0,0,0,9,0,0
Guatemala,2024-07-01,104,0,0,0,0,0,0,0,0,0,0,0,0,0,0,0,104,0,0
Guatemala,2024-07-15,152,0,0,0,0,0,0,0,0,0,0,0,0,0,0,0,152,0,0
Guatemala,2024-07-29,68,0,0,0,0,0,0,0,0,0,0,0,0,0,0,0,68,0,0
Guinea,2020-04-27,3,3,0,0,0,0,0,0,0,0,0,0,0,0,0,0,0,0,0
Guinea,2020-05-11,3,3,0,0,0,0,0,0,0,0,0,0,0,0,0,0,0,0,0
Guinea,2020-05-25,3,3,0,0,0,0,0,0,0,0,0,0,0,0,0,0,0,0,0
Guinea,2020-06-08,9,9,0,0,0,0,0,0,0,0,0,0,0,0,0,0,0,0,0
Guinea,2020-06-22,5,5,0,0,0,0,0,0,0,0,0,0,0,0,0,0,0,0,0
Guinea,2020-07-06,1,1,0,0,0,0,0,0,0,0,0,0,0,0,0,0,0,0,0
Guinea,2020-07-20,5,5,0,0,0,0,0,0,0,0,0,0,0,0,0,0,0,0,0
Guinea,2020-08-03,17,17,0,0,0,0,0,0,0,0,0,0,0,0,0,0,0,0,0
Guinea,2020-08-17,15,15,0,0,0,0,0,0,0,0,0,0,0,0,0,0,0,0,0
Guinea,2020-08-31,4,4,0,0,0,0,0,0,0,0,0,0,0,0,0,0,0,0,0
Guinea,2020-09-14,3,3,0,0,0,0,0,0,0,0,0,0,0,0,0,0,0,0,0
Guinea,2020-09-28,4,4,0,0,0,0,0,0,0,0,0,0,0,0,0,0,0,0,0
Guinea,2020-10-12,12,12,0,0,0,0,0,0,0,0,0,0,0,0,0,0,0,0,0
Guinea,2020-10-26,9,9,0,0,0,0,0,0,0,0,0,0,0,0,0,0,0,0,0
Guinea,2020-11-09,4,4,0,0,0,0,0,0,0,0,0,0,0,0,0,0,0,0,0
Guinea,2020-11-23,2,2,0,0,0,0,0,0,0,0,0,0,0,0,0,0,0,0,0
Guinea,2020-12-07,8,8,0,0,0,0,0,0,0,0,0,0,0,0,0,0,0,0,0
Guinea,2020-12-21,1,1,0,0,0,0,0,0,0,0,0,0,0,0,0,0,0,0,0
Guinea,2021-01-04,6,6,0,0,0,0,0,0,0,0,0,0,0,0,0,0,0,0,0
Guinea,2021-01-18,3,0,0,0,0,1,0,1,0,0,0,0,0,0,0,0,0,0,1
Guinea,2021-02-01,9,0,0,0,0,1,0,7,0,0,0,0,0,0,0,0,0,0,1
Guinea,2021-02-15,6,0,0,0,0,0,0,2,0,0,0,0,2,0,0,0,0,0,2
Guinea,2021-03-01,13,0,1,0,0,2,0,7,0,0,0,0,0,0,0,0,0,0,3
Guinea,2021-03-15,23,0,1,0,0,1,0,12,0,0,0,1,3,0,0,0,0,0,5
Guinea,2021-03-29,4,0,0,0,0,1,0,2,0,0,0,0,0,0,0,0,0,0,1
Guinea,2021-04-12,6,0,0,0,0,0,0,1,0,0,0,0,3,0,0,0,0,0,2
Guinea,2021-04-26,5,0,0,0,0,0,0,0,1,0,0,0,1,0,0,0,0,0,3
Guinea,2021-05-10,5,0,0,0,0,0,0,2,0,2,0,0,0,0,0,0,0,0,1
Guinea,2021-05-24,4,0,0,0,0,0,0,3,0,0,0,0,0,0,0,0,0,0,1
Guinea,2021-06-07,8,0,1,0,0,0,0,1,1,0,0,0,1,0,0,0,0,0,4
Guinea,2021-06-21,3,0,0,0,0,0,0,0,0,2,0,0,0,0,0,0,0,0,1
Guinea,2021-07-05,18,0,0,0,0,0,0,0,0,17,0,0,1,0,0,0,0,0,0
Guinea,2021-07-19,25,0,0,0,0,0,0,0,0,25,0,0,0,0,0,0,0,0,0
Guinea,2021-08-02,37,0,0,0,0,0,0,0,0,37,0,0,0,0,0,0,0,0,0
Guinea,2021-08-16,17,0,0,0,0,0,0,0,0,17,0,0,0,0,0,0,0,0,0
Guinea,2021-08-30,4,0,0,0,0,0,0,0,0,4,0,0,0,0,0,0,0,0,0
Guinea,2021-09-13,1,0,0,0,0,0,0,0,0,1,0,0,0,0,0,0,0,0,0
Guinea,2021-09-27,2,0,0,0,0,0,0,0,0,2,0,0,0,0,0,0,0,0,0
Guinea,2021-10-25,3,0,0,0,0,0,0,0,0,2,0,0,0,0,0,0,0,0,1
Guinea,2021-11-08,1,0,0,0,0,0,0,0,0,1,0,0,0,0,0,0,0,0,0
Guinea,2021-11-22,8,0,0,0,0,0,0,0,0,8,0,0,0,0,0,0,0,0,0
Guinea,2021-12-20,79,1,0,0,0,0,0,0,0,0,0,0,0,0,0,0,78,0,0
Guinea,2022-01-03,93,0,0,0,0,0,0,0,0,1,0,0,0,0,0,0,92,0,0
Guinea,2022-01-17,13,0,0,0,0,0,0,0,0,0,0,0,0,0,0,0,13,0,0
Guinea,2022-01-31,3,0,0,0,0,0,0,0,0,0,0,0,0,0,0,0,3,0,0
Guinea,2022-02-14,2,0,0,0,0,0,0,0,0,0,0,0,0,0,0,0,2,0,0
Guinea,2022-02-28,2,0,0,0,0,0,0,0,0,0,0,0,0,0,0,0,2,0,0
Guinea,2022-03-28,4,0,0,0,0,0,0,0,0,0,0,0,0,0,0,0,4,0,0
Guinea,2022-04-25,1,0,0,0,0,0,0,0,0,0,0,0,0,0,0,0,1,0,0
Guinea,2022-05-09,4,0,0,0,0,0,0,0,0,0,0,0,0,0,0,0,4,0,0
Guinea,2022-05-23,7,0,0,0,0,0,0,0,0,0,0,0,0,0,0,0,7,0,0
Guinea,2022-06-06,2,0,0,0,0,0,0,0,0,0,0,0,0,0,0,0,2,0,0
Guinea,2022-06-20,10,0,0,0,0,0,0,0,0,0,0,0,0,0,0,0,10,0,0
Guinea,2022-07-18,1,0,0,0,0,0,0,0,0,0,0,0,0,0,0,0,1,0,0
Guinea,2022-08-01,2,0,0,0,0,0,0,0,0,0,0,0,0,0,0,0,2,0,0
Guinea,2022-08-15,21,0,0,0,0,0,0,0,0,0,0,0,0,0,0,0,21,0,0
Guinea,2022-08-29,7,0,0,0,0,0,0,0,0,0,0,0,0,0,0,0,7,0,0
Guinea,2022-09-12,4,0,0,0,0,0,0,0,0,0,0,0,0,0,0,0,4,0,0
Guinea,2022-09-26,7,0,0,0,0,0,0,0,0,0,0,0,0,0,0,0,7,0,0
Guinea,2022-10-10,8,0,0,0,0,0,0,0,0,0,0,0,0,0,0,0,8,0,0
Guinea,2022-10-24,1,0,0,0,0,0,0,0,0,0,0,0,0,0,0,0,1,0,0
Guinea,2023-01-16,2,0,0,0,0,0,0,0,0,0,0,0,0,0,0,0,2,0,0
Guinea,2023-01-30,1,0,0,0,0,0,0,0,0,0,0,0,0,0,0,0,1,0,0
Guinea,2023-02-13,5,0,0,0,0,0,0,0,0,0,0,0,0,0,0,0,5,0,0
Guinea,2023-02-27,5,0,0,0,0,0,0,0,0,0,0,0,0,0,0,0,5,0,0
Guinea,2023-03-13,10,0,0,0,0,0,0,0,0,0,0,0,0,0,0,0,10,0,0
Guinea,2023-03-27,20,0,0,0,0,0,0,0,0,0,0,0,0,0,0,0,20,0,0
Guinea,2023-04-10,3,0,0,0,0,0,0,0,0,0,0,0,0,0,0,0,3,0,0
Guinea,2023-04-24,5,0,0,0,0,0,0,0,0,0,0,0,0,0,0,0,5,0,0
Guinea,2023-05-08,1,0,0,0,0,0,0,0,0,0,0,0,0,0,0,0,1,0,0
Guinea,2023-06-19,3,0,0,0,0,0,0,0,0,0,0,0,0,0,0,0,3,0,0
Guinea,2023-07-03,1,0,0,0,0,0,0,0,0,0,0,0,0,0,0,0,1,0,0
Guinea,2023-07-17,1,0,0,0,0,0,0,0,0,0,0,0,0,0,0,0,1,0,0
Guinea,2023-10-23,2,0,0,0,0,0,0,0,0,0,0,0,0,0,0,0,2,0,0
Guinea,2023-12-18,3,0,0,0,0,0,0,0,0,0,0,0,0,0,0,0,3,0,0
Guinea,2024-01-01,1,0,0,0,0,0,0,0,0,0,0,0,0,0,0,0,1,0,0
Haiti,2020-04-27,1,1,0,0,0,0,0,0,0,0,0,0,0,0,0,0,0,0,0
Haiti,2020-05-11,89,87,0,0,0,0,0,0,0,0,0,0,0,0,0,0,0,0,2
Haiti,2020-05-25,11,11,0,0,0,0,0,0,0,0,0,0,0,0,0,0,0,0,0
Haiti,2020-06-08,11,11,0,0,0,0,0,0,0,0,0,0,0,0,0,0,0,0,0
Haiti,2020-06-22,1,1,0,0,0,0,0,0,0,0,0,0,0,0,0,0,0,0,0
Haiti,2020-10-26,2,2,0,0,0,0,0,0,0,0,0,0,0,0,0,0,0,0,0
Haiti,2020-11-09,3,3,0,0,0,0,0,0,0,0,0,0,0,0,0,0,0,0,0
Haiti,2020-11-23,2,2,0,0,0,0,0,0,0,0,0,0,0,0,0,0,0,0,0
Haiti,2020-12-07,2,2,0,0,0,0,0,0,0,0,0,0,0,0,0,0,0,0,0
Haiti,2020-12-21,7,7,0,0,0,0,0,0,0,0,0,0,0,0,0,0,0,0,0
Haiti,2021-02-01,1,1,0,0,0,0,0,0,0,0,0,0,0,0,0,0,0,0,0
Haiti,2021-04-26,1,0,0,0,0,0,0,0,0,0,0,0,0,0,0,1,0,0,0
Haiti,2021-05-10,76,0,0,0,0,0,0,2,73,0,0,0,0,0,0,0,0,0,1
Haiti,2021-05-24,120,0,0,0,0,0,0,2,118,0,0,0,0,0,0,0,0,0,0
Haiti,2021-06-07,69,0,0,0,0,0,0,2,66,0,0,0,0,0,0,1,0,0,0
Haiti,2021-06-21,17,0,0,0,0,0,0,0,15,0,0,0,0,0,0,2,0,0,0
Haiti,2021-07-05,11,0,0,0,0,0,0,0,8,0,0,0,0,0,0,3,0,0,0
Haiti,2021-07-19,10,0,0,0,0,0,0,0,5,0,0,0,0,0,0,4,0,0,1
Haiti,2021-08-02,12,0,0,0,0,0,0,1,9,0,0,0,0,0,0,2,0,0,0
Haiti,2021-08-16,4,0,0,0,0,0,0,0,0,2,0,0,0,0,0,2,0,0,0
Haiti,2021-08-30,8,1,0,0,0,0,0,0,0,5,0,0,0,0,0,1,0,0,1
Haiti,2021-09-13,17,0,0,0,0,0,0,0,2,15,0,0,0,0,0,0,0,0,0
Haiti,2021-09-27,33,0,0,0,0,0,0,0,0,32,0,0,0,0,0,0,0,0,1
Haiti,2021-10-11,29,0,0,0,0,0,0,0,2,27,0,0,0,0,0,0,0,0,0
Haiti,2021-10-25,5,0,0,0,0,0,0,0,0,5,0,0,0,0,0,0,0,0,0
Haiti,2021-11-08,5,0,0,0,0,0,0,0,0,5,0,0,0,0,0,0,0,0,0
Haiti,2021-11-22,3,0,0,0,0,0,0,0,0,3,0,0,0,0,0,0,0,0,0
Haiti,2021-12-06,3,0,0,0,0,0,0,0,0,3,0,0,0,0,0,0,0,0,0
Haiti,2021-12-20,15,0,0,0,0,0,0,0,0,1,0,0,0,0,0,0,14,0,0
Haiti,2022-01-03,184,0,0,0,0,0,0,0,0,1,0,0,0,0,0,0,183,0,0
Haiti,2022-01-17,27,0,0,0,0,0,0,0,0,0,0,0,0,0,0,0,27,0,0
Haiti,2022-01-31,10,0,0,0,0,0,0,0,0,1,0,0,0,0,0,0,9,0,0
Haiti,2022-02-14,7,0,0,0,0,0,0,0,0,0,0,0,0,0,0,0,7,0,0
Haiti,2022-02-28,3,0,0,0,0,0,0,0,0,0,0,0,0,0,0,0,3,0,0
Haiti,2022-03-14,2,0,0,0,0,0,0,0,0,0,0,0,0,0,0,0,2,0,0
Haiti,2022-03-28,2,0,0,0,0,0,0,0,0,0,0,0,0,0,0,0,2,0,0
Haiti,2022-04-11,2,0,0,0,0,0,0,0,0,0,0,0,0,0,0,0,2,0,0
Haiti,2022-04-25,2,0,0,0,0,0,0,0,0,0,0,0,0,0,0,0,2,0,0
Haiti,2022-05-09,13,0,0,0,0,0,0,0,0,0,0,0,0,0,0,0,13,0,0
Haiti,2022-05-23,36,0,0,0,0,0,0,0,0,0,0,0,0,0,0,0,36,0,0
Haiti,2022-06-06,74,0,0,0,0,0,0,0,0,0,0,0,0,0,0,0,74,0,0
Haiti,2022-06-20,35,0,0,0,0,0,0,0,0,0,0,0,0,0,0,0,35,0,0
Haiti,2022-07-04,21,0,0,0,0,0,0,0,0,0,0,0,0,0,0,0,21,0,0
Haiti,2022-07-18,29,0,0,0,0,0,0,0,0,0,0,0,0,0,0,0,29,0,0
Haiti,2022-08-01,39,0,0,0,0,0,0,0,0,0,0,0,0,0,0,0,39,0,0
Haiti,2022-08-15,10,0,0,0,0,0,0,0,0,0,0,0,0,0,0,0,10,0,0
Haiti,2022-08-29,3,0,0,0,0,0,0,0,0,0,0,0,0,0,0,0,3,0,0
Haiti,2022-09-26,2,0,0,0,0,0,0,0,0,0,0,0,0,0,0,0,2,0,0
Haiti,2022-12-05,8,0,0,0,0,0,0,0,0,0,0,0,0,0,0,0,8,0,0
Haiti,2022-12-19,6,0,0,0,0,0,0,0,0,0,0,0,0,0,0,0,6,0,0
Haiti,2023-04-10,1,0,0,0,0,0,0,0,0,0,0,0,0,0,0,0,1,0,0
Haiti,2023-04-24,2,0,0,0,0,0,0,0,0,0,0,0,0,0,0,0,2,0,0
Haiti,2023-05-22,3,0,0,0,0,0,0,0,0,0,0,0,0,0,0,0,3,0,0
Haiti,2023-09-11,5,0,0,0,0,0,0,0,0,0,0,0,0,0,0,0,5,0,0
Haiti,2023-09-25,15,0,0,0,0,0,0,0,0,0,0,0,0,0,0,0,15,0,0
Haiti,2023-10-09,7,0,0,0,0,0,0,0,0,0,0,0,0,0,0,0,7,0,0
Haiti,2023-10-23,4,0,0,0,0,0,0,0,0,0,0,0,0,0,0,0,4,0,0
Honduras,2021-01-04,3,0,0,0,0,0,0,0,0,0,0,1,0,0,0,0,0,0,2
Honduras,2021-01-18,8,2,0,0,0,0,0,0,0,0,0,0,0,0,0,0,0,0,6
Honduras,2021-02-01,2,0,0,0,0,0,0,0,0,0,0,0,0,0,0,0,0,0,2
Honduras,2021-02-15,15,0,0,0,0,0,0,0,0,0,0,0,0,0,0,0,0,2,13
Honduras,2021-03-29,1,0,0,1,0,0,0,0,0,0,0,0,0,0,0,0,0,0,0
Honduras,2021-04-12,29,19,0,0,0,0,0,1,0,0,0,1,0,0,0,0,0,1,7
Honduras,2021-04-26,7,6,0,0,0,0,0,0,0,0,0,0,0,0,0,0,0,0,1
Honduras,2021-05-10,6,4,0,0,0,0,0,0,2,0,0,0,0,0,0,0,0,0,0
Honduras,2021-05-24,6,0,0,0,0,0,0,0,0,0,0,1,0,0,0,0,0,0,5
Honduras,2021-06-07,32,26,0,0,0,0,0,0,0,0,0,0,0,0,0,0,0,0,6
Honduras,2021-07-05,2,1,0,0,0,0,0,0,0,0,0,0,0,0,0,0,0,0,1
Honduras,2021-07-19,2,0,0,0,0,0,0,0,0,2,0,0,0,0,0,0,0,0,0
Honduras,2021-08-16,1,0,0,0,0,0,0,0,1,0,0,0,0,0,0,0,0,0,0
Honduras,2021-08-30,10,0,0,0,0,0,0,0,1,9,0,0,0,0,0,0,0,0,0
Honduras,2021-09-13,14,0,0,0,0,0,0,0,0,14,0,0,0,0,0,0,0,0,0
Honduras,2021-09-27,9,0,0,0,0,0,0,0,0,9,0,0,0,0,0,0,0,0,0
Honduras,2021-10-11,7,0,0,0,0,0,0,0,0,7,0,0,0,0,0,0,0,0,0
Honduras,2021-10-25,9,0,0,0,0,0,0,0,0,9,0,0,0,0,0,0,0,0,0
Honduras,2021-11-08,11,0,0,0,0,0,0,0,0,11,0,0,0,0,0,0,0,0,0
Honduras,2021-11-22,2,0,0,0,0,0,0,0,0,2,0,0,0,0,0,0,0,0,0
Honduras,2021-12-06,1,0,0,0,0,0,0,0,0,1,0,0,0,0,0,0,0,0,0
Honduras,2021-12-20,27,0,0,0,0,0,0,0,0,0,0,0,0,0,0,0,27,0,0
Honduras,2022-01-03,18,0,0,0,0,0,0,0,0,0,0,0,0,0,0,0,18,0,0
Honduras,2022-04-11,1,0,0,0,0,0,0,0,0,0,0,0,0,0,0,0,1,0,0
Honduras,2022-06-20,1,0,0,0,0,0,0,0,0,0,0,0,0,0,0,0,1,0,0
Honduras,2022-10-10,1,0,0,0,0,0,0,0,0,0,0,0,0,0,0,0,1,0,0
Honduras,2022-11-07,1,0,0,0,0,0,0,0,0,0,0,0,0,0,0,0,1,0,0
Honduras,2022-11-21,8,0,0,0,0,0,0,0,0,0,0,0,0,0,0,0,8,0,0
Honduras,2022-12-05,8,0,0,0,0,0,0,0,0,0,0,0,0,0,0,0,8,0,0
Honduras,2022-12-19,4,0,0,0,0,0,0,0,0,0,0,0,0,0,0,0,4,0,0
Honduras,2023-01-02,14,0,0,0,0,0,0,0,0,0,0,0,0,0,0,0,14,0,0
Honduras,2023-01-16,14,0,0,0,0,0,0,0,0,0,0,0,0,0,0,0,14,0,0
Honduras,2023-01-30,1,0,0,0,0,0,0,0,0,0,0,0,0,0,0,0,1,0,0
Honduras,2023-02-27,1,0,0,0,0,0,0,0,0,0,0,0,0,0,0,0,1,0,0
Honduras,2023-04-24,1,0,0,0,0,0,0,0,0,0,0,0,0,0,0,0,1,0,0
Honduras,2023-05-22,3,0,0,0,0,0,0,0,0,0,0,0,0,0,0,0,3,0,0
Honduras,2023-06-19,30,0,0,0,0,0,0,0,0,0,0,0,0,0,0,0,30,0,0
Honduras,2023-07-03,13,0,0,0,0,0,0,0,0,0,0,0,0,0,0,0,13,0,0
Honduras,2023-07-31,21,0,0,0,0,0,0,0,0,0,0,0,0,0,0,0,21,0,0
Honduras,2023-08-14,3,0,0,0,0,0,0,0,0,0,0,0,0,0,0,0,3,0,0
Honduras,2023-08-28,8,0,0,0,0,0,0,0,0,0,0,0,0,0,0,0,8,0,0
Honduras,2023-09-11,3,0,0,0,0,0,0,0,0,0,0,0,0,0,0,0,3,0,0
Honduras,2023-09-25,4,0,0,0,0,0,0,0,0,0,0,0,0,0,0,0,4,0,0
Honduras,2023-10-09,2,0,0,0,0,0,0,0,0,0,0,0,0,0,0,0,2,0,0
Honduras,2023-11-20,2,0,0,0,0,0,0,0,0,0,0,0,0,0,0,0,2,0,0
Honduras,2023-12-18,7,0,0,0,0,0,0,0,0,0,0,0,0,0,0,0,7,0,0
Honduras,2024-01-01,13,1,0,0,0,0,0,0,0,0,0,0,0,0,0,0,12,0,0
Honduras,2024-01-15,7,0,0,0,0,0,0,0,0,0,0,0,0,0,0,0,7,0,0
Honduras,2024-01-29,15,1,0,0,0,0,0,0,0,0,0,0,0,0,0,0,14,0,0
Honduras,2024-02-12,7,0,0,0,0,0,0,0,0,0,0,0,0,0,0,0,7,0,0
Honduras,2024-02-26,2,0,0,0,0,0,0,0,0,0,0,0,0,0,0,0,2,0,0
Honduras,2024-03-11,1,0,0,0,0,0,0,0,0,0,0,0,0,0,0,0,1,0,0
Honduras,2024-03-25,2,0,0,0,0,0,0,0,0,0,0,0,0,0,0,0,2,0,0
Honduras,2024-04-08,1,0,0,0,0,0,0,0,0,0,0,0,0,0,0,0,1,0,0
Honduras,2024-04-22,1,0,0,0,0,0,0,0,0,0,0,0,0,0,0,0,1,0,0
Honduras,2024-05-06,1,1,0,0,0,0,0,0,0,0,0,0,0,0,0,0,0,0,0
Honduras,2024-07-01,15,0,0,0,0,0,0,0,0,0,0,0,0,0,0,0,15,0,0
Honduras,2024-07-15,14,0,0,0,0,0,0,0,0,0,0,0,0,0,0,0,14,0,0
Honduras,2024-07-29,1,0,0,0,0,0,0,0,0,0,0,0,0,0,0,0,1,0,0
Hungary,2020-04-27,7,0,0,0,0,0,0,0,0,0,0,1,0,0,0,0,0,0,6
Hungary,2020-05-11,6,0,0,0,0,0,0,0,0,0,0,1,0,0,0,0,0,0,5
Hungary,2020-05-25,10,0,0,0,0,0,0,0,0,0,0,2,0,0,0,0,0,0,8
Hungary,2020-06-08,4,0,0,0,0,0,0,0,0,0,0,1,0,0,0,0,0,0,3
Hungary,2020-06-22,3,0,0,0,0,0,0,0,0,0,0,1,0,0,0,0,0,0,2
Hungary,2020-07-06,1,0,0,0,0,0,0,0,0,0,0,0,0,0,0,0,0,0,1
Hungary,2020-08-17,7,0,2,0,0,1,0,0,0,0,0,0,0,0,0,0,0,0,4
Hungary,2020-08-31,70,0,30,8,1,8,0,0,0,0,0,0,0,0,0,0,0,0,23
Hungary,2020-09-28,105,0,97,6,0,1,0,0,0,0,0,0,0,0,0,0,0,0,1
Hungary,2020-10-12,6,0,6,0,0,0,0,0,0,0,0,0,0,0,0,0,0,0,0
Hungary,2020-10-26,37,0,35,0,0,0,0,0,0,0,0,0,0,0,0,0,0,0,2
Hungary,2020-12-07,1,0,1,0,0,0,0,0,0,0,0,0,0,0,0,0,0,0,0
Hungary,2021-01-04,16,0,9,0,0,1,0,6,0,0,0,0,0,0,0,0,0,0,0
Hungary,2021-01-18,21,0,13,0,0,0,0,8,0,0,0,0,0,0,0,0,0,0,0
Hungary,2021-02-01,26,0,15,0,0,0,0,11,0,0,0,0,0,0,0,0,0,0,0
Hungary,2021-02-15,7,0,1,0,0,0,0,6,0,0,0,0,0,0,0,0,0,0,0
Hungary,2021-05-24,1,0,0,0,0,0,0,0,0,1,0,0,0,0,0,0,0,0,0
Hungary,2021-11-08,20,0,0,0,0,0,0,0,0,20,0,0,0,0,0,0,0,0,0
Hungary,2021-11-22,27,0,0,0,0,0,0,0,0,27,0,0,0,0,0,0,0,0,0
Hungary,2021-12-06,23,0,0,0,0,0,0,0,0,22,0,0,0,0,0,0,1,0,0
Hungary,2021-12-20,19,0,0,0,0,0,0,0,0,11,0,0,0,0,0,0,8,0,0
Hungary,2022-01-03,23,0,0,0,0,0,0,0,0,4,0,0,0,0,0,0,19,0,0
Hungary,2022-01-17,8,0,0,0,0,0,0,0,0,0,0,0,0,0,0,0,8,0,0
Hungary,2022-01-31,36,0,0,0,0,0,0,0,0,0,0,0,0,0,0,0,36,0,0
Hungary,2022-02-14,4,0,0,0,0,0,0,0,0,0,0,0,0,0,0,0,4,0,0
Hungary,2022-02-28,4,0,0,0,0,0,0,0,0,0,0,0,0,0,0,0,4,0,0
Hungary,2022-03-14,2,0,0,0,0,0,0,0,0,0,0,0,0,0,0,0,2,0,0
Hungary,2022-03-28,1,0,0,0,0,0,0,0,0,0,0,0,0,0,0,0,1,0,0
Hungary,2022-05-09,10,0,0,0,0,0,0,0,0,0,0,0,0,0,0,0,10,0,0
Hungary,2022-05-23,9,2,0,0,0,0,0,0,0,0,0,0,0,0,0,0,7,0,0
Hungary,2022-06-06,16,1,0,0,0,0,0,0,0,0,0,0,0,0,0,0,15,0,0
Hungary,2022-06-20,15,0,0,0,0,0,0,0,0,0,0,0,0,0,0,0,15,0,0
Hungary,2022-07-04,20,0,0,0,0,0,0,0,0,0,0,0,0,0,0,0,20,0,0
Hungary,2022-07-18,8,0,0,0,0,0,0,0,0,0,0,0,0,0,0,0,8,0,0
Hungary,2022-08-01,17,0,0,0,0,0,0,0,0,0,0,0,0,0,0,0,17,0,0
Hungary,2022-08-15,3,0,0,0,0,0,0,0,0,0,0,0,0,0,0,0,3,0,0
Hungary,2022-08-29,4,0,0,0,0,0,0,0,0,0,0,0,0,0,0,0,4,0,0
Hungary,2022-09-12,10,0,0,0,0,0,0,0,0,0,0,0,0,0,0,0,10,0,0
Hungary,2022-09-26,14,0,0,0,0,0,0,0,0,0,0,0,0,0,0,0,14,0,0
Hungary,2022-10-10,45,0,0,0,0,0,0,0,0,0,0,0,0,0,0,0,45,0,0
Hungary,2022-10-24,30,0,0,0,0,0,0,0,0,0,0,0,0,0,0,0,30,0,0
Hungary,2022-11-07,24,0,0,0,0,0,0,0,0,0,0,0,0,0,0,0,24,0,0
Hungary,2022-11-21,20,0,0,0,0,0,0,0,0,0,0,0,0,0,0,0,20,0,0
Hungary,2022-12-05,23,0,0,0,0,0,0,0,0,0,0,0,0,0,0,0,23,0,0
Hungary,2022-12-19,10,0,0,0,0,0,0,0,0,0,0,0,0,0,0,0,10,0,0
Hungary,2023-01-02,7,1,0,0,0,0,0,0,0,0,0,0,0,0,0,0,6,0,0
Hungary,2023-01-16,5,0,0,0,0,0,0,0,0,0,0,0,0,0,0,0,5,0,0
Hungary,2023-01-30,15,0,0,0,0,0,0,0,0,0,0,0,0,0,0,0,15,0,0
Hungary,2023-02-13,4,0,0,0,0,0,0,0,0,0,0,0,0,0,0,0,4,0,0
Hungary,2023-02-27,6,0,0,0,0,0,0,0,0,0,0,0,0,0,0,0,6,0,0
Hungary,2023-03-13,6,1,0,0,0,0,0,0,0,0,0,0,0,0,0,0,5,0,0
Hungary,2023-03-27,8,0,0,0,0,0,0,0,0,0,0,0,0,0,0,0,8,0,0
Hungary,2023-04-10,1,0,0,0,0,0,0,0,0,0,0,0,0,0,0,0,1,0,0
Hungary,2023-04-24,1,0,0,0,0,0,0,0,0,0,0,0,0,0,0,0,1,0,0
Hungary,2023-09-11,2,0,0,0,0,0,0,0,0,0,0,0,0,0,0,0,2,0,0
Hungary,2023-09-25,14,0,0,0,0,0,0,0,0,0,0,0,0,0,0,0,14,0,0
Hungary,2023-10-09,22,0,0,0,0,0,0,0,0,0,0,0,0,0,0,0,22,0,0
Hungary,2023-10-23,16,0,0,0,0,0,0,0,0,0,0,0,0,0,0,0,16,0,0
Hungary,2023-11-06,22,0,0,0,0,0,0,0,0,0,0,0,0,0,0,0,22,0,0
Hungary,2023-11-20,31,1,0,0,0,0,0,0,0,0,0,0,0,0,0,0,30,0,0
Hungary,2023-12-04,29,0,0,0,0,0,0,0,0,0,0,0,0,0,0,0,29,0,0
Hungary,2023-12-18,13,0,0,0,0,0,0,0,0,0,0,0,0,0,0,0,13,0,0
Hungary,2024-01-01,2,0,0,0,0,0,0,0,0,0,0,0,0,0,0,0,2,0,0
Hungary,2024-01-15,1,0,0,0,0,0,0,0,0,0,0,0,0,0,0,0,1,0,0
Hungary,2024-01-29,1,0,0,0,0,0,0,0,0,0,0,0,0,0,0,0,1,0,0
Hungary,2024-04-22,1,0,0,0,0,0,0,0,0,0,0,0,0,0,0,0,1,0,0
Iceland,2020-07-20,50,0,0,1,0,0,0,0,0,0,0,5,0,1,0,0,0,1,42
Iceland,2020-08-03,79,0,2,6,0,1,0,0,0,0,0,2,0,0,0,0,0,1,67
Iceland,2020-08-17,74,0,4,1,1,6,0,0,0,0,0,0,0,0,0,0,0,0,62
Iceland,2020-08-31,41,0,7,3,0,6,0,0,0,0,0,0,0,0,0,0,0,0,25
Iceland,2020-09-14,453,0,11,0,0,377,0,0,0,0,0,0,0,0,0,0,0,0,65
Iceland,2020-09-28,837,0,12,1,0,791,0,0,0,0,0,0,0,0,0,0,0,0,33
Iceland,2020-10-12,774,0,47,10,0,669,0,0,0,0,0,0,0,0,0,0,0,0,48
Iceland,2020-10-26,519,0,54,2,0,419,0,0,0,0,0,0,0,0,0,0,0,0,44
Iceland,2020-11-09,157,0,16,1,0,64,0,0,0,0,0,0,0,0,0,0,0,0,76
Iceland,2020-11-23,177,0,11,4,0,138,0,1,0,0,0,0,0,0,0,0,0,0,23
Iceland,2020-12-07,146,0,12,0,0,105,0,3,0,0,0,0,0,0,0,0,0,0,26
Iceland,2020-12-21,138,0,22,0,0,75,0,12,0,0,0,0,0,0,0,0,0,0,29
Iceland,2021-01-04,157,0,23,0,0,59,0,19,0,0,0,0,0,0,0,0,0,1,55
Iceland,2021-01-18,31,0,0,0,0,12,0,13,0,0,0,0,0,0,0,0,0,0,6
Iceland,2021-02-01,21,0,1,0,0,1,0,11,0,0,0,0,0,0,0,0,0,0,8
Iceland,2021-02-15,13,0,1,0,0,1,1,10,0,0,0,0,0,0,0,0,0,0,0
Iceland,2021-03-01,24,0,0,0,0,0,0,23,0,0,0,0,0,0,0,0,0,0,1
Iceland,2021-03-15,86,0,0,0,0,0,0,76,9,0,0,0,1,0,0,0,0,0,0
Iceland,2021-03-29,80,0,1,0,0,0,0,78,1,0,0,0,0,0,0,0,0,0,0
Iceland,2021-04-12,142,0,0,1,0,0,0,141,0,0,0,0,0,0,0,0,0,0,0
Iceland,2021-04-26,94,0,0,0,0,0,0,91,1,1,0,0,0,0,0,0,0,0,1
Iceland,2021-05-10,37,0,0,0,0,0,0,34,0,2,0,0,0,0,0,0,0,0,1
Iceland,2021-05-24,43,0,0,0,0,0,0,39,1,3,0,0,0,0,0,0,0,0,0
Iceland,2021-06-07,25,0,0,0,0,0,0,14,2,8,0,0,0,0,0,0,0,0,1
Iceland,2021-06-21,32,0,0,0,0,0,0,7,1,22,0,0,0,0,0,1,0,0,1
Iceland,2021-07-05,117,0,0,0,0,0,0,6,1,110,0,0,0,0,0,0,0,0,0
Iceland,2021-07-19,1160,0,0,0,0,0,1,5,0,1154,0,0,0,0,0,0,0,0,0
Iceland,2021-08-02,1455,0,0,0,0,0,0,0,0,1455,0,0,0,0,0,0,0,0,0
Iceland,2021-08-16,951,0,0,0,0,0,0,0,0,951,0,0,0,0,0,0,0,0,0
Iceland,2021-08-30,2,0,0,0,0,0,0,0,0,2,0,0,0,0,0,0,0,0,0
Iceland,2021-10-11,2,0,0,0,0,0,0,0,0,2,0,0,0,0,0,0,0,0,0
Iceland,2021-10-25,1,0,0,0,0,0,0,0,0,1,0,0,0,0,0,0,0,0,0
Iceland,2021-11-08,1,0,0,0,0,0,0,0,0,1,0,0,0,0,0,0,0,0,0
Iceland,2021-11-22,357,0,0,0,0,0,0,0,0,354,0,0,0,0,0,0,3,0,0
Iceland,2021-12-06,750,0,0,0,0,0,0,0,0,707,0,0,0,0,0,0,43,0,0
Iceland,2021-12-20,3697,0,0,0,0,0,0,0,0,495,0,0,0,0,0,0,3202,0,0
Iceland,2022-01-03,716,0,0,0,0,0,0,0,0,74,0,0,0,0,0,0,642,0,0
Iceland,2022-01-17,1065,0,0,0,0,0,0,0,0,27,0,0,0,0,0,0,1038,0,0
Iceland,2022-01-31,1338,0,0,0,0,0,0,0,0,4,0,0,0,0,0,0,1334,0,0
Iceland,2022-02-14,1,0,0,0,0,0,0,0,0,1,0,0,0,0,0,0,0,0,0
Iceland,2022-02-28,1,0,0,0,0,0,0,0,0,0,0,0,0,0,0,0,1,0,0
Iceland,2022-03-14,1,0,0,0,0,0,0,0,0,0,0,0,0,0,0,0,1,0,0
Iceland,2022-04-25,5,0,0,0,0,0,0,0,0,0,0,0,0,0,0,0,5,0,0
Iceland,2022-06-06,216,0,0,0,0,0,0,0,0,0,0,0,0,0,0,0,216,0,0
Iceland,2022-06-20,136,0,0,0,0,0,0,0,0,0,0,0,0,0,0,0,136,0,0
Iceland,2022-07-04,162,0,0,0,0,0,0,0,0,0,0,0,0,0,0,0,162,0,0
Iceland,2022-07-18,304,0,0,0,0,0,0,0,0,0,0,0,0,0,0,0,304,0,0
Iceland,2022-08-01,323,0,0,0,0,0,0,0,0,0,0,0,0,0,0,0,323,0,0
Iceland,2022-08-15,49,0,0,0,0,0,0,0,0,0,0,0,0,0,0,0,49,0,0
Iceland,2022-08-29,210,0,0,0,0,0,0,0,0,0,0,0,0,0,0,0,210,0,0
Iceland,2022-09-12,109,0,0,0,0,0,0,0,0,0,0,0,0,0,0,0,109,0,0
Iceland,2022-09-26,138,0,0,0,0,0,0,0,0,0,0,0,0,0,0,0,138,0,0
Iceland,2022-10-10,156,0,0,0,0,0,0,0,0,0,0,0,0,0,0,0,156,0,0
Iceland,2022-10-24,162,1,0,0,0,0,0,0,0,0,0,0,0,0,0,0,161,0,0
Iceland,2022-11-07,230,0,0,0,0,0,0,0,0,0,0,0,0,0,0,0,230,0,0
Iceland,2022-11-21,295,0,0,0,0,0,0,0,0,0,0,0,0,0,0,0,295,0,0
Iceland,2022-12-05,203,0,0,0,0,0,0,0,0,0,0,0,0,0,0,0,203,0,0
Iceland,2022-12-19,193,3,0,0,0,0,0,0,0,0,0,0,0,0,0,0,190,0,0
Iceland,2023-01-02,165,2,0,0,0,0,0,0,0,0,0,0,0,0,0,0,163,0,0
Iceland,2023-01-16,150,4,0,0,0,0,0,0,0,0,0,0,0,0,0,0,146,0,0
Iceland,2023-01-30,171,1,0,0,0,0,0,0,0,0,0,0,0,0,0,0,170,0,0
Iceland,2023-02-13,154,4,0,0,0,0,0,0,0,0,0,0,0,0,0,0,150,0,0
Iceland,2023-02-27,89,0,0,0,0,0,0,0,0,0,0,0,0,0,0,0,89,0,0
Iceland,2023-03-13,56,0,0,0,0,0,0,0,0,0,0,0,0,0,0,0,56,0,0
Iceland,2023-03-27,57,0,0,0,0,0,0,0,0,0,0,0,0,0,0,0,57,0,0
Iceland,2023-04-10,20,0,0,0,0,0,0,0,0,0,0,0,0,0,0,0,20,0,0
Iceland,2023-04-24,14,1,0,0,0,0,0,0,0,0,0,0,0,0,0,0,13,0,0
Iceland,2023-05-08,32,0,0,0,0,0,0,0,0,0,0,0,0,0,0,0,32,0,0
Iceland,2023-05-22,32,0,0,0,0,0,0,0,0,0,0,0,0,0,0,0,32,0,0
Iceland,2023-06-05,32,2,0,0,0,0,0,0,0,0,0,0,0,0,0,0,30,0,0
Iceland,2023-06-19,14,0,0,0,0,0,0,0,0,0,0,0,0,0,0,0,14,0,0
Iceland,2023-07-03,18,0,0,0,0,0,0,0,0,0,0,0,0,0,0,0,18,0,0
Iceland,2023-07-17,55,0,0,0,0,0,0,0,0,0,0,0,0,0,0,0,55,0,0
Iceland,2023-07-31,50,0,0,0,0,0,0,0,0,0,0,0,0,0,0,0,50,0,0
Iceland,2023-08-14,60,0,0,0,0,0,0,0,0,0,0,0,0,0,0,0,60,0,0
Iceland,2023-08-28,71,3,0,0,0,0,0,0,0,0,0,0,0,0,0,0,68,0,0
Iceland,2023-09-11,73,0,0,0,0,0,0,0,0,0,0,0,0,0,0,0,73,0,0
Iceland,2023-09-25,84,0,0,0,0,0,0,0,0,0,0,0,0,0,0,0,84,0,0
Iceland,2023-10-09,82,2,0,0,0,0,0,0,0,0,0,0,0,0,0,0,80,0,0
Iceland,2023-10-23,74,0,0,0,0,0,0,0,0,0,0,0,0,0,0,0,74,0,0
Iceland,2023-11-06,106,0,0,0,0,0,0,0,0,0,0,0,0,0,0,0,106,0,0
Iceland,2023-11-20,77,0,0,0,0,0,0,0,0,0,0,0,0,0,0,0,77,0,0
Iceland,2023-12-04,109,2,0,0,0,0,0,0,0,0,0,0,0,0,0,0,107,0,0
Iceland,2023-12-18,128,2,0,0,0,0,0,0,0,0,0,0,0,0,0,0,126,0,0
Iceland,2024-01-01,51,1,0,0,0,0,0,0,0,0,0,0,0,0,0,0,50,0,0
Iceland,2024-01-15,15,0,0,0,0,0,0,0,0,0,0,0,0,0,0,0,15,0,0
Iceland,2024-01-29,7,0,0,0,0,0,0,0,0,0,0,0,0,0,0,0,7,0,0
Iceland,2024-02-12,5,0,0,0,0,0,0,0,0,0,0,0,0,0,0,0,5,0,0
Iceland,2024-02-26,6,1,0,0,0,0,0,0,0,0,0,0,0,0,0,0,5,0,0
Iceland,2024-03-11,5,0,0,0,0,0,0,0,0,0,0,0,0,0,0,0,5,0,0
Iceland,2024-03-25,4,0,0,0,0,0,0,0,0,0,0,0,0,0,0,0,4,0,0
Iceland,2024-04-08,11,1,0,0,0,0,0,0,0,0,0,0,0,0,0,0,10,0,0
Iceland,2024-04-22,8,2,0,0,0,0,0,0,0,0,0,0,0,0,0,0,6,0,0
Iceland,2024-05-06,23,2,0,0,0,0,0,0,0,0,0,0,0,0,0,0,21,0,0
Iceland,2024-07-01,99,0,0,0,0,0,0,0,0,0,0,0,0,0,0,0,99,0,0
Iceland,2024-07-15,59,0,0,0,0,0,0,0,0,0,0,0,0,0,0,0,59,0,0
India,2020-04-27,516,0,0,0,0,0,0,0,0,0,0,85,0,0,0,0,0,0,431
India,2020-05-11,543,0,0,0,0,0,0,0,0,0,0,90,0,0,0,0,0,0,453
India,2020-05-25,572,0,0,0,0,0,0,0,0,0,0,94,0,0,0,0,0,0,478
India,2020-06-08,739,0,0,0,0,0,0,0,0,0,0,122,0,0,0,0,0,0,617
India,2020-06-22,267,0,0,0,0,0,0,0,0,0,0,44,0,0,0,0,0,0,223
India,2020-07-06,317,0,0,0,0,0,0,0,0,0,0,52,0,0,0,0,0,0,265
India,2020-07-20,408,0,0,0,0,0,0,0,0,0,0,67,0,0,0,0,0,0,341
India,2020-08-03,417,0,0,0,0,0,0,0,0,0,0,69,0,0,0,0,0,0,348
India,2020-08-17,555,0,0,0,0,0,0,0,0,0,0,91,0,0,0,0,0,0,464
India,2020-08-31,497,0,0,0,0,0,0,0,0,0,0,82,0,0,0,0,0,0,415
India,2020-09-14,465,0,0,0,0,0,0,0,0,0,0,77,0,0,0,0,0,0,388
India,2020-09-28,435,0,0,0,0,0,0,0,0,0,0,72,0,0,0,0,0,0,363
India,2020-10-12,313,0,0,0,0,0,0,0,0,0,0,52,0,0,0,0,0,0,261
India,2020-10-26,313,0,0,9,0,0,0,1,0,1,0,12,0,0,11,84,0,0,195
India,2020-11-09,203,0,0,0,0,0,0,0,0,1,0,1,0,0,0,12,0,0,189
India,2020-11-23,983,0,0,28,0,0,0,4,0,3,3,38,0,0,28,257,0,0,622
India,2020-12-07,1359,0,0,259,0,0,0,8,0,1,4,5,0,0,8,231,0,0,843
India,2020-12-21,1145,0,5,185,0,7,0,65,0,3,3,13,0,0,1,3,0,1,859
India,2021-01-04,991,0,1,6,0,1,0,18,0,103,6,8,0,0,51,431,0,0,366
India,2021-01-18,880,0,0,55,0,0,1,38,0,11,11,25,2,0,4,46,0,0,687
India,2021-02-01,1231,0,0,15,0,3,6,107,0,148,26,20,6,0,32,268,0,0,600
India,2021-02-15,1263,0,0,58,0,0,12,194,0,12,216,19,15,0,1,3,0,0,733
India,2021-03-01,2147,0,0,51,0,0,36,509,0,191,567,25,40,0,8,72,0,0,648
India,2021-03-15,2906,0,0,32,0,0,65,835,2,466,936,20,65,2,5,43,0,0,435
India,2021-03-29,4680,0,0,6,0,0,42,873,1,2252,1117,8,34,0,17,136,0,0,194
India,2021-04-12,5712,0,0,2,0,0,41,617,0,4267,532,2,19,0,14,122,0,0,96
India,2021-04-26,6216,0,0,0,0,0,23,271,0,5561,276,0,11,0,5,39,0,0,30
India,2021-05-10,4780,0,0,0,0,0,2,33,0,4659,57,0,2,0,1,9,0,0,17
India,2021-05-24,3635,0,0,0,0,0,4,16,0,3559,19,0,6,0,1,10,0,0,20
India,2021-06-07,3384,0,1,0,0,0,6,3,0,3315,11,0,1,0,0,11,0,0,36
India,2021-06-21,3435,0,0,0,0,0,2,7,0,3391,11,0,1,0,0,5,0,0,18
India,2021-07-05,3261,0,0,0,0,0,0,2,0,3203,5,0,0,0,0,13,0,0,38
India,2021-07-19,2909,0,0,0,0,0,0,0,0,2899,1,0,0,0,0,1,0,0,8
India,2021-08-02,3068,0,0,0,0,0,0,4,1,3037,2,2,0,0,0,7,0,0,15
India,2021-08-16,3780,0,0,0,0,0,0,3,0,3766,1,1,0,0,0,2,0,0,7
India,2021-08-30,4619,0,0,0,0,0,0,4,0,4584,4,3,0,0,0,6,0,0,18
India,2021-09-13,4024,0,0,0,0,0,0,0,0,4018,1,0,0,0,0,0,0,0,5
India,2021-09-27,4579,0,0,0,0,0,0,2,0,4569,0,0,0,0,0,1,0,0,7
India,2021-10-11,4015,0,0,0,0,0,0,0,0,4007,0,0,0,0,0,0,0,0,8
India,2021-10-25,3670,0,0,0,0,0,0,0,0,3642,1,0,1,0,0,1,1,0,24
India,2021-11-08,3002,0,0,0,0,0,0,0,0,2966,0,0,0,0,0,1,5,0,30
India,2021-11-22,3888,0,0,0,0,0,0,2,0,3782,0,1,0,0,0,2,72,0,29
India,2021-12-06,3809,0,0,0,0,0,0,0,0,3350,0,1,0,0,0,1,414,0,43
India,2021-12-20,10405,0,0,0,0,0,0,0,0,3308,0,0,0,0,0,1,7073,0,23
India,2022-01-03,10279,2,0,0,0,0,0,0,0,407,0,0,0,0,0,0,9864,0,6
India,2022-01-17,8334,5,0,0,0,0,0,0,0,27,0,0,0,0,0,0,8301,0,1
India,2022-01-31,11654,20,0,0,0,0,0,0,0,33,1,0,0,0,0,0,11598,0,2
India,2022-02-14,4434,6,0,0,0,0,0,0,0,22,1,1,0,0,0,0,4397,0,7
India,2022-02-28,1496,4,0,0,0,0,0,0,0,2,0,0,0,0,0,0,1490,0,0
India,2022-03-14,670,0,0,0,0,0,0,0,0,10,4,0,0,0,0,0,653,0,3
India,2022-03-28,494,0,0,0,0,0,0,0,0,2,5,0,0,0,0,0,487,0,0
India,2022-04-11,899,1,0,0,0,0,0,0,0,1,1,0,0,0,0,0,896,0,0
India,2022-04-25,1274,1,0,0,0,0,0,0,0,3,2,0,0,0,0,0,1268,0,0
India,2022-05-09,1084,2,0,0,0,0,0,0,0,4,0,0,0,0,0,0,1078,0,0
India,2022-05-23,1633,2,0,0,0,0,0,0,0,1,0,0,0,0,0,0,1630,0,0
India,2022-06-06,4280,0,0,0,0,0,0,0,0,1,0,0,0,0,0,0,4278,0,1
India,2022-06-20,5694,2,0,0,0,0,0,0,0,2,0,0,0,0,0,0,5688,0,2
India,2022-07-04,4608,0,0,0,0,0,0,0,0,0,0,0,0,0,0,0,4600,0,8
India,2022-07-18,3631,2,0,0,0,0,0,0,0,3,0,0,0,0,0,0,3625,0,1
India,2022-08-01,2924,1,0,0,0,0,0,0,0,0,0,0,0,0,0,0,2922,0,1
India,2022-08-15,1706,8,0,20,0,0,0,0,0,0,0,0,0,0,0,0,1678,0,0
India,2022-08-29,1795,14,0,0,0,0,0,0,0,0,0,0,0,0,0,0,1778,0,3
India,2022-09-12,1188,9,0,0,0,0,0,0,0,1,0,0,0,0,0,0,1177,0,1
India,2022-09-26,1031,10,0,0,0,0,0,0,0,0,0,0,0,0,0,0,1021,0,0
India,2022-10-10,684,4,0,0,0,0,0,0,0,0,0,0,0,0,0,0,680,0,0
India,2022-10-24,415,1,0,0,0,0,0,0,0,0,0,0,0,0,0,0,413,0,1
India,2022-11-07,280,0,0,0,0,0,0,0,0,0,0,0,0,0,0,0,280,0,0
India,2022-11-21,114,0,0,0,0,0,0,0,0,1,0,0,0,0,0,0,113,0,0
India,2022-12-05,103,0,0,0,0,0,0,0,0,0,0,0,0,0,0,0,103,0,0
India,2022-12-19,286,4,0,0,0,0,0,0,0,1,0,0,0,0,0,0,277,0,4
India,2023-01-02,251,3,0,0,0,0,0,0,0,1,0,0,0,0,0,0,243,0,4
India,2023-01-16,93,1,0,0,0,0,0,0,0,0,0,0,0,0,0,0,92,0,0
India,2023-01-30,93,2,0,3,0,0,0,0,0,0,0,0,0,0,0,0,88,0,0
India,2023-02-13,172,0,0,0,0,0,0,0,0,0,0,0,0,0,0,0,169,0,3
India,2023-02-27,649,0,0,0,0,0,0,0,0,0,0,0,0,0,0,0,649,0,0
India,2023-03-13,2133,0,0,0,0,0,0,0,0,0,0,0,0,0,0,0,2132,0,1
India,2023-03-27,2812,4,0,0,0,0,0,0,0,0,0,0,0,0,0,0,2808,0,0
India,2023-04-10,2472,1,0,0,0,0,0,0,0,0,0,0,0,0,0,0,2471,0,0
India,2023-04-24,1008,1,0,0,0,0,0,0,0,0,0,0,0,0,0,0,1007,0,0
India,2023-05-08,180,0,0,0,0,0,0,0,0,0,0,0,0,0,0,0,180,0,0
India,2023-05-22,45,0,0,0,0,0,0,0,0,0,0,0,0,0,0,0,45,0,0
India,2023-06-05,24,1,0,0,0,0,0,0,0,0,0,0,0,0,0,0,23,0,0
India,2023-06-19,17,0,0,0,0,0,0,0,0,0,0,0,0,0,0,0,17,0,0
India,2023-07-03,18,0,0,0,0,0,0,0,0,0,0,0,0,0,0,0,18,0,0
India,2023-07-17,39,1,0,0,0,0,0,0,0,0,0,0,0,0,0,0,38,0,0
India,2023-07-31,65,0,0,0,0,0,0,0,0,0,0,0,0,0,0,0,65,0,0
India,2023-08-14,39,0,0,0,0,0,0,0,0,0,0,0,0,0,0,0,39,0,0
India,2023-08-28,16,0,0,0,0,0,0,0,0,0,0,0,0,0,0,0,16,0,0
India,2023-09-11,26,0,0,0,0,0,0,0,0,0,0,0,0,0,0,0,26,0,0
India,2023-09-25,18,0,0,0,0,0,0,0,0,0,0,0,0,0,0,0,18,0,0
India,2023-10-09,12,0,0,0,0,0,0,0,0,0,0,0,0,0,0,0,12,0,0
India,2023-10-23,22,0,0,0,0,0,0,0,0,0,0,0,0,0,0,0,22,0,0
India,2023-11-06,8,0,0,0,0,0,0,0,0,0,0,0,0,0,0,0,8,0,0
India,2023-11-20,23,0,0,0,0,0,0,0,0,0,0,0,0,0,0,0,23,0,0
India,2023-12-04,58,0,0,0,0,0,0,0,0,0,0,0,0,0,0,0,57,0,1
India,2023-12-18,592,5,0,0,0,0,0,0,0,0,0,0,0,0,0,0,587,0,0
India,2024-01-01,447,5,0,0,0,0,0,0,0,0,0,0,0,0,0,0,440,0,2
India,2024-01-15,116,26,0,1,0,0,0,0,0,0,0,0,0,0,0,0,89,0,0
India,2024-01-29,117,33,0,0,0,0,0,0,0,0,0,0,0,0,0,0,84,0,0
India,2024-02-12,125,19,0,0,0,0,0,0,0,0,0,0,0,0,0,0,106,0,0
India,2024-02-26,122,19,0,0,0,0,0,0,0,0,0,0,0,0,0,0,103,0,0
India,2024-03-11,86,7,0,0,0,0,0,0,0,0,0,0,0,0,0,0,79,0,0
India,2024-03-25,39,2,0,0,0,0,0,0,0,0,0,0,0,0,0,0,37,0,0
India,2024-04-08,10,0,0,0,0,0,0,0,0,0,0,0,0,0,0,0,10,0,0
India,2024-04-22,20,2,0,0,0,0,0,0,0,0,0,0,0,0,0,0,18,0,0
India,2024-05-06,19,0,0,0,0,0,0,0,0,0,0,0,0,0,0,0,19,0,0
India,2024-07-01,38,1,0,0,0,0,0,0,0,0,0,0,0,0,0,0,37,0,0
India,2024-07-15,40,0,0,0,0,0,0,0,0,0,0,0,0,0,0,0,40,0,0
India,2024-07-29,29,1,0,0,0,0,0,0,0,0,0,0,0,0,0,0,28,0,0
Indonesia,2020-04-27,32,0,0,0,0,0,0,0,0,0,0,5,0,1,0,0,0,1,25
Indonesia,2020-05-11,22,0,0,0,0,0,0,0,0,0,0,3,0,1,0,0,0,0,18
Indonesia,2020-05-25,17,0,0,0,0,0,0,0,0,0,0,3,0,0,0,0,0,0,14
Indonesia,2020-06-08,19,0,0,0,0,0,0,0,0,0,0,3,0,1,0,0,0,0,15
Indonesia,2020-06-22,14,0,0,0,0,0,0,0,0,0,0,2,0,1,0,0,0,0,11
Indonesia,2020-07-06,18,0,0,0,0,0,0,0,0,0,0,3,0,1,0,0,0,0,14
Indonesia,2020-07-20,25,0,0,0,0,0,0,0,0,0,0,4,0,1,0,0,0,0,20
Indonesia,2020-08-03,25,0,0,0,0,0,0,0,0,0,0,4,0,1,0,0,0,0,20
Indonesia,2020-08-17,22,0,0,0,0,0,0,0,0,0,0,3,0,1,0,0,0,0,18
Indonesia,2020-08-31,36,0,0,0,0,0,0,0,0,0,0,5,0,1,0,0,0,1,29
Indonesia,2020-09-14,23,0,0,0,0,0,0,0,0,0,0,4,0,1,0,0,0,0,18
Indonesia,2020-09-28,27,0,0,0,0,0,0,0,0,0,0,4,0,1,0,0,0,1,21
Indonesia,2020-10-12,49,0,0,0,0,0,0,0,0,0,0,8,0,1,0,0,0,1,39
Indonesia,2020-10-26,44,0,0,0,0,0,0,0,0,0,0,7,0,1,0,0,0,1,35
Indonesia,2020-11-09,86,0,0,0,0,0,0,0,0,0,0,13,0,2,0,0,0,2,69
Indonesia,2020-11-23,78,0,0,0,0,0,0,0,0,0,0,12,0,2,0,0,0,2,62
Indonesia,2020-12-07,110,0,0,0,0,0,0,0,5,1,0,0,0,0,0,6,0,0,98
Indonesia,2020-12-21,160,0,0,0,0,0,0,0,7,1,0,1,0,0,0,9,0,0,142
Indonesia,2021-01-04,458,0,0,3,0,0,0,2,276,5,1,4,0,20,7,58,0,0,82
Indonesia,2021-01-18,296,0,0,12,0,0,2,1,31,0,2,41,2,6,0,0,0,6,193
Indonesia,2021-02-01,201,0,0,3,0,0,0,5,121,2,1,5,0,14,1,8,0,0,41
Indonesia,2021-02-15,253,0,0,19,0,0,0,3,23,0,1,54,0,46,1,2,0,7,97
Indonesia,2021-03-01,237,0,0,2,0,1,1,3,99,3,2,9,3,7,1,8,0,3,95
Indonesia,2021-03-15,193,0,0,0,0,0,0,0,8,4,0,1,0,0,0,11,0,0,169
Indonesia,2021-03-29,153,0,0,0,0,0,1,3,81,18,0,1,0,3,3,22,0,0,21
Indonesia,2021-04-12,181,0,0,1,0,0,1,7,101,13,0,1,0,6,2,17,0,0,32
Indonesia,2021-04-26,293,0,1,1,0,0,9,14,153,25,1,2,1,9,3,26,0,0,48
Indonesia,2021-05-10,364,0,0,2,0,0,4,14,201,29,0,2,1,12,4,33,0,0,62
Indonesia,2021-05-24,580,0,0,0,0,0,3,16,136,306,0,0,0,4,8,58,0,0,49
Indonesia,2021-06-07,812,0,0,1,0,0,0,4,67,636,0,3,0,1,4,42,0,0,54
Indonesia,2021-06-21,1117,0,0,0,0,0,0,8,33,1025,0,1,0,1,2,28,0,0,19
Indonesia,2021-07-05,916,0,0,0,0,0,0,0,2,877,0,0,0,0,0,2,0,0,35
Indonesia,2021-07-19,907,0,0,0,0,0,0,1,2,894,0,1,0,0,0,3,0,0,6
Indonesia,2021-08-02,801,0,0,0,0,0,0,0,0,798,0,0,0,0,0,0,0,0,3
Indonesia,2021-08-16,616,0,0,0,0,0,0,0,0,615,0,0,0,0,0,0,0,0,1
Indonesia,2021-08-30,544,0,0,0,0,0,0,0,0,540,0,0,0,0,0,0,0,0,4
Indonesia,2021-09-13,347,0,0,0,0,0,0,0,0,345,0,0,0,0,0,0,0,0,2
Indonesia,2021-09-27,262,0,0,0,0,0,0,0,0,257,0,0,0,0,0,0,0,0,5
Indonesia,2021-10-11,193,0,0,0,0,0,0,0,0,192,0,0,0,0,0,0,0,0,1
Indonesia,2021-10-25,126,0,0,0,0,0,0,1,0,125,0,0,0,0,0,0,0,0,0
Indonesia,2021-11-08,142,0,0,0,0,0,0,0,0,142,0,0,0,0,0,0,0,0,0
Indonesia,2021-11-22,180,0,0,0,0,0,0,0,0,178,0,0,0,0,0,0,1,0,1
Indonesia,2021-12-06,344,0,0,0,0,0,0,0,0,296,0,0,0,0,0,0,39,0,9
Indonesia,2021-12-20,945,0,0,0,0,0,0,0,0,368,0,0,0,0,0,0,570,0,7
Indonesia,2022-01-03,2627,0,0,0,0,0,0,0,0,449,0,0,0,0,0,0,2178,0,0
Indonesia,2022-01-17,3559,0,0,0,0,0,0,0,0,24,0,0,0,0,0,0,3535,0,0
Indonesia,2022-01-31,1411,1,0,0,0,0,0,0,0,1,0,0,0,0,0,0,1409,0,0
Indonesia,2022-02-14,890,2,0,0,0,0,0,0,0,1,0,0,0,0,0,0,886,0,1
Indonesia,2022-02-28,891,3,0,0,0,0,0,0,0,1,0,0,0,0,0,0,887,0,0
Indonesia,2022-03-14,555,2,0,0,0,0,0,0,0,0,0,0,0,0,0,0,553,0,0
Indonesia,2022-03-28,414,1,0,0,0,0,0,0,0,1,0,0,0,0,0,0,407,0,5
Indonesia,2022-04-11,133,1,0,0,0,0,0,0,0,1,0,0,0,0,0,0,131,0,0
Indonesia,2022-04-25,79,1,0,0,0,0,0,0,0,0,0,0,0,0,0,0,78,0,0
Indonesia,2022-05-09,139,0,0,0,0,0,0,0,0,0,0,0,0,0,0,0,139,0,0
Indonesia,2022-05-23,236,5,0,0,0,0,0,0,0,0,0,0,0,0,0,0,231,0,0
Indonesia,2022-06-06,1579,11,0,0,0,0,0,0,0,0,0,0,0,0,0,0,1568,0,0
Indonesia,2022-06-20,2582,5,0,0,0,0,0,0,0,0,0,0,0,0,0,0,2577,0,0
Indonesia,2022-07-04,1720,1,0,0,0,0,0,0,0,0,0,0,0,0,0,0,1719,0,0
Indonesia,2022-07-18,1804,0,0,0,0,0,0,0,0,1,0,0,0,0,0,0,1803,0,0
Indonesia,2022-08-01,1762,0,0,0,0,0,0,0,0,0,0,0,0,0,0,0,1762,0,0
Indonesia,2022-08-15,1335,0,0,0,0,0,0,0,0,0,0,0,0,0,0,0,1335,0,0
Indonesia,2022-08-29,1067,0,0,0,0,0,0,0,0,0,0,0,0,0,0,0,1067,0,0
Indonesia,2022-09-12,1034,0,0,0,0,0,0,0,0,0,0,0,0,0,0,0,1034,0,0
Indonesia,2022-09-26,831,1,0,0,0,0,0,0,0,0,0,0,0,0,0,0,830,0,0
Indonesia,2022-10-10,1184,0,0,0,0,0,0,0,0,0,0,0,0,0,0,0,1184,0,0
Indonesia,2022-10-24,2019,0,0,0,0,0,0,0,0,0,0,0,0,0,0,0,2019,0,0
Indonesia,2022-11-07,2081,2,0,0,0,0,0,0,0,1,0,0,0,0,0,0,2078,0,0
Indonesia,2022-11-21,1213,0,0,0,0,0,0,0,0,0,0,0,0,0,0,0,1212,0,1
Indonesia,2022-12-05,589,0,0,0,0,0,0,0,0,0,0,0,0,0,0,0,589,0,0
Indonesia,2022-12-19,355,2,0,0,0,0,0,0,0,0,0,0,0,0,0,0,353,0,0
Indonesia,2023-01-02,212,2,0,0,0,0,0,0,0,0,0,0,0,0,0,0,210,0,0
Indonesia,2023-01-16,128,3,0,0,0,0,0,0,0,0,0,0,0,0,0,0,125,0,0
Indonesia,2023-01-30,184,1,0,0,0,0,0,0,0,0,0,0,0,0,0,0,183,0,0
Indonesia,2023-02-13,181,0,0,0,0,0,0,0,0,0,0,0,0,0,0,0,181,0,0
Indonesia,2023-02-27,125,2,0,0,0,0,0,0,0,0,0,0,0,0,0,0,123,0,0
Indonesia,2023-03-13,420,2,0,0,0,0,0,0,0,0,0,0,0,0,0,0,418,0,0
Indonesia,2023-03-27,762,11,0,0,0,0,0,0,0,0,0,0,0,0,0,0,751,0,0
Indonesia,2023-04-10,623,10,0,0,0,0,0,0,0,0,0,0,0,0,0,0,613,0,0
Indonesia,2023-04-24,887,34,0,0,0,0,0,0,0,0,0,0,0,0,0,0,853,0,0
Indonesia,2023-05-08,544,14,0,0,0,0,0,0,0,1,0,0,0,0,0,0,529,0,0
Indonesia,2023-05-22,341,15,0,1,0,0,0,0,0,0,0,0,0,0,0,0,325,0,0
Indonesia,2023-06-05,69,3,0,0,0,0,0,0,0,0,0,0,0,0,0,0,66,0,0
Indonesia,2023-06-19,12,0,0,0,0,0,0,0,0,0,0,0,0,0,0,0,12,0,0
Indonesia,2023-07-03,7,0,0,0,0,0,0,0,0,0,0,0,0,0,0,0,7,0,0
Indonesia,2023-07-31,2,0,0,0,0,0,0,0,0,0,0,0,0,0,0,0,2,0,0
Indonesia,2023-08-14,1,0,0,0,0,0,0,0,0,0,0,0,0,0,0,0,1,0,0
Indonesia,2023-09-11,6,0,0,0,0,0,0,0,0,0,0,0,0,0,0,0,6,0,0
Indonesia,2023-09-25,5,0,0,0,0,0,0,0,0,0,0,0,0,0,0,0,5,0,0
Indonesia,2023-10-09,10,0,0,0,0,0,0,0,0,0,0,0,0,0,0,0,10,0,0
Indonesia,2023-10-23,7,1,0,0,0,0,0,0,0,0,0,0,0,0,0,0,6,0,0
Indonesia,2023-11-06,22,3,0,0,0,0,0,0,0,0,0,0,0,0,0,0,19,0,0
Indonesia,2023-11-20,31,10,0,0,0,0,0,0,0,0,0,0,0,0,0,0,21,0,0
Indonesia,2023-12-04,253,37,0,0,0,0,0,0,0,0,0,0,0,0,0,0,216,0,0
Indonesia,2023-12-18,210,21,0,0,0,0,0,0,0,0,0,0,0,0,0,0,189,0,0
Indonesia,2024-01-01,208,13,0,0,0,0,0,0,0,0,0,0,0,0,0,0,195,0,0
Indonesia,2024-01-15,113,0,0,0,0,0,0,0,0,0,0,0,0,0,0,0,113,0,0
Indonesia,2024-01-29,54,0,0,0,0,0,0,0,0,0,0,0,0,0,0,0,54,0,0
Indonesia,2024-02-12,22,0,0,0,0,0,0,0,0,0,0,0,0,0,0,0,22,0,0
Indonesia,2024-02-26,37,4,0,0,0,0,0,0,0,0,0,0,0,0,0,0,33,0,0
Indonesia,2024-03-11,2,0,0,0,0,0,0,0,0,0,0,0,0,0,0,0,2,0,0
Indonesia,2024-03-25,2,0,0,0,0,0,0,0,0,0,0,0,0,0,0,0,2,0,0
Indonesia,2024-05-06,2,0,0,0,0,0,0,0,0,0,0,0,0,0,0,0,2,0,0
Indonesia,2024-07-01,7,0,0,0,0,0,0,0,0,0,0,0,0,0,0,0,7,0,0
Indonesia,2024-07-15,4,0,0,0,0,0,0,0,0,0,0,0,0,0,0,0,4,0,0
Indonesia,2024-07-29,2,0,0,0,0,0,0,0,0,0,0,0,0,0,0,0,2,0,0
Iran,2020-04-27,12,0,0,0,0,0,0,0,0,0,0,2,0,0,0,0,0,0,10
Iran,2020-05-11,18,0,0,0,0,0,0,0,0,0,0,3,0,1,0,0,0,0,14
Iran,2020-05-25,26,0,0,0,0,0,0,0,0,0,0,4,0,1,0,0,0,0,21
Iran,2020-06-08,39,0,0,0,0,0,0,0,0,0,0,6,0,1,0,0,0,1,31
Iran,2020-06-22,13,0,0,0,0,0,0,0,0,0,0,2,0,0,0,0,0,0,11
Iran,2020-07-06,8,0,0,0,0,0,0,0,0,0,0,1,0,0,0,0,0,0,7
Iran,2020-07-20,2,0,0,0,0,0,0,0,0,0,0,0,0,0,0,0,0,0,2
Iran,2020-08-17,6,0,0,0,0,0,0,0,0,0,0,1,0,0,0,0,0,0,5
Iran,2020-08-31,2,0,0,0,0,0,0,0,0,0,0,0,0,0,0,0,0,0,2
Iran,2020-09-14,19,0,0,0,0,0,0,0,0,0,0,3,0,1,0,0,0,0,15
Iran,2020-09-28,18,0,0,0,0,0,0,0,0,0,0,3,0,1,0,0,0,0,14
Iran,2020-10-12,25,0,5,0,0,10,0,1,0,0,0,0,0,0,0,0,0,0,9
Iran,2020-10-26,30,0,0,0,0,0,0,0,0,0,0,5,0,1,0,0,0,0,24
Iran,2020-11-09,21,0,0,0,0,0,0,0,0,0,0,3,0,1,0,0,0,0,17
Iran,2020-11-23,24,0,0,0,0,0,0,0,0,0,0,4,0,1,0,0,0,0,19
Iran,2020-12-07,15,0,0,0,0,0,0,0,0,0,0,3,0,0,0,0,0,0,12
Iran,2020-12-21,16,0,0,0,0,0,0,0,0,0,0,3,0,0,0,0,0,0,13
Iran,2021-01-04,29,0,5,0,0,12,0,2,0,0,0,0,0,0,0,0,0,0,10
Iran,2021-01-18,42,0,6,0,0,14,0,10,0,0,0,0,0,0,0,0,0,0,12
Iran,2021-02-01,31,0,3,0,0,8,0,13,0,0,0,0,0,0,0,0,0,0,7
Iran,2021-02-15,25,0,2,0,0,5,0,13,0,0,0,0,0,0,0,0,0,0,5
Iran,2021-03-01,5,0,0,0,0,1,0,4,0,0,0,0,0,0,0,0,0,0,0
Iran,2021-03-15,2,0,0,0,0,1,0,1,0,0,0,0,0,0,0,0,0,0,0
Iran,2021-03-29,35,0,1,0,0,2,2,24,0,0,0,1,0,0,0,0,0,0,5
Iran,2021-04-12,39,0,0,0,0,0,0,37,0,1,0,0,0,0,0,0,0,0,1
Iran,2021-04-26,61,0,0,0,0,0,2,41,0,16,1,0,0,0,0,0,0,0,1
Iran,2021-05-10,14,0,0,0,0,1,0,13,0,0,0,0,0,0,0,0,0,0,0
Iran,2021-05-24,9,0,0,0,0,0,0,9,0,0,0,0,0,0,0,0,0,0,0
Iran,2021-06-07,18,0,0,0,0,0,0,10,0,8,0,0,0,0,0,0,0,0,0
Iran,2021-06-21,26,0,0,0,0,0,0,8,0,18,0,0,0,0,0,0,0,0,0
Iran,2021-07-05,11,0,0,0,0,0,0,2,0,9,0,0,0,0,0,0,0,0,0
Iran,2021-07-19,26,0,0,0,0,0,0,4,0,22,0,0,0,0,0,0,0,0,0
Iran,2021-08-02,22,0,0,0,0,0,0,3,0,19,0,0,0,0,0,0,0,0,0
Iran,2021-08-16,14,0,0,0,0,0,0,0,0,14,0,0,0,0,0,0,0,0,0
Iran,2021-08-30,28,0,0,0,0,0,0,2,0,26,0,0,0,0,0,0,0,0,0
Iran,2021-09-13,8,0,0,0,0,0,0,0,0,8,0,0,0,0,0,0,0,0,0
Iran,2021-09-27,4,0,0,0,0,0,0,0,0,4,0,0,0,0,0,0,0,0,0
Iran,2021-10-11,3,0,0,0,0,0,0,0,0,3,0,0,0,0,0,0,0,0,0
Iran,2021-10-25,6,0,0,0,0,0,0,0,0,6,0,0,0,0,0,0,0,0,0
Iran,2021-11-08,50,0,0,0,0,0,0,0,0,50,0,0,0,0,0,0,0,0,0
Iran,2021-11-22,15,0,0,0,0,0,0,0,0,14,0,0,0,0,0,0,1,0,0
Iran,2021-12-06,13,0,0,0,0,0,0,0,0,6,0,0,0,0,0,0,7,0,0
Iran,2021-12-20,75,0,0,0,0,0,0,0,0,8,0,0,0,0,0,0,67,0,0
Iran,2022-01-03,24,0,0,0,0,0,0,0,0,2,0,0,0,0,0,0,22,0,0
Iran,2022-01-17,44,0,0,0,0,0,0,0,0,1,0,0,0,0,0,0,43,0,0
Iran,2022-01-31,154,0,0,0,0,0,0,0,0,1,0,0,0,0,0,0,153,0,0
Iran,2022-02-14,304,0,0,0,0,0,0,0,0,0,0,0,0,0,0,0,304,0,0
Iran,2022-02-28,112,1,0,0,0,0,0,0,0,0,0,0,0,0,0,0,111,0,0
Iran,2022-03-14,8,0,0,0,0,0,0,0,0,0,0,0,0,0,0,0,8,0,0
Iran,2022-03-28,14,0,0,0,0,0,0,0,0,0,0,0,0,0,0,0,14,0,0
Iran,2022-04-11,47,0,0,0,0,0,0,0,0,0,0,0,0,0,0,0,47,0,0
Iran,2022-04-25,75,0,0,0,0,0,0,0,0,0,0,0,0,0,0,0,75,0,0
Iran,2022-05-09,48,0,0,0,0,0,0,0,0,4,0,0,0,0,0,0,44,0,0
Iran,2022-05-23,26,0,0,0,0,0,0,0,0,0,0,0,0,0,0,0,26,0,0
Iran,2022-06-06,32,0,0,0,0,0,0,0,0,0,0,0,0,0,0,0,32,0,0
Iran,2022-06-20,24,0,0,0,0,0,0,0,0,1,0,0,0,0,0,0,23,0,0
Iran,2022-07-04,75,0,0,0,0,0,0,0,0,1,0,0,0,0,0,0,74,0,0
Iran,2022-07-18,81,0,0,0,0,0,0,0,0,0,0,0,0,0,0,0,81,0,0
Iran,2022-08-01,69,0,0,0,0,0,0,0,0,0,0,0,0,0,0,0,69,0,0
Iran,2022-08-15,51,0,0,0,0,0,0,0,0,0,0,0,0,0,0,0,51,0,0
Iran,2022-08-29,9,0,0,0,0,0,0,0,0,0,0,0,0,0,0,0,9,0,0
Iran,2022-09-12,5,0,0,0,0,0,0,0,0,0,0,0,0,0,0,0,5,0,0
Iran,2022-09-26,3,0,0,0,0,0,0,0,0,0,0,0,0,0,0,0,3,0,0
Iran,2022-10-10,5,0,0,0,0,0,0,0,0,0,0,0,0,0,0,0,5,0,0
Iran,2022-10-24,8,0,0,0,0,0,0,0,0,0,0,0,0,0,0,0,8,0,0
Iran,2022-11-07,6,0,0,0,0,0,0,0,0,0,0,0,0,0,0,0,6,0,0
Iran,2022-11-21,5,0,0,0,0,0,0,0,0,0,0,0,0,0,0,0,5,0,0
Iran,2022-12-05,20,0,0,0,0,0,0,0,0,0,0,0,0,0,0,0,20,0,0
Iran,2022-12-19,50,0,0,0,0,0,0,0,0,0,0,0,0,0,0,0,50,0,0
Iran,2023-01-02,20,0,0,0,0,0,0,0,0,0,0,0,0,0,0,0,20,0,0
Iran,2023-01-16,16,0,0,0,0,0,0,0,0,0,0,0,0,0,0,0,16,0,0
Iran,2023-01-30,37,0,0,0,0,0,0,0,0,0,0,0,0,0,0,0,37,0,0
Iran,2023-02-13,70,0,0,0,0,0,0,0,0,0,0,0,0,0,0,0,70,0,0
Iran,2023-02-27,106,0,0,0,0,0,0,0,0,0,0,0,0,0,0,0,106,0,0
Iran,2023-03-13,36,0,0,0,0,0,0,0,0,0,0,0,0,0,0,0,36,0,0
Iran,2023-03-27,71,0,0,0,0,0,0,0,0,0,0,0,0,0,0,0,71,0,0
Iran,2023-04-10,33,0,0,0,0,0,0,0,0,0,0,0,0,0,0,0,33,0,0
Iran,2023-04-24,30,0,0,0,0,0,0,0,0,0,0,0,0,0,0,0,30,0,0
Iran,2023-05-08,2,0,0,0,0,0,0,0,0,0,0,0,0,0,0,0,2,0,0
Iran,2023-05-22,1,0,0,0,0,0,0,0,0,0,0,0,0,0,0,0,1,0,0
Iran,2023-06-05,2,0,0,0,0,0,0,0,0,0,0,0,0,0,0,0,2,0,0
Iran,2023-06-19,17,0,0,0,0,0,0,0,0,0,0,0,0,0,0,0,17,0,0
Iran,2023-07-03,2,0,0,0,0,0,0,0,0,0,0,0,0,0,0,0,2,0,0
Iran,2023-07-17,3,0,0,0,0,0,0,0,0,0,0,0,0,0,0,0,3,0,0
Iran,2023-07-31,5,0,0,0,0,0,0,0,0,0,0,0,0,0,0,0,5,0,0
Iran,2023-08-14,11,0,0,0,0,0,0,0,0,0,0,0,0,0,0,0,11,0,0
Iran,2023-08-28,30,0,0,0,0,0,0,0,0,0,0,0,0,0,0,0,30,0,0
Iran,2023-09-11,13,0,0,0,0,0,0,0,0,0,0,0,0,0,0,0,13,0,0
Iran,2023-10-09,3,0,0,0,0,0,0,0,0,0,0,0,0,0,0,0,3,0,0
Iran,2023-10-23,1,0,0,0,0,0,0,0,0,0,0,0,0,0,0,0,1,0,0
Iran,2024-02-12,1,0,0,0,0,0,0,0,0,0,0,0,0,0,0,0,1,0,0
Iran,2024-04-08,1,0,0,0,0,0,0,0,0,0,0,0,0,0,0,0,1,0,0
Iraq,2020-05-25,10,10,0,0,0,0,0,0,0,0,0,0,0,0,0,0,0,0,0
Iraq,2020-06-08,18,18,0,0,0,0,0,0,0,0,0,0,0,0,0,0,0,0,0
Iraq,2020-06-22,1,1,0,0,0,0,0,0,0,0,0,0,0,0,0,0,0,0,0
Iraq,2020-09-28,2,2,0,0,0,0,0,0,0,0,0,0,0,0,0,0,0,0,0
Iraq,2020-12-07,2,0,0,0,0,2,0,0,0,0,0,0,0,0,0,0,0,0,0
Iraq,2020-12-21,2,0,0,0,0,0,0,2,0,0,0,0,0,0,0,0,0,0,0
Iraq,2021-01-04,1,0,0,0,0,0,0,1,0,0,0,0,0,0,0,0,0,0,0
Iraq,2021-01-18,3,0,0,0,0,0,0,1,0,0,0,1,0,0,0,0,0,0,1
Iraq,2021-02-01,17,0,0,0,0,0,0,13,2,1,0,0,0,0,0,0,0,0,1
Iraq,2021-02-15,48,0,0,0,0,1,1,40,0,0,0,2,0,1,0,0,0,0,3
Iraq,2021-03-01,8,0,0,0,0,0,0,7,0,1,0,0,0,0,0,0,0,0,0
Iraq,2021-03-15,4,0,0,0,0,0,0,4,0,0,0,0,0,0,0,0,0,0,0
Iraq,2021-03-29,3,0,0,0,0,0,0,2,0,1,0,0,0,0,0,0,0,0,0
Iraq,2021-04-12,4,0,0,0,0,0,0,4,0,0,0,0,0,0,0,0,0,0,0
Iraq,2021-04-26,5,0,0,0,0,0,0,2,1,2,0,0,0,0,0,0,0,0,0
Iraq,2021-05-10,5,0,0,0,0,0,0,5,0,0,0,0,0,0,0,0,0,0,0
Iraq,2021-05-24,3,0,0,0,0,0,0,3,0,0,0,0,0,0,0,0,0,0,0
Iraq,2021-06-07,21,0,0,0,0,0,0,15,0,6,0,0,0,0,0,0,0,0,0
Iraq,2021-06-21,19,0,0,0,0,0,0,11,0,8,0,0,0,0,0,0,0,0,0
Iraq,2021-07-05,66,0,0,0,0,0,0,2,0,64,0,0,0,0,0,0,0,0,0
Iraq,2021-07-19,54,0,0,0,0,0,0,0,0,54,0,0,0,0,0,0,0,0,0
Iraq,2021-08-02,68,0,0,0,0,0,0,0,0,68,0,0,0,0,0,0,0,0,0
Iraq,2021-08-16,41,0,0,0,0,0,0,0,0,41,0,0,0,0,0,0,0,0,0
Iraq,2021-08-30,27,0,0,0,0,0,0,0,0,27,0,0,0,0,0,0,0,0,0
Iraq,2021-09-13,45,0,0,0,0,0,0,0,0,45,0,0,0,0,0,0,0,0,0
Iraq,2021-09-27,21,0,0,0,0,0,0,2,0,19,0,0,0,0,0,0,0,0,0
Iraq,2021-10-11,6,0,0,0,0,0,0,0,0,6,0,0,0,0,0,0,0,0,0
Iraq,2021-10-25,19,0,0,0,0,0,0,0,0,19,0,0,0,0,0,0,0,0,0
Iraq,2021-11-08,19,0,0,0,0,0,0,0,0,19,0,0,0,0,0,0,0,0,0
Iraq,2021-11-22,54,0,0,0,0,0,0,5,0,48,0,0,0,0,0,0,1,0,0
Iraq,2021-12-06,13,0,0,0,0,0,0,0,0,12,0,0,0,0,0,0,1,0,0
Iraq,2021-12-20,38,0,0,0,0,0,0,2,0,28,0,0,0,0,0,0,8,0,0
Iraq,2022-01-03,89,0,0,0,0,0,0,0,0,8,0,0,0,0,0,0,81,0,0
Iraq,2022-01-17,96,0,0,0,0,0,0,0,0,1,0,0,0,0,0,0,95,0,0
Iraq,2022-01-31,45,0,0,0,0,0,0,0,0,2,0,0,0,0,0,0,43,0,0
Iraq,2022-02-14,6,0,0,0,0,0,0,0,0,0,0,0,0,0,0,0,6,0,0
Iraq,2022-02-28,3,0,0,0,0,0,0,0,0,1,0,0,0,0,0,0,2,0,0
Iraq,2022-05-09,2,0,0,0,0,0,0,0,0,0,0,0,0,0,0,0,2,0,0
Iraq,2022-06-06,5,0,0,0,0,0,0,0,0,0,0,0,0,0,0,0,5,0,0
Iraq,2022-08-01,1,0,0,0,0,0,0,0,0,0,0,0,0,0,0,0,1,0,0
Iraq,2022-08-15,1,0,0,0,0,0,0,0,0,0,0,0,0,0,0,0,1,0,0
Iraq,2022-08-29,1,0,0,0,0,0,0,0,0,0,0,0,0,0,0,0,1,0,0
Iraq,2022-09-12,4,0,0,0,0,0,0,0,0,1,0,0,0,0,0,0,3,0,0
Iraq,2022-10-24,1,0,0,0,0,0,0,0,0,0,0,0,0,0,0,0,1,0,0
Iraq,2022-11-07,3,0,0,0,0,0,0,0,0,0,0,0,0,0,0,0,3,0,0
Iraq,2022-11-21,4,0,0,0,0,0,0,0,0,0,0,0,0,0,0,0,4,0,0
Iraq,2023-02-13,1,0,0,0,0,0,0,0,0,0,0,0,0,0,0,0,1,0,0
Iraq,2023-03-13,10,0,0,0,0,0,0,0,0,0,0,0,0,0,0,0,10,0,0
Iraq,2023-07-31,6,0,0,0,0,0,0,0,0,0,0,0,0,0,0,0,6,0,0
Iraq,2023-08-14,5,0,0,0,0,0,0,0,0,0,0,0,0,0,0,0,5,0,0
Iraq,2023-08-28,3,0,0,0,0,0,0,0,0,0,0,0,0,0,0,0,3,0,0
Iraq,2023-09-11,2,0,0,0,0,0,0,0,0,0,0,0,0,0,0,0,2,0,0
Iraq,2024-04-08,1,0,0,0,0,0,0,0,0,0,0,0,0,0,0,0,1,0,0
Ireland,2020-04-27,111,0,0,0,0,0,0,0,0,0,0,0,0,0,0,0,0,3,108
Ireland,2020-05-11,43,0,0,0,0,0,0,0,0,0,0,0,0,0,0,0,0,1,42
Ireland,2020-05-25,8,0,0,0,0,0,0,0,0,0,0,0,0,0,0,0,0,0,8
Ireland,2020-06-08,7,0,0,0,0,0,0,0,0,0,0,0,0,0,0,0,0,0,7
Ireland,2020-06-22,9,0,0,0,0,0,0,0,0,0,0,0,0,0,0,0,0,0,9
Ireland,2020-07-06,31,0,1,0,0,0,0,0,0,0,0,0,0,0,0,0,0,0,30
Ireland,2020-07-20,58,0,41,0,0,4,0,0,0,0,0,0,0,0,0,0,0,0,13
Ireland,2020-08-03,85,0,58,0,1,3,0,0,0,0,0,0,0,0,0,0,0,0,23
Ireland,2020-08-17,21,0,7,0,0,2,0,0,0,0,0,0,0,0,0,0,0,0,12
Ireland,2020-08-31,81,0,26,1,0,36,0,0,0,0,0,0,0,0,0,0,0,0,18
Ireland,2020-09-14,99,0,16,0,1,60,0,0,0,0,0,0,0,0,0,0,0,0,22
Ireland,2020-09-28,87,0,16,0,10,50,0,0,0,0,0,0,0,0,0,0,0,0,11
Ireland,2020-10-12,98,0,10,0,1,76,0,0,0,0,0,0,0,0,0,0,0,0,11
Ireland,2020-10-26,63,0,3,0,0,56,0,0,0,0,0,0,0,0,0,0,0,0,4
Ireland,2020-11-09,94,0,10,0,0,79,0,0,0,0,0,0,0,0,0,0,0,0,5
Ireland,2020-11-23,90,0,5,0,0,78,0,0,0,0,0,0,0,0,0,0,0,0,7
Ireland,2020-12-07,96,0,3,0,0,71,0,11,0,0,0,0,0,0,0,0,0,0,11
Ireland,2020-12-21,206,0,14,0,0,84,7,94,0,0,0,0,0,0,0,0,0,0,7
Ireland,2021-01-04,365,0,28,1,0,112,3,194,0,0,0,0,0,0,0,0,0,0,27
Ireland,2021-01-18,543,0,11,2,0,107,3,405,0,0,0,0,0,0,0,0,0,0,15
Ireland,2021-02-01,1655,0,19,8,0,134,3,1424,3,0,0,0,7,4,0,0,0,0,53
Ireland,2021-02-15,1568,0,9,8,0,61,16,1432,3,1,1,0,4,1,0,0,0,0,32
Ireland,2021-03-01,1457,0,3,6,0,16,8,1396,6,0,0,0,5,0,0,0,0,0,17
Ireland,2021-03-15,1766,0,3,13,0,6,22,1678,11,0,0,0,0,1,0,0,0,0,32
Ireland,2021-03-29,1215,0,1,17,0,4,10,1124,2,12,2,0,2,1,0,0,0,0,40
Ireland,2021-04-12,1585,0,0,16,0,3,1,1470,1,30,6,3,14,0,0,0,0,0,41
Ireland,2021-04-26,1940,0,0,16,0,5,0,1711,0,73,64,1,22,4,0,0,0,0,44
Ireland,2021-05-10,1630,0,0,4,0,0,0,1502,0,44,60,0,9,0,0,0,0,0,11
Ireland,2021-05-24,1567,0,0,11,0,0,0,1389,1,96,33,0,6,0,0,0,0,0,31
Ireland,2021-06-07,1449,0,0,1,0,0,0,1006,0,405,21,0,0,0,0,2,0,0,14
Ireland,2021-06-21,1270,0,0,0,0,0,2,366,1,883,13,0,0,0,0,0,0,0,5
Ireland,2021-07-05,2520,0,0,0,0,0,2,173,0,2332,0,0,0,0,3,2,0,0,8
Ireland,2021-07-19,2621,0,0,0,0,0,0,50,1,2565,0,0,0,0,1,0,0,0,4
Ireland,2021-08-02,2729,0,0,0,0,0,0,11,1,2716,0,0,0,0,0,0,0,0,1
Ireland,2021-08-16,2554,0,0,0,0,0,0,2,0,2551,0,0,0,0,0,0,0,0,1
Ireland,2021-08-30,2739,0,0,0,0,0,0,0,1,2738,0,0,0,0,0,0,0,0,0
Ireland,2021-09-13,1624,0,0,0,0,0,0,0,0,1624,0,0,0,0,0,0,0,0,0
Ireland,2021-09-27,2310,0,0,0,0,0,0,0,0,2310,0,0,0,0,0,0,0,0,0
Ireland,2021-10-11,2374,0,0,0,0,0,0,0,0,2374,0,0,0,0,0,0,0,0,0
Ireland,2021-10-25,2580,0,0,0,0,0,0,0,0,2580,0,0,0,0,0,0,0,0,0
Ireland,2021-11-08,393,0,0,0,0,0,0,0,0,393,0,0,0,0,0,0,0,0,0
Ireland,2021-11-22,1777,0,0,0,0,0,0,0,0,1733,0,0,0,0,0,0,44,0,0
Ireland,2021-12-06,3732,0,0,0,0,0,0,0,0,1932,0,0,0,0,0,0,1797,0,3
Ireland,2021-12-20,1277,0,0,0,0,0,0,0,0,124,0,0,0,0,0,0,1151,0,2
Ireland,2022-01-03,3872,0,0,0,0,0,0,0,0,104,0,0,0,0,0,0,3765,0,3
Ireland,2022-01-17,2903,0,0,0,0,0,0,0,0,20,0,0,0,0,0,0,2883,0,0
Ireland,2022-01-31,1024,2,0,0,0,0,0,0,0,2,0,0,0,0,0,0,1018,0,2
Ireland,2022-02-14,838,0,0,0,0,0,0,0,0,1,0,0,0,0,0,0,836,0,1
Ireland,2022-02-28,298,1,0,0,0,0,0,0,0,1,0,0,0,0,0,0,294,0,2
Ireland,2022-03-14,3797,6,0,0,0,0,0,0,0,0,0,0,0,0,0,0,3788,0,3
Ireland,2022-03-28,2513,11,0,1,0,0,0,0,0,0,0,0,0,0,0,0,2501,0,0
Ireland,2022-04-11,1925,3,0,0,0,0,0,0,0,0,0,0,0,0,0,0,1921,0,1
Ireland,2022-04-25,2782,16,0,0,0,0,0,0,0,0,0,0,0,0,0,0,2766,0,0
Ireland,2022-05-09,1442,7,0,0,0,0,0,0,0,0,0,0,0,0,0,0,1435,0,0
Ireland,2022-05-23,1493,8,0,1,0,0,0,0,0,0,0,0,0,0,0,0,1484,0,0
Ireland,2022-06-06,3256,5,0,0,0,0,0,0,0,0,0,0,0,0,0,0,3251,0,0
Ireland,2022-06-20,3410,4,0,0,0,0,0,0,0,0,0,0,0,0,0,0,3406,0,0
Ireland,2022-07-04,2204,1,0,0,0,0,0,0,0,0,0,0,0,0,0,0,2203,0,0
Ireland,2022-07-18,943,2,0,0,0,0,0,0,0,0,0,0,0,0,0,0,941,0,0
Ireland,2022-08-01,866,6,0,0,0,0,0,0,0,0,0,0,0,0,0,0,860,0,0
Ireland,2022-08-15,1470,1,0,0,0,0,0,0,0,0,0,0,0,0,0,0,1469,0,0
Ireland,2022-08-29,1454,1,0,0,0,0,0,0,0,0,0,0,0,0,0,0,1453,0,0
Ireland,2022-09-12,1243,3,0,0,0,0,0,0,0,0,0,0,0,0,0,0,1240,0,0
Ireland,2022-09-26,1133,2,0,0,0,0,0,0,0,0,0,0,0,0,0,0,1131,0,0
Ireland,2022-10-10,1538,4,0,0,0,0,0,0,0,0,0,0,0,0,0,0,1534,0,0
Ireland,2022-10-24,1053,1,0,0,0,0,0,0,0,0,0,0,0,0,0,0,1052,0,0
Ireland,2022-11-07,885,3,0,0,0,0,0,0,0,0,0,0,0,0,0,0,882,0,0
Ireland,2022-11-21,1048,7,0,0,0,0,0,0,0,0,0,0,0,0,0,0,1041,0,0
Ireland,2022-12-05,861,3,0,0,0,0,0,0,0,0,0,0,0,0,0,0,858,0,0
Ireland,2022-12-19,998,13,0,0,0,0,0,0,0,0,0,0,0,0,0,0,985,0,0
Ireland,2023-01-02,1478,11,0,0,0,0,0,0,0,0,0,0,0,0,0,0,1467,0,0
Ireland,2023-01-16,494,10,0,0,0,0,0,0,0,0,0,0,0,0,0,0,484,0,0
Ireland,2023-01-30,455,7,0,0,0,0,0,0,0,0,0,0,0,0,0,0,448,0,0
Ireland,2023-02-13,538,6,0,0,0,0,0,0,0,0,0,0,0,0,0,0,532,0,0
Ireland,2023-02-27,629,16,0,0,0,0,0,0,0,0,0,0,0,0,0,0,613,0,0
Ireland,2023-03-13,932,11,0,0,0,0,0,0,0,0,0,0,0,0,0,0,921,0,0
Ireland,2023-03-27,414,1,0,0,0,0,0,0,0,0,0,0,0,0,0,0,413,0,0
Ireland,2023-04-10,145,2,0,0,0,0,0,0,1,0,0,0,0,0,0,0,142,0,0
Ireland,2023-04-24,151,1,0,0,0,0,0,0,0,0,0,0,0,0,0,0,150,0,0
Ireland,2023-05-08,151,6,0,0,0,0,0,0,0,0,0,0,0,0,0,0,145,0,0
Ireland,2023-05-22,184,4,0,0,0,0,0,0,0,0,0,0,0,0,0,0,180,0,0
Ireland,2023-06-05,113,15,0,0,0,0,0,0,0,0,0,0,0,0,0,0,98,0,0
Ireland,2023-06-19,61,7,0,0,0,0,0,0,0,0,0,0,0,0,0,0,54,0,0
Ireland,2023-07-03,123,2,0,0,0,0,0,0,0,0,0,0,0,0,0,0,121,0,0
Ireland,2023-07-17,203,2,0,0,0,0,0,0,0,0,0,0,0,0,0,0,201,0,0
Ireland,2023-07-31,345,4,0,0,0,0,0,0,0,0,0,0,0,0,0,0,341,0,0
Ireland,2023-08-14,284,4,0,0,0,0,0,0,0,0,0,0,0,0,0,0,280,0,0
Ireland,2023-08-28,253,8,0,0,0,0,0,0,0,0,0,0,0,0,0,0,245,0,0
Ireland,2023-09-11,257,3,0,0,0,0,0,0,0,0,0,0,0,0,0,0,254,0,0
Ireland,2023-09-25,297,18,0,0,0,0,0,0,0,0,0,0,0,0,0,0,279,0,0
Ireland,2023-10-09,252,6,0,0,0,0,0,0,0,0,0,0,0,0,0,0,246,0,0
Ireland,2023-10-23,231,7,0,0,0,0,0,0,0,0,0,0,0,0,0,0,224,0,0
Ireland,2023-11-06,259,16,0,0,0,0,0,0,0,0,0,0,0,0,0,0,243,0,0
Ireland,2023-11-20,168,9,0,0,0,0,0,0,0,0,0,0,0,0,0,0,159,0,0
Ireland,2023-12-04,250,17,0,0,0,0,0,0,0,0,0,0,0,0,0,0,233,0,0
Ireland,2023-12-18,338,11,0,0,0,0,0,0,0,0,0,0,0,0,0,0,327,0,0
Ireland,2024-01-01,315,13,0,0,0,0,0,0,0,0,0,0,0,0,0,0,302,0,0
Ireland,2024-01-15,265,13,0,0,0,0,0,0,0,0,0,0,0,0,0,0,252,0,0
Ireland,2024-01-29,153,8,0,0,0,0,0,0,0,0,0,0,0,0,0,0,145,0,0
Ireland,2024-02-12,95,8,0,0,0,0,0,0,0,0,0,0,0,0,0,0,87,0,0
Ireland,2024-02-26,100,5,0,0,0,0,0,0,0,0,0,0,0,0,0,0,95,0,0
Ireland,2024-03-11,59,1,0,0,0,0,0,0,0,0,0,0,0,0,0,0,58,0,0
Ireland,2024-03-25,74,1,0,0,0,0,0,0,0,0,0,0,0,0,0,0,73,0,0
Ireland,2024-04-08,87,0,0,0,0,0,0,0,0,0,0,0,0,0,0,0,87,0,0
Ireland,2024-04-22,160,3,0,0,0,0,0,0,0,0,0,0,0,0,0,0,157,0,0
Ireland,2024-05-06,151,3,0,0,0,0,0,0,0,0,0,0,0,0,0,0,148,0,0
Ireland,2024-07-01,373,2,0,0,0,0,0,0,0,0,0,0,0,0,0,0,371,0,0
Ireland,2024-07-15,329,5,0,0,0,0,0,0,0,0,0,0,0,0,0,0,324,0,0
Ireland,2024-07-29,240,5,0,0,0,0,0,0,0,0,0,0,0,0,0,0,235,0,0
Israel,2020-04-27,1,0,0,0,0,0,0,0,0,0,0,0,0,0,0,0,0,0,1
Israel,2020-05-11,1,0,0,0,0,0,0,0,0,0,0,0,0,0,0,0,0,0,1
Israel,2020-05-25,18,0,0,0,0,0,0,0,0,0,0,0,0,0,0,0,0,0,18
Israel,2020-06-08,7,0,0,0,0,0,0,0,0,0,0,0,0,0,0,0,0,0,7
Israel,2020-06-22,16,0,0,0,0,0,0,0,0,0,0,0,0,0,0,0,0,0,16
Israel,2020-07-06,5,0,0,0,0,0,0,0,0,0,0,0,0,0,0,0,0,0,5
Israel,2020-07-20,41,0,0,0,0,0,0,0,0,0,0,0,0,0,0,0,0,1,40
Israel,2020-08-03,7,0,0,0,0,0,0,0,0,0,0,0,0,0,0,0,0,0,7
Israel,2020-08-17,1,0,0,0,0,0,0,0,0,0,0,0,0,0,0,0,0,0,1
Israel,2020-08-31,3,0,0,0,0,0,0,0,0,0,0,0,0,0,0,0,0,0,3
Israel,2020-09-14,1,0,0,0,0,0,0,0,0,0,0,0,0,0,0,0,0,0,1
Israel,2020-10-12,1,0,0,0,0,0,0,0,0,0,0,0,0,0,0,0,0,0,1
Israel,2020-11-23,7,0,0,0,0,1,0,0,0,0,0,0,0,0,0,0,0,0,6
Israel,2020-12-07,51,0,2,0,0,3,1,6,0,0,0,0,0,0,0,0,0,0,39
Israel,2020-12-21,1265,0,55,0,0,44,10,282,0,0,8,1,0,0,0,0,0,1,864
Israel,2021-01-04,1118,0,23,1,0,42,44,562,0,5,12,2,1,0,0,0,0,1,425
Israel,2021-01-18,1371,0,8,5,0,38,24,883,0,7,39,3,1,0,0,0,0,0,363
Israel,2021-02-01,1499,0,4,0,0,18,67,1180,0,0,30,3,0,0,0,0,0,0,197
Israel,2021-02-15,1295,0,0,0,0,6,34,1178,0,0,17,1,0,1,0,0,0,0,58
Israel,2021-03-01,1100,0,0,0,0,3,24,1043,0,0,4,0,0,0,0,0,0,0,26
Israel,2021-03-15,673,0,0,0,0,0,4,667,0,0,0,0,0,0,0,0,0,0,2
Israel,2021-03-29,787,0,0,0,0,0,2,748,5,25,1,0,2,0,1,0,0,0,3
Israel,2021-04-12,409,0,0,0,0,0,1,392,0,10,1,0,0,2,1,0,0,0,2
Israel,2021-04-26,265,0,0,0,0,0,0,194,3,31,1,0,10,1,23,0,0,0,2
Israel,2021-05-10,160,0,0,0,0,0,3,135,1,11,2,0,2,0,1,0,0,0,5
Israel,2021-05-24,52,0,0,0,0,0,1,24,0,23,0,0,0,0,0,0,0,0,4
Israel,2021-06-07,170,0,0,0,0,0,1,6,3,159,0,0,0,0,0,0,0,0,1
Israel,2021-06-21,1705,0,0,0,0,0,0,38,3,1654,0,0,1,0,0,1,0,0,8
Israel,2021-07-05,327,0,0,0,0,0,1,4,2,316,0,0,0,0,0,0,0,0,4
Israel,2021-07-19,606,0,0,0,0,0,0,0,1,604,0,0,0,0,0,0,0,0,1
Israel,2021-08-02,1465,0,0,0,0,0,0,4,0,1460,0,0,0,0,0,0,0,0,1
Israel,2021-08-16,1343,0,0,0,0,0,0,0,1,1341,0,0,0,0,0,1,0,0,0
Israel,2021-08-30,1857,0,0,0,0,0,0,0,0,1857,0,0,0,0,0,0,0,0,0
Israel,2021-09-13,929,0,0,0,0,0,0,0,0,929,0,0,0,0,0,0,0,0,0
Israel,2021-09-27,860,0,0,0,0,0,0,0,0,860,0,0,0,0,0,0,0,0,0
Israel,2021-10-11,1089,0,0,0,0,0,0,0,0,1089,0,0,0,0,0,0,0,0,0
Israel,2021-10-25,868,0,0,0,0,0,0,0,0,868,0,0,0,0,0,0,0,0,0
Israel,2021-11-08,1548,0,0,0,0,0,0,0,0,1546,0,0,0,0,0,0,1,0,1
Israel,2021-11-22,1840,0,0,0,0,0,0,4,0,1803,0,0,0,0,0,0,31,0,2
Israel,2021-12-06,1906,0,0,0,0,0,0,0,0,1445,0,0,0,0,0,0,461,0,0
Israel,2021-12-20,1985,0,0,0,0,0,0,0,0,388,0,0,0,0,0,0,1597,0,0
Israel,2022-01-03,2267,0,0,0,0,0,0,0,0,44,0,0,0,0,0,0,2223,0,0
Israel,2022-01-17,3402,0,0,0,0,0,0,0,0,8,0,0,0,0,0,0,3394,0,0
Israel,2022-01-31,2613,2,0,0,0,0,0,0,0,2,0,0,0,0,0,0,2609,0,0
Israel,2022-02-14,4120,4,0,0,0,0,0,0,0,1,0,0,0,0,0,0,4115,0,0
Israel,2022-02-28,3001,10,0,0,0,0,0,0,0,0,0,0,0,0,0,0,2991,0,0
Israel,2022-03-14,5748,31,0,0,0,0,0,0,0,6,0,0,0,0,0,0,5709,0,2
Israel,2022-03-28,2662,15,0,0,0,0,0,0,0,0,0,0,0,0,0,0,2647,0,0
Israel,2022-04-11,3441,9,0,0,0,0,0,0,0,0,0,0,0,0,0,0,3432,0,0
Israel,2022-04-25,4202,34,0,0,0,0,0,0,0,0,0,0,0,0,0,0,4168,0,0
Israel,2022-05-09,3984,57,0,0,0,0,0,0,0,0,0,0,0,0,0,0,3927,0,0
Israel,2022-05-23,2618,43,0,0,0,0,0,0,0,0,0,0,0,0,0,0,2575,0,0
Israel,2022-06-06,6214,30,0,0,0,0,0,0,0,0,0,0,0,0,0,0,6184,0,0
Israel,2022-06-20,7141,16,0,0,0,0,0,0,0,0,0,0,0,0,0,0,7125,0,0
Israel,2022-07-04,9029,14,0,0,0,0,0,0,0,0,0,0,0,0,0,0,9015,0,0
Israel,2022-07-18,9161,10,0,0,0,0,0,0,0,0,0,0,0,0,0,0,9151,0,0
Israel,2022-08-01,3584,5,0,0,0,0,0,0,0,0,0,0,0,0,0,0,3579,0,0
Israel,2022-08-15,2286,4,0,0,0,0,0,0,0,0,0,0,0,0,0,0,2282,0,0
Israel,2022-08-29,1712,3,0,0,0,0,0,0,0,0,0,0,0,0,0,0,1709,0,0
Israel,2022-09-12,2255,8,0,0,0,0,0,0,0,0,0,0,0,0,0,0,2247,0,0
Israel,2022-09-26,1594,5,0,0,0,0,0,0,0,0,0,0,0,0,0,0,1589,0,0
Israel,2022-10-10,1882,6,0,0,0,0,0,0,0,0,0,0,0,0,0,0,1876,0,0
Israel,2022-10-24,1727,8,0,0,0,0,0,0,0,0,0,0,0,0,0,0,1719,0,0
Israel,2022-11-07,1995,0,0,0,0,0,0,0,0,0,0,0,0,0,0,0,1995,0,0
Israel,2022-11-21,687,3,0,0,0,0,0,0,0,0,0,0,0,0,0,0,684,0,0
Israel,2022-12-05,1204,8,0,0,0,0,0,0,0,0,0,0,0,0,0,0,1196,0,0
Israel,2022-12-19,737,9,0,0,0,0,0,0,0,0,0,0,0,0,0,0,728,0,0
Israel,2023-01-02,297,8,0,0,0,0,0,0,0,0,0,0,0,0,0,0,289,0,0
Israel,2023-01-16,391,5,0,0,0,0,0,0,0,0,0,0,0,0,0,0,386,0,0
Israel,2023-01-30,657,16,0,0,0,0,0,0,0,0,0,0,0,0,0,0,641,0,0
Israel,2023-02-13,766,8,0,0,0,0,0,0,0,0,0,0,0,0,0,0,758,0,0
Israel,2023-02-27,681,9,0,0,0,0,0,0,0,0,0,0,0,0,0,0,672,0,0
Israel,2023-03-13,441,7,0,0,0,0,0,0,0,0,0,0,0,0,0,0,434,0,0
Israel,2023-03-27,369,2,0,0,0,0,0,0,0,0,0,0,0,0,0,0,367,0,0
Israel,2023-04-10,49,0,0,0,0,0,0,0,0,0,0,0,0,0,0,0,49,0,0
Israel,2023-05-08,67,0,0,0,0,0,0,0,0,0,0,0,0,0,0,0,67,0,0
Israel,2023-05-22,240,1,0,0,0,0,0,0,0,0,0,0,0,0,0,0,239,0,0
Israel,2023-06-05,145,0,0,0,0,0,0,0,0,0,0,0,0,0,0,0,145,0,0
Israel,2023-06-19,165,1,0,0,0,0,0,0,0,0,0,0,0,0,0,0,164,0,0
Israel,2023-07-03,128,0,0,0,0,0,0,0,0,0,0,0,0,0,0,0,128,0,0
Israel,2023-07-17,111,3,0,0,0,0,0,0,0,0,0,0,0,0,0,0,108,0,0
Israel,2023-07-31,161,5,0,0,0,0,0,0,0,0,0,0,0,0,0,0,156,0,0
Israel,2023-08-14,243,7,0,0,0,0,0,0,0,0,0,0,0,0,0,0,236,0,0
Israel,2023-08-28,361,5,0,0,0,0,0,0,0,0,0,0,0,0,0,0,356,0,0
Israel,2023-09-11,395,2,0,0,0,0,0,0,0,0,0,0,0,0,0,0,393,0,0
Israel,2023-09-25,377,6,0,0,0,0,0,0,0,0,0,0,0,0,0,0,371,0,0
Israel,2023-10-09,194,3,0,0,0,0,0,0,0,0,0,0,0,0,0,0,191,0,0
Israel,2023-10-23,125,2,0,0,0,0,0,0,0,0,0,0,0,0,0,0,123,0,0
Israel,2023-11-06,109,4,0,0,0,0,0,0,0,0,0,0,0,0,0,0,105,0,0
Israel,2023-11-20,158,6,0,0,0,0,0,0,0,0,0,0,0,0,0,0,152,0,0
Israel,2023-12-04,247,6,0,0,0,0,0,0,0,0,0,0,0,0,0,0,241,0,0
Israel,2023-12-18,297,5,0,0,0,0,0,0,0,0,0,0,0,0,0,0,292,0,0
Israel,2024-01-01,346,4,0,0,0,0,0,0,0,0,0,0,0,0,0,0,342,0,0
Israel,2024-01-15,333,2,0,0,0,0,0,0,0,0,0,0,0,0,0,0,331,0,0
Israel,2024-01-29,232,1,0,0,0,0,0,0,0,0,0,0,0,0,0,0,231,0,0
Israel,2024-02-12,151,0,0,0,0,0,0,0,0,0,0,0,0,0,0,0,151,0,0
Israel,2024-02-26,61,0,0,0,0,0,0,0,0,0,0,0,0,0,0,0,61,0,0
Israel,2024-03-11,65,1,0,0,0,0,0,0,0,0,0,0,0,0,0,0,64,0,0
Israel,2024-03-25,36,1,0,0,0,0,0,0,0,0,0,0,0,0,0,0,35,0,0
Israel,2024-04-08,35,0,0,0,0,0,0,0,0,0,0,0,0,0,0,0,35,0,0
Israel,2024-04-22,34,0,0,0,0,0,0,0,0,0,0,0,0,0,0,0,34,0,0
Israel,2024-05-06,58,3,0,0,0,0,0,0,0,0,0,0,0,0,0,0,55,0,0
Israel,2024-07-01,354,2,0,0,0,0,0,0,0,0,0,0,0,0,0,0,352,0,0
Israel,2024-07-15,269,1,0,0,0,0,0,0,0,0,0,0,0,0,0,0,268,0,0
Israel,2024-07-29,171,1,0,0,0,0,0,0,0,0,0,0,0,0,0,0,170,0,0
Italy,2020-04-27,113,0,0,0,0,0,0,0,0,0,0,0,0,0,0,0,0,3,110
Italy,2020-05-11,49,0,0,0,0,0,0,0,0,0,0,0,0,0,0,0,0,1,48
Italy,2020-05-25,36,0,0,0,0,0,0,0,0,0,0,0,0,0,0,0,0,1,35
Italy,2020-06-08,50,0,0,0,0,0,0,0,0,0,0,0,0,0,0,0,0,1,49
Italy,2020-06-22,107,0,0,0,0,0,0,0,0,0,0,0,0,0,0,0,0,3,104
Italy,2020-07-06,32,0,0,0,0,0,0,0,0,0,0,0,0,0,0,0,0,1,31
Italy,2020-07-20,22,0,1,0,0,1,0,0,0,0,0,0,0,0,0,0,0,0,20
Italy,2020-08-03,31,0,1,0,0,6,0,0,0,0,0,0,0,0,0,0,0,0,24
Italy,2020-08-17,137,0,4,2,10,32,0,0,0,0,0,0,0,0,0,0,0,0,89
Italy,2020-08-31,165,0,11,2,7,80,0,0,0,0,0,0,0,0,0,0,0,0,65
Italy,2020-09-14,169,0,9,1,4,115,0,0,0,0,0,0,0,0,0,0,0,0,40
Italy,2020-09-28,154,0,12,1,1,92,0,1,0,0,0,0,0,0,0,0,0,0,47
Italy,2020-10-12,232,0,20,1,3,160,0,3,0,0,0,0,0,0,0,0,0,0,45
Italy,2020-10-26,493,0,90,3,5,296,0,2,0,0,0,0,0,0,0,0,0,0,97
Italy,2020-11-09,245,0,27,0,1,186,0,2,0,0,0,0,0,0,0,0,0,0,29
Italy,2020-11-23,279,0,37,0,5,199,0,2,0,0,0,0,0,0,0,0,0,0,36
Italy,2020-12-07,690,0,105,0,6,439,0,30,0,0,0,0,1,0,0,0,0,0,109
Italy,2020-12-21,763,0,87,0,2,477,0,138,0,1,0,0,0,0,0,0,0,0,58
Italy,2021-01-04,971,0,194,1,12,537,0,173,9,4,0,1,1,0,0,0,0,0,39
Italy,2021-01-18,868,0,144,1,5,337,3,320,19,0,0,0,0,0,0,0,0,0,39
Italy,2021-02-01,2087,0,244,1,2,557,7,1038,166,0,0,1,9,0,0,0,0,0,62
Italy,2021-02-15,3083,0,381,0,0,647,12,1735,126,0,0,0,54,0,0,0,0,0,128
Italy,2021-03-01,4278,0,223,0,0,417,15,3279,167,0,0,0,74,0,0,0,0,0,103
Italy,2021-03-15,4269,0,63,0,0,224,22,3437,150,178,1,0,80,1,0,0,0,0,113
Italy,2021-03-29,3679,0,23,0,0,53,21,3308,143,4,0,0,58,0,0,2,0,0,67
Italy,2021-04-12,4311,0,8,0,0,25,9,3927,214,19,2,0,68,0,0,3,0,0,36
Italy,2021-04-26,2744,0,52,0,0,17,13,2269,182,112,0,0,47,2,0,13,0,0,37
Italy,2021-05-10,2607,0,14,3,0,10,20,2034,340,78,2,0,30,0,0,4,0,0,72
Italy,2021-05-24,1660,0,3,0,0,5,4,1173,209,181,7,0,13,0,5,6,0,0,54
Italy,2021-06-07,1425,0,1,1,0,10,1,736,162,405,0,0,38,1,1,10,0,0,59
Italy,2021-06-21,2403,0,3,0,0,2,4,952,233,1118,0,0,17,2,1,30,0,0,41
Italy,2021-07-05,3735,0,2,0,0,1,2,393,131,3186,0,0,2,0,2,3,0,0,13
Italy,2021-07-19,4834,0,0,0,0,0,3,162,40,4610,0,0,5,0,4,6,0,0,4
Italy,2021-08-02,3489,0,0,0,0,0,2,33,8,3441,0,0,1,0,1,0,0,0,3
Italy,2021-08-16,3153,0,0,0,0,1,0,7,0,3145,0,0,0,0,0,0,0,0,0
Italy,2021-08-30,2821,0,0,0,0,0,0,17,0,2804,0,0,0,0,0,0,0,0,0
Italy,2021-09-13,2400,0,0,0,0,0,1,5,0,2394,0,0,0,0,0,0,0,0,0
Italy,2021-09-27,2326,0,0,0,0,8,0,5,0,2310,0,0,0,0,0,0,0,0,3
Italy,2021-10-11,2453,0,0,0,0,0,0,38,1,2412,0,0,0,0,0,0,0,0,2
Italy,2021-10-25,3288,0,0,0,0,0,0,0,0,3283,0,0,0,0,0,0,0,0,5
Italy,2021-11-08,3821,0,0,0,0,0,0,0,0,3812,0,0,0,0,0,0,1,0,8
Italy,2021-11-22,3186,0,0,0,0,0,0,1,0,3175,0,0,0,0,0,0,9,0,1
Italy,2021-12-06,4106,0,0,0,0,0,0,1,0,3870,0,0,0,0,0,0,233,0,2
Italy,2021-12-20,5125,0,0,0,0,0,0,0,0,2288,0,0,0,0,0,0,2836,0,1
Italy,2022-01-03,4133,0,0,0,0,0,0,0,0,532,0,0,0,0,0,0,3601,0,0
Italy,2022-01-17,4007,0,0,0,0,0,0,0,0,161,0,0,0,0,0,0,3846,0,0
Italy,2022-01-31,4600,0,0,0,0,0,0,0,0,53,0,0,0,0,0,0,4545,0,2
Italy,2022-02-14,2020,0,0,0,0,0,0,0,0,8,0,0,0,0,0,0,2010,0,2
Italy,2022-02-28,2623,15,0,0,0,0,0,1,0,3,0,0,0,0,0,0,2604,0,0
Italy,2022-03-14,2596,4,0,0,0,0,0,0,0,1,0,0,0,0,0,0,2590,0,1
Italy,2022-03-28,4191,24,0,0,0,0,0,0,0,0,0,0,0,0,0,0,4165,2,0
Italy,2022-04-11,2531,15,0,0,0,0,0,0,0,0,0,0,0,0,0,0,2515,1,0
Italy,2022-04-25,3679,26,0,0,0,0,0,0,0,1,0,0,0,0,0,0,3650,0,2
Italy,2022-05-09,2089,12,0,0,0,0,0,0,0,0,0,0,0,0,0,0,2077,0,0
Italy,2022-05-23,1500,4,0,0,0,0,0,0,0,1,0,0,0,0,0,0,1495,0,0
Italy,2022-06-06,2257,5,0,0,0,0,0,0,0,0,0,0,0,0,0,0,2252,0,0
Italy,2022-06-20,2182,4,0,0,0,0,0,0,0,0,0,0,0,0,0,0,2178,0,0
Italy,2022-07-04,3809,9,0,0,0,0,0,0,0,0,0,0,0,0,0,0,3800,0,0
Italy,2022-07-18,2359,13,0,0,0,0,0,0,0,0,0,0,0,0,0,0,2346,0,0
Italy,2022-08-01,2284,11,0,0,0,0,0,0,0,0,0,0,0,0,0,0,2273,0,0
Italy,2022-08-15,983,4,0,0,0,0,0,0,0,0,0,0,0,0,0,0,979,0,0
Italy,2022-08-29,1427,16,0,0,0,0,0,0,0,0,0,0,0,0,0,0,1411,0,0
Italy,2022-09-12,1298,2,0,0,0,0,0,0,0,0,0,0,0,0,0,0,1296,0,0
Italy,2022-09-26,2008,4,0,0,0,0,0,0,0,0,0,0,0,0,0,0,2004,0,0
Italy,2022-10-10,1824,3,0,0,0,0,0,0,0,0,0,0,0,0,0,0,1821,0,0
Italy,2022-10-24,1419,2,0,0,0,0,0,0,0,0,0,0,0,0,0,0,1417,0,0
Italy,2022-11-07,2021,4,0,0,0,0,0,0,0,0,0,0,0,0,0,0,2017,0,0
Italy,2022-11-21,1404,8,0,0,0,0,0,0,0,0,0,0,0,0,0,0,1396,0,0
Italy,2022-12-05,2371,17,0,0,0,0,0,0,0,0,0,0,0,0,0,0,2354,0,0
Italy,2022-12-19,1244,14,0,0,0,0,0,0,0,0,0,0,0,0,0,0,1230,0,0
Italy,2023-01-02,1936,49,0,0,0,0,0,0,0,0,0,0,0,0,0,0,1887,0,0
Italy,2023-01-16,1327,91,0,0,0,0,0,0,0,0,0,0,0,0,0,0,1236,0,0
Italy,2023-01-30,1183,80,0,0,0,0,0,0,0,0,0,0,0,0,0,0,1103,0,0
Italy,2023-02-13,1126,43,0,0,0,0,0,0,0,0,0,0,0,0,0,0,1083,0,0
Italy,2023-02-27,1126,68,0,0,0,0,0,0,0,0,0,0,0,0,0,0,1058,0,0
Italy,2023-03-13,886,31,0,0,0,0,0,0,0,0,0,0,0,0,0,0,855,0,0
Italy,2023-03-27,985,25,0,0,0,0,0,0,0,0,0,0,0,0,0,0,960,0,0
Italy,2023-04-10,819,4,0,0,0,0,0,0,0,0,0,0,0,0,0,0,815,0,0
Italy,2023-04-24,611,6,0,0,0,0,0,0,0,0,0,0,0,0,0,0,605,0,0
Italy,2023-05-08,499,11,0,0,0,0,0,0,0,0,0,0,0,0,0,0,488,0,0
Italy,2023-05-22,429,7,0,0,0,0,0,0,0,0,0,0,0,0,0,0,422,0,0
Italy,2023-06-05,352,3,0,0,0,0,0,0,0,0,0,0,0,0,0,0,349,0,0
Italy,2023-06-19,150,3,0,0,0,0,0,0,0,0,0,0,0,0,0,0,147,0,0
Italy,2023-07-03,199,2,0,0,0,0,0,0,0,0,0,0,0,0,0,0,197,0,0
Italy,2023-07-17,142,5,0,0,0,0,0,0,0,0,0,0,0,0,0,0,137,0,0
Italy,2023-07-31,207,4,0,0,0,0,0,0,0,0,0,0,0,0,0,0,203,0,0
Italy,2023-08-14,487,15,0,0,0,0,0,0,0,0,0,0,0,0,0,0,472,0,0
Italy,2023-08-28,657,27,0,0,0,0,0,0,0,0,0,0,0,0,0,0,630,0,0
Italy,2023-09-11,916,28,0,0,0,0,0,0,0,0,0,0,0,0,0,0,888,0,0
Italy,2023-09-25,731,31,0,0,0,0,0,0,0,0,0,0,0,0,0,0,700,0,0
Italy,2023-10-09,799,29,0,0,0,0,0,0,0,0,0,0,0,0,0,0,770,0,0
Italy,2023-10-23,521,30,0,0,0,0,0,0,0,0,0,0,0,0,0,0,491,0,0
Italy,2023-11-06,817,34,0,0,0,0,0,0,0,0,0,0,0,0,0,0,783,0,0
Italy,2023-11-20,704,25,0,0,0,0,0,0,0,0,0,0,0,0,0,0,679,0,0
Italy,2023-12-04,994,44,0,0,0,0,0,0,0,0,0,0,0,0,0,0,950,0,0
Italy,2023-12-18,488,16,0,0,0,0,0,0,0,0,0,0,0,0,0,0,472,0,0
Italy,2024-01-01,457,12,0,0,0,0,0,0,0,0,0,0,0,0,0,0,445,0,0
Italy,2024-01-15,388,12,0,0,0,0,0,0,0,0,0,0,0,0,0,0,376,0,0
Italy,2024-01-29,176,9,0,0,0,0,0,0,0,0,0,0,0,0,0,0,167,0,0
Italy,2024-02-12,129,6,0,0,0,0,0,0,0,0,0,0,0,0,0,0,123,0,0
Italy,2024-02-26,52,1,0,0,0,0,0,0,0,0,0,0,0,0,0,0,51,0,0
Italy,2024-03-11,20,0,0,0,0,0,0,0,0,0,0,0,0,0,0,0,20,0,0
Italy,2024-03-25,31,0,0,0,0,0,0,0,0,0,0,0,0,0,0,0,31,0,0
Italy,2024-04-08,23,1,0,0,0,0,0,0,0,0,0,0,0,0,0,0,22,0,0
Italy,2024-04-22,27,0,0,0,0,0,0,0,0,0,0,0,0,0,0,0,27,0,0
Italy,2024-05-06,76,1,0,0,0,0,0,0,0,0,0,0,0,0,0,0,75,0,0
Italy,2024-07-01,204,0,0,0,0,0,0,0,0,0,0,0,0,0,0,0,204,0,0
Italy,2024-07-15,274,1,0,0,0,0,0,0,0,0,0,0,0,0,0,0,273,0,0
Italy,2024-07-29,406,2,0,0,0,0,0,0,0,0,0,0,0,0,0,0,404,0,0
Jamaica,2020-12-21,2,0,0,0,0,0,0,2,0,0,0,0,0,0,0,0,0,0,0
Jamaica,2021-01-18,10,0,0,0,0,1,0,8,0,0,0,0,0,0,0,0,0,0,1
Jamaica,2021-02-01,3,0,0,0,0,0,0,2,0,1,0,0,0,0,0,0,0,0,0
Jamaica,2021-02-15,83,0,0,0,0,0,0,83,0,0,0,0,0,0,0,0,0,0,0
Jamaica,2021-03-01,32,0,0,0,0,0,0,31,0,0,0,0,0,1,0,0,0,0,0
Jamaica,2021-03-15,1,0,0,0,0,0,0,1,0,0,0,0,0,0,0,0,0,0,0
Jamaica,2021-03-29,12,0,0,0,0,0,0,8,0,4,0,0,0,0,0,0,0,0,0
Jamaica,2021-04-12,11,0,0,0,0,0,0,11,0,0,0,0,0,0,0,0,0,0,0
Jamaica,2021-04-26,12,0,0,0,0,0,0,12,0,0,0,0,0,0,0,0,0,0,0
Jamaica,2021-05-10,30,0,0,0,0,1,0,28,0,0,0,0,0,0,0,0,0,0,1
Jamaica,2021-05-24,14,0,0,0,0,0,0,13,0,0,0,0,0,0,0,1,0,0,0
Jamaica,2021-07-05,13,0,0,0,0,0,0,0,0,8,0,0,0,0,0,5,0,0,0
Jamaica,2021-07-19,77,0,0,0,0,0,0,3,0,56,0,0,0,0,0,18,0,0,0
Jamaica,2021-08-02,36,0,0,0,0,0,0,4,0,28,0,0,0,0,0,4,0,0,0
Jamaica,2021-08-16,14,0,0,0,0,0,0,1,0,13,0,0,0,0,0,0,0,0,0
Jamaica,2021-08-30,6,0,0,0,0,0,0,0,0,6,0,0,0,0,0,0,0,0,0
Jamaica,2021-09-27,1,0,0,0,0,0,0,0,0,1,0,0,0,0,0,0,0,0,0
Jamaica,2021-10-11,18,0,0,0,0,0,0,0,0,18,0,0,0,0,0,0,0,0,0
Jamaica,2021-10-25,41,0,0,0,0,0,0,0,0,41,0,0,0,0,0,0,0,0,0
Jamaica,2021-11-08,53,0,0,0,0,0,0,0,0,53,0,0,0,0,0,0,0,0,0
Jamaica,2021-11-22,58,0,0,0,0,0,0,0,0,58,0,0,0,0,0,0,0,0,0
Jamaica,2021-12-06,115,0,0,0,0,0,0,0,0,92,0,0,0,0,0,0,23,0,0
Jamaica,2021-12-20,130,0,0,0,0,0,0,0,0,13,0,0,0,0,0,0,117,0,0
Jamaica,2022-01-03,170,0,0,0,0,0,0,0,0,0,0,0,0,0,0,0,170,0,0
Jamaica,2022-01-17,133,0,0,0,0,0,0,0,0,1,0,0,0,0,0,0,132,0,0
Jamaica,2022-01-31,101,0,0,0,0,0,0,0,0,0,0,0,0,0,0,0,101,0,0
Jamaica,2022-02-14,90,0,0,0,0,0,0,0,0,0,0,0,0,0,0,0,90,0,0
Jamaica,2022-02-28,15,0,0,0,0,0,0,0,0,0,0,0,0,0,0,0,15,0,0
Jamaica,2022-03-14,17,0,0,0,0,0,0,0,0,0,0,0,0,0,0,0,17,0,0
Jamaica,2022-03-28,76,0,0,0,0,0,0,0,0,0,0,0,0,0,0,0,76,0,0
Jamaica,2022-04-11,132,0,0,0,0,0,0,0,0,0,0,0,0,0,0,0,132,0,0
Jamaica,2022-04-25,181,0,0,0,0,0,0,0,0,0,0,0,0,0,0,0,181,0,0
Jamaica,2022-05-09,503,2,0,0,0,0,0,0,0,0,0,0,0,0,0,0,501,0,0
Jamaica,2022-05-23,137,1,0,0,0,0,0,0,0,0,0,0,0,0,0,0,136,0,0
Jamaica,2022-06-06,198,0,0,0,0,0,0,0,0,0,0,0,0,0,0,0,198,0,0
Jamaica,2022-06-20,85,0,0,0,0,0,0,0,0,0,0,0,0,0,0,0,85,0,0
Jamaica,2022-07-04,97,0,0,0,0,0,0,0,0,0,0,0,0,0,0,0,97,0,0
Jamaica,2022-07-18,190,0,0,0,0,0,0,0,0,0,0,0,0,0,0,0,190,0,0
Jamaica,2022-08-01,111,0,0,0,0,0,0,0,0,0,0,0,0,0,0,0,111,0,0
Jamaica,2022-08-15,141,0,0,0,0,0,0,0,0,0,0,0,0,0,0,0,141,0,0
Jamaica,2022-08-29,129,0,0,0,0,0,0,0,0,0,0,0,0,0,0,0,129,0,0
Jamaica,2022-09-12,97,0,0,0,0,0,0,0,0,0,0,0,0,0,0,0,97,0,0
Jamaica,2022-09-26,41,0,0,0,0,0,0,0,0,0,0,0,0,0,0,0,41,0,0
Jamaica,2022-10-10,11,0,0,0,0,0,0,0,0,0,0,0,0,0,0,0,11,0,0
Jamaica,2022-10-24,17,0,0,0,0,0,0,0,0,0,0,0,0,0,0,0,17,0,0
Jamaica,2022-11-07,22,0,0,0,0,0,0,0,0,0,0,0,0,0,0,0,22,0,0
Jamaica,2022-11-21,7,0,0,0,0,0,0,0,0,0,0,0,0,0,0,0,7,0,0
Jamaica,2022-12-05,4,0,0,0,0,0,0,0,0,0,0,0,0,0,0,0,4,0,0
Jamaica,2022-12-19,27,0,0,0,0,0,0,0,0,0,0,0,0,0,0,0,27,0,0
Jamaica,2023-01-02,127,0,0,0,0,0,0,0,0,0,0,0,0,0,0,0,127,0,0
Jamaica,2023-01-16,53,0,0,0,0,0,0,0,0,0,0,0,0,0,0,0,53,0,0
Jamaica,2023-01-30,60,0,0,0,0,0,0,0,0,0,0,0,0,0,0,0,60,0,0
Jamaica,2023-02-13,37,0,0,0,0,0,0,0,0,0,0,0,0,0,0,0,37,0,0
Jamaica,2023-02-27,22,0,0,0,0,0,0,0,0,0,0,0,0,0,0,0,22,0,0
Jamaica,2023-03-13,2,0,0,0,0,0,0,0,0,0,0,0,0,0,0,0,2,0,0
Jamaica,2023-03-27,3,0,0,0,0,0,0,0,0,0,0,0,0,0,0,0,3,0,0
Jamaica,2023-04-10,1,0,0,0,0,0,0,0,0,0,0,0,0,0,0,0,1,0,0
Jamaica,2023-04-24,5,0,0,0,0,0,0,0,0,0,0,0,0,0,0,0,5,0,0
Jamaica,2023-05-08,4,0,0,0,0,0,0,0,0,0,0,0,0,0,0,0,4,0,0
Jamaica,2023-07-03,65,0,0,0,0,0,0,0,0,0,0,0,0,0,0,0,65,0,0
Jamaica,2023-07-17,26,0,0,0,0,0,0,0,0,0,0,0,0,0,0,0,26,0,0
Jamaica,2023-08-28,14,0,0,0,0,0,0,0,0,0,0,0,0,0,0,0,14,0,0
Jamaica,2023-09-11,5,0,0,0,0,0,0,0,0,0,0,0,0,0,0,0,5,0,0
Japan,2020-04-27,421,0,0,0,0,0,0,0,0,0,0,0,0,0,0,0,0,0,421
Japan,2020-05-11,117,0,0,0,0,0,0,0,0,0,0,0,0,0,0,0,0,0,117
Japan,2020-05-25,149,0,0,0,0,0,0,0,0,0,0,0,0,0,0,0,0,0,149
Japan,2020-06-08,191,0,0,0,0,0,0,0,0,0,0,0,0,0,0,0,0,0,191
Japan,2020-06-22,389,0,0,0,0,0,0,0,0,0,0,0,0,0,0,0,0,0,389
Japan,2020-07-06,805,0,0,0,0,0,0,0,0,0,0,0,0,0,0,0,0,0,805
Japan,2020-07-20,1921,0,0,0,0,0,0,0,0,0,0,0,0,0,0,0,0,0,1921
Japan,2020-08-03,2163,0,0,0,0,0,0,0,0,0,0,0,0,0,0,0,0,0,2163
Japan,2020-08-17,1502,0,0,0,0,0,0,0,0,0,0,0,0,0,0,0,0,0,1502
Japan,2020-08-31,793,0,2,0,0,0,0,0,0,0,0,0,0,0,0,0,0,0,791
Japan,2020-09-14,529,0,2,1,0,0,0,0,0,0,0,0,0,0,0,0,0,0,526
Japan,2020-09-28,558,0,3,0,6,2,0,0,0,0,0,0,0,0,0,0,0,0,547
Japan,2020-10-12,705,0,4,0,14,4,0,0,0,0,0,0,0,0,0,0,0,0,683
Japan,2020-10-26,839,0,5,1,6,1,0,0,0,0,0,0,0,0,0,0,0,0,826
Japan,2020-11-09,1860,0,3,0,4,1,0,0,0,0,0,0,0,0,0,0,0,2,1850
Japan,2020-11-23,2042,0,1,1,37,2,0,1,0,0,0,0,0,0,0,0,0,0,2000
Japan,2020-12-07,2317,0,4,0,1,2,1,4,0,0,0,1,0,0,0,0,0,0,2304
Japan,2020-12-21,2645,0,0,1,0,2,1,25,4,0,0,5,0,0,0,0,0,1,2606
Japan,2021-01-04,4594,0,1,0,0,2,3,30,0,0,0,6,1,0,0,0,0,3,4548
Japan,2021-01-18,3223,0,1,0,0,0,7,90,0,1,0,4,5,0,0,0,0,0,3115
Japan,2021-02-01,1767,0,0,0,0,0,1,107,4,0,0,0,1,1,0,0,0,0,1653
Japan,2021-02-15,1211,0,0,0,0,0,8,114,9,0,0,1,4,0,0,0,0,0,1075
Japan,2021-03-01,1739,0,0,0,0,0,2,313,21,0,0,0,0,0,0,0,0,0,1403
Japan,2021-03-15,2895,0,0,0,0,0,13,1134,14,1,0,1,3,2,0,0,0,0,1727
Japan,2021-03-29,4915,0,0,0,0,0,20,2984,20,9,5,0,1,0,0,0,0,0,1876
Japan,2021-04-12,7812,0,0,0,0,0,10,6070,11,22,11,1,1,0,0,0,0,0,1686
Japan,2021-04-26,10934,0,0,0,0,0,9,9659,15,114,4,0,1,0,0,0,0,0,1132
Japan,2021-05-10,8648,0,0,0,0,0,4,7995,5,125,0,0,0,0,0,0,0,1,518
Japan,2021-05-24,4729,0,0,0,0,0,4,4347,0,143,0,0,1,0,0,0,0,0,234
Japan,2021-06-07,4320,0,0,0,0,0,5,3945,2,322,0,0,0,0,0,0,0,0,46
Japan,2021-06-21,4577,0,0,1,0,0,5,3719,2,830,0,0,0,0,0,1,0,0,19
Japan,2021-07-05,7540,0,0,0,0,0,5,4394,1,3132,0,0,0,0,0,1,0,0,7
Japan,2021-07-19,16719,0,0,0,0,0,3,4147,1,12560,0,0,0,0,1,0,0,0,7
Japan,2021-08-02,21063,3,0,0,0,0,0,1765,2,19285,0,0,0,0,2,1,0,0,5
Japan,2021-08-16,32501,3,0,0,0,0,0,952,6,31534,0,0,0,0,0,0,0,0,6
Japan,2021-08-30,16555,12,0,0,0,0,0,169,3,16369,0,0,0,0,1,0,0,0,1
Japan,2021-09-13,5516,4,0,0,0,0,0,15,0,5496,0,0,0,0,0,0,0,0,1
Japan,2021-09-27,1888,1,0,0,0,0,0,1,1,1885,0,0,0,0,0,0,0,0,0
Japan,2021-10-11,776,1,0,0,0,0,0,0,0,775,0,0,0,0,0,0,0,0,0
Japan,2021-10-25,555,0,0,0,0,0,0,0,0,555,0,0,0,0,0,0,0,0,0
Japan,2021-11-08,405,0,0,0,0,0,0,0,0,405,0,0,0,0,0,0,0,0,0
Japan,2021-11-22,319,0,0,0,0,0,0,0,0,308,0,0,0,0,0,0,11,0,0
Japan,2021-12-06,747,0,0,0,0,0,0,0,0,571,0,0,0,0,0,0,176,0,0
Japan,2021-12-20,2521,0,0,0,0,0,0,0,0,902,0,0,0,0,0,0,1619,0,0
Japan,2022-01-03,21612,0,0,0,0,0,0,0,0,1415,0,0,0,0,0,0,20197,0,0
Japan,2022-01-17,22329,1,0,0,0,0,0,0,0,314,0,0,0,0,0,0,22014,0,0
Japan,2022-01-31,12119,0,0,0,0,0,0,0,0,74,0,0,0,0,0,0,12045,0,0
Japan,2022-02-14,10358,2,0,0,0,0,0,0,0,21,0,0,0,0,0,0,10335,0,0
Japan,2022-02-28,9595,2,0,0,0,0,0,0,0,9,0,0,0,0,0,0,9584,0,0
Japan,2022-03-14,9190,9,0,0,0,0,0,0,0,3,0,0,0,0,0,0,9178,0,0
Japan,2022-03-28,11924,10,0,0,0,0,0,0,0,1,0,0,0,0,0,0,11913,0,0
Japan,2022-04-11,10642,9,0,0,0,0,0,0,0,0,0,0,0,0,0,0,10633,0,0
Japan,2022-04-25,9990,19,0,0,0,0,0,0,0,0,0,0,0,0,0,0,9971,0,0
Japan,2022-05-09,11575,39,0,0,0,0,0,0,0,0,0,0,0,0,0,0,11536,0,0
Japan,2022-05-23,9113,32,0,0,0,0,0,0,0,0,0,0,0,0,0,0,9081,0,0
Japan,2022-06-06,7492,15,0,0,0,0,0,0,0,0,0,0,0,0,0,0,7477,0,0
Japan,2022-06-20,10306,22,0,0,0,0,0,0,0,0,0,0,0,0,0,0,10284,0,0
Japan,2022-07-04,30637,30,0,0,0,0,0,0,0,0,0,0,0,0,0,0,30607,0,0
Japan,2022-07-18,24433,34,0,0,0,0,0,0,0,0,0,0,0,0,0,0,24399,0,0
Japan,2022-08-01,17790,32,0,0,0,0,0,0,0,0,0,0,0,0,0,0,17758,0,0
Japan,2022-08-15,18209,25,0,0,0,0,0,0,0,0,0,0,0,0,0,0,18184,0,0
Japan,2022-08-29,13725,42,0,0,0,0,0,0,0,0,0,0,0,0,0,0,13683,0,0
Japan,2022-09-12,10891,27,0,0,0,0,0,0,0,0,0,0,0,0,0,0,10864,0,0
Japan,2022-09-26,8660,13,0,0,0,0,0,0,0,0,0,0,0,0,0,0,8647,0,0
Japan,2022-10-10,8914,9,0,0,0,0,0,0,0,0,0,0,0,0,0,0,8905,0,0
Japan,2022-10-24,10040,17,0,0,0,0,0,0,0,0,0,0,0,0,0,0,10023,0,0
Japan,2022-11-07,14533,34,0,0,0,0,0,0,0,0,0,0,0,0,0,0,14499,0,0
Japan,2022-11-21,18038,71,0,0,0,0,0,0,0,0,0,0,0,0,0,0,17967,0,0
Japan,2022-12-05,20182,55,0,0,0,0,0,0,0,0,0,0,0,0,0,0,20127,0,0
Japan,2022-12-19,17723,76,0,0,0,0,0,0,0,0,0,0,0,0,0,0,17647,0,0
Japan,2023-01-02,14796,76,0,0,0,0,0,0,0,0,0,0,0,0,0,0,14720,0,0
Japan,2023-01-16,10171,92,0,0,0,0,0,0,0,0,0,0,0,0,0,0,10079,0,0
Japan,2023-01-30,6626,80,0,0,0,0,0,0,0,0,0,0,0,0,0,0,6546,0,0
Japan,2023-02-13,4112,45,0,0,0,0,0,0,0,0,0,0,0,0,0,0,4067,0,0
Japan,2023-02-27,2806,38,0,0,0,0,0,0,0,0,0,0,0,0,0,0,2768,0,0
Japan,2023-03-13,2457,53,0,0,0,0,0,0,0,0,0,0,0,0,0,0,2404,0,0
Japan,2023-03-27,2681,40,0,0,0,0,0,0,0,0,0,0,0,0,0,0,2641,0,0
Japan,2023-04-10,2965,33,0,0,0,0,0,0,0,0,0,0,0,0,0,0,2932,0,0
Japan,2023-04-24,3456,30,0,0,0,0,0,0,0,0,0,0,0,0,0,0,3426,0,0
Japan,2023-05-08,1553,20,0,0,0,0,0,0,0,0,0,0,0,0,0,0,1533,0,0
Japan,2023-05-22,2025,38,0,0,0,0,0,0,0,0,0,0,0,0,0,0,1987,0,0
Japan,2023-06-05,2537,28,0,0,0,0,0,0,0,0,0,0,0,0,0,0,2509,0,0
Japan,2023-06-19,2946,24,0,0,0,0,0,0,0,0,0,0,0,0,0,0,2922,0,0
Japan,2023-07-03,3365,49,0,0,0,0,0,0,0,0,0,0,0,0,0,0,3316,0,0
Japan,2023-07-17,4199,51,0,0,0,0,0,0,0,0,0,0,0,0,0,0,4148,0,0
Japan,2023-07-31,4254,50,0,0,0,0,0,0,0,0,0,0,0,0,0,0,4204,0,0
Japan,2023-08-14,4442,35,0,0,0,0,0,0,0,0,0,0,0,0,0,0,4407,0,0
Japan,2023-08-28,4362,55,0,0,0,0,0,0,0,0,0,0,0,0,0,0,4307,0,0
Japan,2023-09-11,3471,36,0,0,0,0,0,0,0,0,0,0,0,0,0,0,3435,0,0
Japan,2023-09-25,2419,39,0,0,0,0,0,0,0,0,0,0,0,0,0,0,2380,0,0
Japan,2023-10-09,1492,26,0,0,0,0,0,0,0,0,0,0,0,0,0,0,1466,0,0
Japan,2023-10-23,1144,39,0,0,0,0,0,0,0,0,0,0,0,0,0,0,1105,0,0
Japan,2023-11-06,915,35,0,0,0,0,0,0,0,0,0,0,0,0,0,0,880,0,0
Japan,2023-11-20,974,21,0,0,0,0,0,0,0,0,0,0,0,0,0,0,953,0,0
Japan,2023-12-04,1323,42,0,0,0,0,0,0,0,0,0,0,0,0,0,0,1281,0,0
Japan,2023-12-18,1350,36,0,0,0,0,0,0,0,0,0,0,0,0,0,0,1314,0,0
Japan,2024-01-01,1836,82,0,0,0,0,0,0,0,0,0,0,0,0,0,0,1754,0,0
Japan,2024-01-15,2270,117,0,0,0,0,0,0,0,0,0,0,0,0,0,0,2153,0,0
Japan,2024-01-29,2270,149,0,0,0,0,0,0,0,0,0,0,0,0,0,0,2121,0,0
Japan,2024-02-12,1638,206,0,0,0,0,0,0,0,0,0,0,0,0,0,0,1432,0,0
Japan,2024-02-26,1527,330,0,0,0,0,0,0,0,0,0,0,0,0,0,0,1197,0,0
Japan,2024-03-11,1353,427,0,0,0,0,0,0,0,0,0,0,0,0,0,0,926,0,0
Japan,2024-03-25,1176,456,0,0,0,0,0,0,0,0,0,0,0,0,0,0,720,0,0
Japan,2024-04-08,720,279,0,0,0,0,0,0,0,0,0,0,0,0,0,0,441,0,0
Japan,2024-04-22,640,222,0,0,0,0,0,0,0,0,0,0,0,0,0,0,418,0,0
Japan,2024-05-06,719,173,0,0,0,0,0,0,0,0,0,0,0,0,0,0,546,0,0
Japan,2024-07-01,1496,21,0,0,0,0,0,0,0,0,0,0,0,0,0,0,1475,0,0
Japan,2024-07-15,1850,10,0,0,0,0,0,0,0,0,0,0,0,0,0,0,1840,0,0
Japan,2024-07-29,1667,9,0,0,0,0,0,0,0,0,0,0,0,0,0,0,1658,0,0
Jordan,2020-05-25,2,0,0,0,0,0,0,0,0,0,0,0,0,0,0,0,0,0,2
Jordan,2020-06-08,1,0,0,0,0,0,0,0,0,0,0,0,0,0,0,0,0,0,1
Jordan,2020-06-22,3,0,0,0,0,0,0,0,0,0,0,1,0,0,0,0,0,0,2
Jordan,2020-08-03,1,0,0,0,0,0,0,0,0,0,0,0,0,0,0,0,0,0,1
Jordan,2020-08-17,13,0,0,0,0,0,0,0,0,0,0,2,0,0,0,0,0,0,11
Jordan,2020-08-31,27,0,0,0,0,0,0,0,0,0,0,4,0,1,0,0,0,1,21
Jordan,2020-09-14,15,0,0,0,0,0,0,0,0,0,0,3,0,0,0,0,0,0,12
Jordan,2020-09-28,316,0,0,0,0,0,0,0,0,0,0,50,0,7,0,0,0,7,252
Jordan,2020-10-12,92,0,0,0,0,0,0,0,0,0,0,15,0,2,0,0,0,2,73
Jordan,2020-10-26,50,0,0,0,0,0,0,0,0,0,0,8,0,1,0,0,0,1,40
Jordan,2020-11-23,2,0,0,0,0,0,0,0,0,0,0,0,0,0,0,0,0,0,2
Jordan,2020-12-07,2,0,0,0,0,0,0,2,0,0,0,0,0,0,0,0,0,0,0
Jordan,2020-12-21,9,0,0,0,0,1,0,7,0,0,0,0,0,0,0,0,0,0,1
Jordan,2021-01-04,43,0,1,0,0,4,0,31,0,0,0,1,2,0,0,0,0,0,4
Jordan,2021-01-18,21,0,1,0,0,2,0,15,0,0,0,0,0,0,0,0,0,0,3
Jordan,2021-02-01,19,0,2,0,0,4,0,8,0,0,0,0,0,0,0,0,0,0,5
Jordan,2021-02-15,11,0,0,0,0,1,0,9,0,0,0,0,0,0,0,0,0,0,1
Jordan,2021-03-01,21,0,0,0,0,0,3,8,8,0,0,0,0,1,0,0,0,0,1
Jordan,2021-03-15,22,0,1,0,0,2,0,17,0,0,0,0,0,0,0,0,0,0,2
Jordan,2021-03-29,12,0,0,0,0,1,0,9,0,0,1,0,0,0,0,0,0,0,1
Jordan,2021-04-12,15,0,1,0,0,1,2,7,0,0,2,0,0,0,0,0,0,0,2
Jordan,2021-04-26,16,0,0,0,0,0,0,5,2,4,0,0,0,0,0,1,0,0,4
Jordan,2021-05-10,15,0,0,0,0,0,0,8,1,5,0,0,0,0,0,0,0,0,1
Jordan,2021-05-24,23,0,0,0,0,0,0,5,0,16,0,0,0,0,0,1,0,0,1
Jordan,2021-06-07,17,0,0,0,0,0,0,4,0,13,0,0,0,0,0,0,0,0,0
Jordan,2021-06-21,12,0,0,0,0,0,0,4,0,8,0,0,0,0,0,0,0,0,0
Jordan,2021-07-05,11,0,0,0,0,0,0,1,0,9,0,0,0,0,0,1,0,0,0
Jordan,2021-07-19,8,0,0,0,0,0,0,0,0,8,0,0,0,0,0,0,0,0,0
Jordan,2021-08-02,9,0,0,0,0,0,0,1,0,8,0,0,0,0,0,0,0,0,0
Jordan,2021-08-16,13,0,0,0,0,0,0,0,0,13,0,0,0,0,0,0,0,0,0
Jordan,2021-08-30,39,0,0,0,0,0,0,0,0,39,0,0,0,0,0,0,0,0,0
Jordan,2021-09-13,76,0,0,0,0,0,0,1,0,75,0,0,0,0,0,0,0,0,0
Jordan,2021-09-27,43,0,0,0,0,0,0,0,0,43,0,0,0,0,0,0,0,0,0
Jordan,2021-10-11,64,0,0,0,0,0,0,0,0,64,0,0,0,0,0,0,0,0,0
Jordan,2021-10-25,50,0,0,0,0,0,0,1,0,49,0,0,0,0,0,0,0,0,0
Jordan,2021-11-08,56,0,0,0,0,0,0,0,0,56,0,0,0,0,0,0,0,0,0
Jordan,2021-11-22,22,0,0,0,0,0,0,0,0,22,0,0,0,0,0,0,0,0,0
Jordan,2021-12-06,57,0,0,0,0,0,0,0,0,37,0,0,0,0,0,0,20,0,0
Jordan,2021-12-20,23,0,0,0,0,0,0,0,0,15,0,0,0,0,0,0,8,0,0
Jordan,2022-01-03,40,0,0,0,0,0,0,0,0,7,0,0,0,0,0,0,33,0,0
Jordan,2022-01-17,10,0,0,0,0,0,0,0,0,3,0,0,0,0,0,0,7,0,0
Jordan,2022-01-31,6,0,0,0,0,0,0,0,0,0,0,0,0,0,0,0,6,0,0
Jordan,2022-02-14,4,0,0,0,0,0,0,0,0,0,0,0,0,0,0,0,4,0,0
Jordan,2022-03-14,22,0,0,0,0,0,0,0,0,0,0,0,0,0,0,0,22,0,0
Jordan,2022-03-28,4,0,0,0,0,0,0,0,0,0,0,0,0,0,0,0,4,0,0
Jordan,2022-04-25,8,0,0,0,0,0,0,0,0,0,0,0,0,0,0,0,8,0,0
Jordan,2022-05-09,29,0,0,0,0,0,0,0,0,0,0,0,0,0,0,0,29,0,0
Jordan,2022-05-23,2,0,0,0,0,0,0,0,0,0,0,0,0,0,0,0,2,0,0
Jordan,2022-06-06,1,0,0,0,0,0,0,0,0,0,0,0,0,0,0,0,1,0,0
Jordan,2022-06-20,3,0,0,0,0,0,0,0,0,0,0,0,0,0,0,0,3,0,0
Jordan,2022-07-18,8,0,0,0,0,0,0,0,0,0,0,0,0,0,0,0,8,0,0
Jordan,2022-08-15,2,0,0,0,0,0,0,0,0,0,0,0,0,0,0,0,2,0,0
Jordan,2022-09-12,2,0,0,0,0,0,0,0,0,0,0,0,0,0,0,0,2,0,0
Jordan,2022-09-26,5,0,0,0,0,0,0,0,0,0,0,0,0,0,0,0,5,0,0
Jordan,2022-10-10,3,0,0,0,0,0,0,0,0,0,0,0,0,0,0,0,3,0,0
Jordan,2022-10-24,5,0,0,0,0,0,0,0,0,0,0,0,0,0,0,0,5,0,0
Jordan,2022-11-07,5,0,0,0,0,0,0,0,0,0,0,0,0,0,0,0,5,0,0
Jordan,2022-12-05,5,0,0,0,0,0,0,0,0,0,0,0,0,0,0,0,5,0,0
Jordan,2023-01-02,4,0,0,0,0,0,0,0,0,0,0,0,0,0,0,0,4,0,0
Jordan,2023-01-30,7,0,0,0,0,0,0,0,0,0,0,0,0,0,0,0,7,0,0
Jordan,2023-02-27,1,0,0,0,0,0,0,0,0,0,0,0,0,0,0,0,1,0,0
Jordan,2023-03-13,4,0,0,0,0,0,0,0,0,0,0,0,0,0,0,0,4,0,0
Jordan,2023-03-27,1,0,0,0,0,0,0,0,0,0,0,0,0,0,0,0,1,0,0
Jordan,2023-05-22,1,0,0,0,0,0,0,0,0,0,0,0,0,0,0,0,1,0,0
Jordan,2023-07-03,2,0,0,0,0,0,0,0,0,0,0,0,0,0,0,0,2,0,0
Jordan,2023-07-17,1,0,0,0,0,0,0,0,0,0,0,0,0,0,0,0,1,0,0
Jordan,2023-08-14,5,0,0,0,0,0,0,0,0,0,0,0,0,0,0,0,5,0,0
Jordan,2023-08-28,5,1,0,0,0,0,0,0,0,0,0,0,0,0,0,0,4,0,0
Jordan,2023-09-11,3,1,0,0,0,0,0,0,0,0,0,0,0,0,0,0,2,0,0
Jordan,2023-12-18,1,0,0,0,0,0,0,0,0,0,0,0,0,0,0,0,1,0,0
Jordan,2024-07-29,3,0,0,0,0,0,0,0,0,0,0,0,0,0,0,0,3,0,0
Kazakhstan,2020-04-27,2,0,0,0,0,0,0,0,0,0,0,0,0,0,0,0,0,0,2
Kazakhstan,2020-05-11,1,0,0,0,0,0,0,0,0,0,0,0,0,0,0,0,0,0,1
Kazakhstan,2020-06-08,2,0,0,0,0,0,0,0,0,0,0,0,0,0,0,0,0,0,2
Kazakhstan,2020-06-22,13,0,0,0,0,0,0,0,0,0,0,2,0,0,0,0,0,0,11
Kazakhstan,2020-08-03,1,0,0,0,0,0,0,0,0,0,0,0,0,0,0,0,0,0,1
Kazakhstan,2020-11-09,9,0,0,0,0,0,0,0,0,0,0,2,0,0,0,0,0,0,7
Kazakhstan,2020-11-23,2,0,0,0,0,0,0,0,0,0,0,0,0,0,0,0,0,0,2
Kazakhstan,2020-12-07,10,0,0,0,0,0,0,0,0,0,0,2,0,0,0,0,0,0,8
Kazakhstan,2020-12-21,8,0,0,0,0,0,0,0,0,0,0,1,0,0,0,0,0,0,7
Kazakhstan,2021-01-04,7,0,0,0,0,0,0,0,0,0,0,1,0,0,0,0,0,0,6
Kazakhstan,2021-01-18,1,0,0,0,0,0,0,0,0,0,0,0,0,0,0,0,0,0,1
Kazakhstan,2021-02-01,3,0,0,0,0,0,0,1,0,2,0,0,0,0,0,0,0,0,0
Kazakhstan,2021-02-15,3,0,0,0,0,1,0,0,0,0,0,0,0,0,0,0,0,0,2
Kazakhstan,2021-03-01,25,0,0,1,0,0,0,14,1,0,0,1,0,1,0,0,0,0,7
Kazakhstan,2021-03-15,23,0,0,0,0,0,0,23,0,0,0,0,0,0,0,0,0,0,0
Kazakhstan,2021-03-29,76,0,0,0,0,0,0,76,0,0,0,0,0,0,0,0,0,0,0
Kazakhstan,2021-04-12,39,0,0,0,0,0,0,39,0,0,0,0,0,0,0,0,0,0,0
Kazakhstan,2021-04-26,14,0,0,0,0,0,0,14,0,0,0,0,0,0,0,0,0,0,0
Kazakhstan,2021-08-02,24,0,0,0,0,0,0,0,0,24,0,0,0,0,0,0,0,0,0
Kazakhstan,2021-08-16,91,0,0,0,0,0,0,1,0,90,0,0,0,0,0,0,0,0,0
Kazakhstan,2021-08-30,107,0,0,0,0,0,0,1,0,106,0,0,0,0,0,0,0,0,0
Kazakhstan,2021-09-13,80,0,0,0,0,0,0,0,0,79,0,0,0,0,0,0,0,0,1
Kazakhstan,2021-09-27,5,0,0,0,0,0,0,0,0,5,0,0,0,0,0,0,0,0,0
Kazakhstan,2021-10-11,8,0,0,0,0,0,0,0,0,8,0,0,0,0,0,0,0,0,0
Kazakhstan,2021-10-25,2,0,0,0,0,0,0,0,0,2,0,0,0,0,0,0,0,0,0
Kazakhstan,2021-11-08,142,0,0,0,0,0,0,0,0,142,0,0,0,0,0,0,0,0,0
Kazakhstan,2021-12-20,62,0,0,0,0,0,0,0,0,60,0,0,0,0,0,0,2,0,0
Kazakhstan,2022-01-03,317,0,0,0,0,0,0,0,0,69,0,0,0,0,0,0,247,0,1
Kazakhstan,2022-01-17,202,0,0,0,0,0,0,1,0,58,0,0,0,0,0,0,143,0,0
Kazakhstan,2022-01-31,149,0,0,0,0,0,0,0,0,0,0,0,0,0,0,0,149,0,0
Kazakhstan,2022-02-14,32,0,0,0,0,0,0,0,0,0,0,0,0,0,0,0,32,0,0
Kazakhstan,2022-02-28,25,0,0,0,0,0,0,0,0,0,0,0,0,0,0,0,25,0,0
Kazakhstan,2022-03-14,5,0,0,0,0,0,0,0,0,0,0,0,0,0,0,0,5,0,0
Kazakhstan,2022-03-28,50,0,0,0,0,0,0,0,0,2,0,0,0,0,0,0,48,0,0
Kazakhstan,2022-04-11,27,0,0,0,0,0,0,0,0,0,0,0,0,0,0,0,27,0,0
Kazakhstan,2022-04-25,26,0,0,0,0,0,0,0,0,0,0,0,0,0,0,0,26,0,0
Kazakhstan,2022-05-23,6,0,0,0,0,0,0,0,0,0,0,0,0,0,0,0,6,0,0
Kazakhstan,2022-06-06,8,0,0,0,0,0,0,0,0,0,0,0,0,0,0,0,8,0,0
Kazakhstan,2022-06-20,74,0,0,0,0,0,0,0,0,0,0,0,0,0,0,0,74,0,0
Kazakhstan,2022-07-04,93,0,0,0,0,0,0,0,0,1,0,0,0,0,0,0,92,0,0
Kazakhstan,2022-07-18,265,2,0,0,0,0,0,0,0,0,0,0,0,0,0,0,263,0,0
Kazakhstan,2022-08-01,119,0,0,0,0,0,0,0,0,0,0,0,0,0,0,0,119,0,0
Kazakhstan,2022-08-15,270,0,0,0,0,0,0,0,0,0,0,0,0,0,0,0,270,0,0
Kazakhstan,2022-08-29,18,0,0,0,0,0,0,0,0,0,0,0,0,0,0,0,18,0,0
Kazakhstan,2022-09-12,5,0,0,0,0,0,0,0,0,0,0,0,0,0,0,0,5,0,0
Kazakhstan,2022-09-26,79,0,0,0,0,0,0,0,0,0,0,0,0,0,0,0,79,0,0
Kazakhstan,2022-10-10,89,0,0,0,0,0,0,0,0,0,0,0,0,0,0,0,89,0,0
Kazakhstan,2022-11-07,10,0,0,0,0,0,0,0,0,0,0,0,0,0,0,0,10,0,0
Kazakhstan,2022-11-21,78,0,0,0,0,0,0,0,0,0,0,0,0,0,0,0,78,0,0
Kazakhstan,2022-12-05,18,0,0,0,0,0,0,0,0,0,0,0,0,0,0,0,18,0,0
Kazakhstan,2022-12-19,103,0,0,0,0,0,0,0,0,0,0,0,0,0,0,0,103,0,0
Kazakhstan,2023-01-02,3,0,0,0,0,0,0,0,0,0,0,0,0,0,0,0,3,0,0
Kazakhstan,2023-01-30,1,0,0,0,0,0,0,0,0,0,0,0,0,0,0,0,1,0,0
Kazakhstan,2023-02-27,93,0,0,0,0,0,0,0,0,0,0,0,0,0,0,0,93,0,0
Kazakhstan,2023-03-13,57,0,0,0,0,0,0,0,0,0,0,0,0,0,0,0,57,0,0
Kazakhstan,2023-08-28,12,0,0,0,0,0,0,0,0,0,0,0,0,0,0,0,12,0,0
Kazakhstan,2023-09-11,31,0,0,0,0,0,0,0,0,0,0,0,0,0,0,0,31,0,0
Kazakhstan,2024-01-29,85,0,0,0,0,0,0,0,0,0,0,0,0,0,0,0,85,0,0
Kenya,2020-04-27,57,0,0,0,0,0,0,0,0,0,0,9,0,1,0,0,0,1,46
Kenya,2020-05-11,74,0,0,0,0,0,0,0,0,0,0,11,0,2,0,0,0,2,59
Kenya,2020-05-25,33,0,0,0,0,0,0,0,0,0,0,5,0,1,0,0,0,1,26
Kenya,2020-06-08,49,0,0,0,0,0,0,0,0,0,0,8,0,1,0,0,0,1,39
Kenya,2020-06-22,87,0,0,0,0,0,0,0,0,0,0,14,0,2,0,0,0,2,69
Kenya,2020-07-06,81,0,0,0,0,0,0,0,0,0,0,13,0,2,0,0,0,2,64
Kenya,2020-07-20,48,0,0,0,0,0,0,0,0,0,0,8,0,1,0,0,0,1,38
Kenya,2020-08-03,67,0,0,0,0,0,0,0,0,0,0,11,0,2,0,0,0,1,53
Kenya,2020-08-17,39,0,0,0,0,0,0,0,0,0,0,6,0,1,0,0,0,1,31
Kenya,2020-08-31,42,0,0,0,0,0,0,0,0,0,0,7,0,1,0,0,0,1,33
Kenya,2020-09-14,28,0,1,2,0,0,0,7,1,0,0,2,0,2,0,0,0,0,13
Kenya,2020-09-28,67,0,0,0,0,0,0,0,0,0,0,11,0,2,0,0,0,1,53
Kenya,2020-10-12,208,0,1,1,0,0,0,0,0,0,0,0,0,0,0,0,0,0,206
Kenya,2020-10-26,367,0,0,0,0,0,0,0,15,1,0,1,0,1,0,21,0,0,328
Kenya,2020-11-09,263,0,1,1,0,0,0,0,0,0,0,0,0,0,0,0,0,0,261
Kenya,2020-11-23,149,0,0,0,0,0,0,0,0,0,0,23,0,4,0,0,0,3,119
Kenya,2020-12-07,61,0,0,0,0,1,0,1,0,0,0,4,0,0,0,0,0,2,53
Kenya,2020-12-21,29,0,0,1,0,1,1,9,0,0,0,4,0,0,0,0,0,1,12
Kenya,2021-01-04,45,0,2,2,0,0,0,6,0,0,0,4,0,0,0,0,0,1,30
Kenya,2021-01-18,40,0,0,1,0,0,4,15,2,0,0,5,0,3,0,0,0,1,9
Kenya,2021-02-01,58,0,0,1,0,0,4,41,1,0,0,2,3,1,0,0,0,0,5
Kenya,2021-02-15,136,0,0,1,0,0,24,87,2,0,0,3,6,1,0,0,0,1,11
Kenya,2021-03-01,216,0,0,1,0,0,28,138,3,0,0,4,25,1,0,0,0,1,15
Kenya,2021-03-15,233,0,0,1,0,0,35,176,2,1,0,3,6,1,0,0,0,1,7
Kenya,2021-03-29,177,0,0,0,0,0,29,132,1,9,0,1,4,0,0,0,0,0,1
Kenya,2021-04-12,159,0,0,0,0,0,22,124,0,6,0,0,6,0,0,0,0,0,1
Kenya,2021-04-26,173,0,0,0,0,0,33,96,5,27,3,0,5,1,0,0,0,0,3
Kenya,2021-05-10,142,0,0,0,0,0,14,75,1,48,0,0,3,0,0,0,0,0,1
Kenya,2021-05-24,177,0,0,0,0,0,7,71,0,96,0,0,3,0,0,0,0,0,0
Kenya,2021-06-07,174,0,0,0,0,0,2,55,0,117,0,0,0,0,0,0,0,0,0
Kenya,2021-06-21,253,0,0,0,0,0,4,24,0,224,0,0,1,0,0,0,0,0,0
Kenya,2021-07-05,240,0,0,0,0,0,0,13,0,227,0,0,0,0,0,0,0,0,0
Kenya,2021-07-19,321,0,0,0,0,0,1,4,1,314,0,0,0,0,0,1,0,0,0
Kenya,2021-08-02,341,0,0,0,0,0,0,2,1,338,0,0,0,0,0,0,0,0,0
Kenya,2021-08-16,360,0,0,0,0,0,0,1,0,359,0,0,0,0,0,0,0,0,0
Kenya,2021-08-30,224,0,0,0,0,0,0,0,0,224,0,0,0,0,0,0,0,0,0
Kenya,2021-09-13,171,0,0,0,0,0,0,2,0,169,0,0,0,0,0,0,0,0,0
Kenya,2021-09-27,84,0,0,0,0,0,0,1,1,82,0,0,0,0,0,0,0,0,0
Kenya,2021-10-11,23,0,0,0,0,0,0,0,0,23,0,0,0,0,0,0,0,0,0
Kenya,2021-10-25,43,0,0,0,0,0,0,0,0,42,0,0,0,0,0,0,1,0,0
Kenya,2021-11-08,53,0,0,0,0,0,0,0,0,53,0,0,0,0,0,0,0,0,0
Kenya,2021-11-22,71,0,0,0,0,0,0,0,0,17,0,0,0,0,0,0,54,0,0
Kenya,2021-12-06,1058,0,0,0,0,0,0,0,0,53,0,0,0,0,0,0,1003,0,2
Kenya,2021-12-20,1119,0,0,0,0,0,0,0,0,9,0,0,0,0,0,0,1110,0,0
Kenya,2022-01-03,554,0,0,0,0,0,0,0,0,3,0,0,0,0,0,0,551,0,0
Kenya,2022-01-17,96,0,0,0,0,0,0,0,0,0,0,0,0,0,0,0,96,0,0
Kenya,2022-01-31,18,0,0,0,0,0,0,0,0,0,0,0,0,0,0,0,18,0,0
Kenya,2022-02-14,8,0,0,0,0,0,0,0,0,0,0,0,0,0,0,0,8,0,0
Kenya,2022-02-28,3,0,0,0,0,0,0,0,0,0,0,0,0,0,0,0,3,0,0
Kenya,2022-03-14,4,0,0,0,0,0,0,0,0,0,0,0,0,0,0,0,4,0,0
Kenya,2022-03-28,13,0,0,0,0,0,0,0,0,0,0,0,0,0,0,0,13,0,0
Kenya,2022-04-11,7,2,0,0,0,0,0,0,0,0,0,0,0,0,0,0,5,0,0
Kenya,2022-04-25,9,0,0,0,0,0,0,0,0,0,0,0,0,0,0,0,9,0,0
Kenya,2022-05-09,47,0,0,0,0,0,0,0,0,0,0,0,0,0,0,0,47,0,0
Kenya,2022-05-23,82,0,0,0,0,0,0,0,0,0,0,0,0,0,0,0,82,0,0
Kenya,2022-06-06,321,0,0,0,0,0,0,0,0,0,0,0,0,0,0,0,321,0,0
Kenya,2022-06-20,269,0,0,0,0,0,0,0,0,0,0,0,0,0,0,0,269,0,0
Kenya,2022-07-04,110,0,0,0,0,0,0,0,0,0,0,0,0,0,0,0,110,0,0
Kenya,2022-07-18,61,0,0,0,0,0,0,0,0,0,0,0,0,0,0,0,61,0,0
Kenya,2022-08-01,9,0,0,0,0,0,0,0,0,0,0,0,0,0,0,0,9,0,0
Kenya,2022-08-15,11,0,0,0,0,0,0,0,0,0,0,0,0,0,0,0,11,0,0
Kenya,2022-08-29,26,0,0,0,0,0,0,0,0,0,0,0,0,0,0,0,26,0,0
Kenya,2022-09-12,7,0,0,0,0,0,0,0,0,0,0,0,0,0,0,0,7,0,0
Kenya,2022-09-26,10,0,0,0,0,0,0,0,0,0,0,0,0,0,0,0,10,0,0
Kenya,2022-10-10,25,0,0,0,0,0,0,0,0,0,0,0,0,0,0,0,25,0,0
Kenya,2022-10-24,82,0,0,0,0,0,0,0,0,0,0,0,0,0,0,0,82,0,0
Kenya,2022-11-07,128,0,0,0,0,0,0,0,0,0,0,0,0,0,0,0,128,0,0
Kenya,2022-11-21,131,0,0,0,0,0,0,0,0,0,0,0,0,0,0,0,131,0,0
Kenya,2022-12-05,30,0,0,0,0,0,0,0,0,0,0,0,0,0,0,0,30,0,0
Kenya,2022-12-19,13,0,0,0,0,0,0,0,0,0,0,0,0,0,0,0,13,0,0
Kenya,2023-01-02,12,0,0,0,0,0,0,0,0,0,0,0,0,0,0,0,12,0,0
Kenya,2023-01-16,10,0,0,0,0,0,0,0,0,0,0,0,0,0,0,0,10,0,0
Kenya,2023-01-30,1,0,0,0,0,0,0,0,0,0,0,0,0,0,0,0,1,0,0
Kenya,2023-02-13,6,0,0,0,0,0,0,0,0,0,0,0,0,0,0,0,6,0,0
Kenya,2023-02-27,3,0,0,0,0,0,0,0,0,0,0,0,0,0,0,0,3,0,0
Kenya,2023-03-13,1,0,0,0,0,0,0,0,0,0,0,0,0,0,0,0,1,0,0
Kenya,2023-03-27,5,0,0,0,0,0,0,0,0,0,0,0,0,0,0,0,5,0,0
Kenya,2023-04-10,34,0,0,0,0,0,0,0,0,0,0,0,0,0,0,0,34,0,0
Kenya,2023-04-24,48,0,0,0,0,0,0,0,0,0,0,0,0,0,0,0,48,0,0
Kenya,2023-05-08,63,0,0,0,0,0,0,0,0,0,0,0,0,0,0,0,63,0,0
Kenya,2023-05-22,57,0,0,0,0,0,0,0,0,0,0,0,0,0,0,0,57,0,0
Kenya,2023-06-05,28,0,0,0,0,0,0,0,0,0,0,0,0,0,0,0,28,0,0
Kenya,2023-06-19,18,0,0,0,0,0,0,0,0,0,0,0,0,0,0,0,18,0,0
Kenya,2023-07-03,3,0,0,0,0,0,0,0,0,0,0,0,0,0,0,0,3,0,0
Kenya,2023-07-17,3,0,0,0,0,0,0,0,0,0,0,0,0,0,0,0,3,0,0
Kenya,2023-07-31,1,0,0,0,0,0,0,0,0,0,0,0,0,0,0,0,1,0,0
Kenya,2023-08-14,2,0,0,0,0,0,0,0,0,0,0,0,0,0,0,0,2,0,0
Kenya,2023-08-28,2,0,0,0,0,0,0,0,0,0,0,0,0,0,0,0,2,0,0
Kenya,2023-09-11,3,0,0,0,0,0,0,0,0,0,0,0,0,0,0,0,3,0,0
Kenya,2023-09-25,4,0,0,0,0,0,0,0,0,0,0,0,0,0,0,0,4,0,0
Kenya,2023-10-09,8,0,0,0,0,0,0,0,0,0,0,0,0,0,0,0,8,0,0
Kenya,2023-10-23,7,0,0,0,0,0,0,0,0,0,0,0,0,0,0,0,7,0,0
Kenya,2023-11-06,12,0,0,0,0,0,0,0,0,0,0,0,0,0,0,0,12,0,0
Kenya,2023-11-20,35,0,0,0,0,0,0,0,0,0,0,0,0,0,0,0,35,0,0
Kenya,2023-12-04,41,0,0,0,0,0,0,0,0,0,0,0,0,0,0,0,41,0,0
Kenya,2023-12-18,42,0,0,0,0,0,0,0,0,0,0,0,0,0,0,0,42,0,0
Kenya,2024-01-01,45,0,0,0,0,0,0,0,0,0,0,0,0,0,0,0,45,0,0
Kenya,2024-01-15,29,0,0,0,0,0,0,0,0,0,0,0,0,0,0,0,29,0,0
Kenya,2024-01-29,5,0,0,0,0,0,0,0,0,0,0,0,0,0,0,0,5,0,0
Kenya,2024-02-12,6,0,0,0,0,0,0,0,0,0,0,0,0,0,0,0,6,0,0
Kenya,2024-02-26,7,0,0,0,0,0,0,0,0,0,0,0,0,0,0,0,7,0,0
Kenya,2024-03-11,5,0,0,0,0,0,0,0,0,0,0,0,0,0,0,0,5,0,0
Kenya,2024-03-25,2,0,0,0,0,0,0,0,0,0,0,0,0,0,0,0,2,0,0
Kenya,2024-04-08,1,0,0,0,0,0,0,0,0,0,0,0,0,0,0,0,1,0,0
Kenya,2024-05-06,6,0,0,0,0,0,0,0,0,0,0,0,0,0,0,0,6,0,0
Kenya,2024-07-01,1,0,0,0,0,0,0,0,0,0,0,0,0,0,0,0,1,0,0
Kenya,2024-07-15,2,0,0,0,0,0,0,0,0,0,0,0,0,0,0,0,2,0,0
Kuwait,2020-12-21,12,0,2,0,0,4,0,1,0,0,0,0,0,0,0,0,0,0,5
Kuwait,2021-01-18,6,0,0,0,0,0,0,6,0,0,0,0,0,0,0,0,0,0,0
Kuwait,2021-02-01,4,0,0,0,0,0,0,4,0,0,0,0,0,0,0,0,0,0,0
Kuwait,2021-05-24,25,0,0,0,0,0,0,9,0,13,0,0,3,0,0,0,0,0,0
Kuwait,2021-06-07,18,0,0,0,0,0,0,3,0,15,0,0,0,0,0,0,0,0,0
Kuwait,2021-06-21,50,0,0,0,0,0,0,1,0,49,0,0,0,0,0,0,0,0,0
Kuwait,2021-07-05,26,0,0,0,0,0,0,0,0,26,0,0,0,0,0,0,0,0,0
Kuwait,2021-07-19,7,0,0,0,0,0,0,0,0,7,0,0,0,0,0,0,0,0,0
Kuwait,2021-08-02,6,0,0,0,0,0,0,0,0,6,0,0,0,0,0,0,0,0,0
Kuwait,2021-08-16,21,0,0,0,0,0,0,0,0,21,0,0,0,0,0,0,0,0,0
Kuwait,2021-10-11,1,0,0,0,0,0,0,0,0,1,0,0,0,0,0,0,0,0,0
Kuwait,2022-01-03,1,0,0,0,0,0,0,0,0,0,0,0,0,0,0,0,1,0,0
Kuwait,2022-01-17,27,0,0,0,0,0,0,0,0,0,0,0,0,0,0,0,27,0,0
Kuwait,2022-01-31,23,0,0,0,0,0,0,0,0,1,0,0,0,0,0,0,22,0,0
Kuwait,2022-02-14,1,0,0,0,0,0,0,0,0,0,0,0,0,0,0,0,1,0,0
Kuwait,2022-02-28,10,0,0,0,0,0,0,0,0,0,0,0,0,0,0,0,10,0,0
Kuwait,2022-03-14,4,0,0,0,0,0,0,0,0,0,0,0,0,0,0,0,4,0,0
Kuwait,2022-03-28,8,0,0,0,0,0,0,0,0,0,0,0,0,0,0,0,8,0,0
Kuwait,2022-05-09,27,0,0,0,0,0,0,0,0,0,0,0,0,0,0,0,27,0,0
Kuwait,2022-05-23,31,0,0,0,0,0,0,0,0,0,0,0,0,0,0,0,31,0,0
Kuwait,2022-06-06,59,0,0,0,0,0,0,0,0,0,0,0,0,0,0,0,59,0,0
Kuwait,2022-06-20,68,0,0,0,0,0,0,0,0,0,0,0,0,0,0,0,68,0,0
Kuwait,2022-07-04,1,0,0,0,0,0,0,0,0,0,0,0,0,0,0,0,1,0,0
Kuwait,2022-07-18,26,0,0,0,0,0,0,0,0,0,0,0,0,0,0,0,26,0,0
Kuwait,2022-08-01,13,0,0,0,0,0,0,0,0,0,0,0,0,0,0,0,13,0,0
Kuwait,2022-08-29,14,0,0,0,0,0,0,0,0,0,0,0,0,0,0,0,14,0,0
Kuwait,2022-09-12,23,0,0,0,0,0,0,0,0,0,0,0,0,0,0,0,23,0,0
Kuwait,2022-09-26,29,0,0,0,0,0,0,0,0,0,0,0,0,0,0,0,29,0,0
Kuwait,2022-10-10,57,0,0,0,0,0,0,0,0,0,0,0,0,0,0,0,57,0,0
Kuwait,2022-10-24,28,0,0,0,0,0,0,0,0,0,0,0,0,0,0,0,28,0,0
Kuwait,2022-11-21,28,0,0,0,0,0,0,0,0,0,0,0,0,0,0,0,28,0,0
Kuwait,2022-12-05,6,0,0,0,0,0,0,0,0,0,0,0,0,0,0,0,6,0,0
Kuwait,2022-12-19,2,0,0,0,0,0,0,0,0,0,0,0,0,0,0,0,2,0,0
Kuwait,2023-01-02,23,0,0,0,0,0,0,0,0,0,0,0,0,0,0,0,23,0,0
Kuwait,2023-01-16,20,0,0,0,0,0,0,0,0,0,0,0,0,0,0,0,20,0,0
Kuwait,2023-01-30,1,0,0,0,0,0,0,0,0,0,0,0,0,0,0,0,1,0,0
Kuwait,2023-02-13,4,0,0,0,0,0,0,0,0,0,0,0,0,0,0,0,4,0,0
Kuwait,2023-02-27,38,1,0,0,0,0,0,0,0,0,0,0,0,0,0,0,37,0,0
Kuwait,2023-03-13,24,1,0,0,0,0,0,0,0,0,0,0,0,0,0,0,23,0,0
Kuwait,2023-03-27,30,0,0,0,0,0,0,0,0,0,0,0,0,0,0,0,30,0,0
Kuwait,2023-04-10,26,0,0,0,0,0,0,0,0,0,0,0,0,0,0,0,26,0,0
Kuwait,2023-05-08,5,0,0,0,0,0,0,0,0,0,0,0,0,0,0,0,5,0,0
Kuwait,2023-05-22,16,0,0,0,0,0,0,0,0,0,0,0,0,0,0,0,16,0,0
Kuwait,2023-07-31,19,0,0,0,0,0,0,0,0,0,0,0,0,0,0,0,19,0,0
Kuwait,2023-09-11,24,0,0,0,0,0,0,0,0,0,0,0,0,0,0,0,24,0,0
Kuwait,2023-09-25,14,0,0,0,0,0,0,0,0,0,0,0,0,0,0,0,14,0,0
Kuwait,2023-10-09,23,3,0,0,0,0,0,0,0,0,0,0,0,0,0,0,20,0,0
Kuwait,2023-11-06,9,1,0,0,0,0,0,0,0,0,0,0,0,0,0,0,8,0,0
Kuwait,2024-01-29,14,0,0,0,0,0,0,0,0,0,0,0,0,0,0,0,14,0,0
Kuwait,2024-02-26,3,0,0,0,0,0,0,0,0,0,0,0,0,0,0,0,3,0,0
Kuwait,2024-04-22,15,0,0,0,0,0,0,0,0,0,0,0,0,0,0,0,15,0,0
Kyrgyzstan,2020-04-27,2,2,0,0,0,0,0,0,0,0,0,0,0,0,0,0,0,0,0
Kyrgyzstan,2020-06-08,11,11,0,0,0,0,0,0,0,0,0,0,0,0,0,0,0,0,0
Kyrgyzstan,2020-06-22,1,1,0,0,0,0,0,0,0,0,0,0,0,0,0,0,0,0,0
Kyrgyzstan,2020-07-06,10,10,0,0,0,0,0,0,0,0,0,0,0,0,0,0,0,0,0
Kyrgyzstan,2020-10-12,1,1,0,0,0,0,0,0,0,0,0,0,0,0,0,0,0,0,0
Kyrgyzstan,2020-10-26,2,2,0,0,0,0,0,0,0,0,0,0,0,0,0,0,0,0,0
Kyrgyzstan,2020-11-09,2,2,0,0,0,0,0,0,0,0,0,0,0,0,0,0,0,0,0
Kyrgyzstan,2021-02-15,1,0,0,0,0,0,0,1,0,0,0,0,0,0,0,0,0,0,0
Kyrgyzstan,2021-03-15,1,1,0,0,0,0,0,0,0,0,0,0,0,0,0,0,0,0,0
Kyrgyzstan,2021-03-29,5,0,0,0,0,0,0,5,0,0,0,0,0,0,0,0,0,0,0
Kyrgyzstan,2021-04-12,1,0,0,0,0,0,0,1,0,0,0,0,0,0,0,0,0,0,0
Kyrgyzstan,2021-04-26,16,0,0,0,0,0,4,12,0,0,0,0,0,0,0,0,0,0,0
Kyrgyzstan,2021-05-10,22,0,0,0,0,0,8,14,0,0,0,0,0,0,0,0,0,0,0
Kyrgyzstan,2021-06-07,15,0,0,0,0,0,2,1,0,12,0,0,0,0,0,0,0,0,0
Kyrgyzstan,2021-07-05,57,0,0,0,0,0,1,4,0,52,0,0,0,0,0,0,0,0,0
Kyrgyzstan,2021-07-19,1,0,0,0,0,0,0,0,0,1,0,0,0,0,0,0,0,0,0
Kyrgyzstan,2021-08-02,18,0,0,0,0,0,0,0,0,18,0,0,0,0,0,0,0,0,0
Kyrgyzstan,2021-11-08,1,0,0,0,0,0,0,0,0,1,0,0,0,0,0,0,0,0,0
Kyrgyzstan,2021-11-22,8,0,0,0,0,0,0,0,0,8,0,0,0,0,0,0,0,0,0
Kyrgyzstan,2021-12-06,3,0,0,0,0,0,0,0,0,3,0,0,0,0,0,0,0,0,0
Kyrgyzstan,2021-12-20,2,0,0,0,0,0,0,0,0,1,0,0,0,0,0,0,1,0,0
Kyrgyzstan,2022-01-03,23,0,0,0,0,0,0,0,0,0,0,0,0,0,0,0,23,0,0
Laos,2021-03-29,1,0,0,0,0,0,0,1,0,0,0,0,0,0,0,0,0,0,0
Laos,2021-04-12,10,0,0,0,0,0,0,10,0,0,0,0,0,0,0,0,0,0,0
Laos,2021-04-26,3,0,0,0,0,0,0,3,0,0,0,0,0,0,0,0,0,0,0
Laos,2021-05-10,4,0,0,0,0,0,0,4,0,0,0,0,0,0,0,0,0,0,0
Laos,2021-05-24,2,0,0,0,0,0,0,2,0,0,0,0,0,0,0,0,0,0,0
Laos,2021-06-07,1,0,0,0,0,0,0,1,0,0,0,0,0,0,0,0,0,0,0
Laos,2021-06-21,5,0,0,0,0,0,0,2,0,3,0,0,0,0,0,0,0,0,0
Laos,2021-07-05,4,0,0,0,0,0,0,1,0,3,0,0,0,0,0,0,0,0,0
Laos,2021-07-19,12,0,0,0,0,0,0,2,0,10,0,0,0,0,0,0,0,0,0
Laos,2021-08-02,99,0,0,0,0,0,0,0,0,99,0,0,0,0,0,0,0,0,0
Laos,2021-08-16,193,0,0,0,0,0,0,1,0,192,0,0,0,0,0,0,0,0,0
Laos,2021-08-30,34,0,0,0,0,0,0,2,0,32,0,0,0,0,0,0,0,0,0
Laos,2021-09-13,156,0,0,0,0,0,0,0,0,156,0,0,0,0,0,0,0,0,0
Laos,2021-09-27,124,0,0,0,0,0,0,0,0,124,0,0,0,0,0,0,0,0,0
Laos,2021-10-11,66,0,0,0,0,0,0,0,0,66,0,0,0,0,0,0,0,0,0
Laos,2021-10-25,216,0,0,0,0,0,0,0,0,216,0,0,0,0,0,0,0,0,0
Laos,2021-11-08,178,0,0,0,0,0,0,0,0,178,0,0,0,0,0,0,0,0,0
Laos,2021-11-22,3,0,0,0,0,0,0,0,1,2,0,0,0,0,0,0,0,0,0
Laos,2021-12-06,13,0,0,0,0,0,0,0,0,13,0,0,0,0,0,0,0,0,0
Laos,2021-12-20,13,0,0,0,0,0,0,0,0,13,0,0,0,0,0,0,0,0,0
Laos,2022-01-03,5,0,0,0,0,0,0,0,0,5,0,0,0,0,0,0,0,0,0
Laos,2022-01-17,8,0,0,0,0,0,0,0,0,8,0,0,0,0,0,0,0,0,0
Laos,2022-01-31,30,0,0,0,0,0,0,0,0,30,0,0,0,0,0,0,0,0,0
Laos,2022-02-14,28,0,0,0,0,0,0,0,0,27,0,0,0,0,0,0,1,0,0
Laos,2022-02-28,41,0,0,0,0,0,0,0,0,27,0,0,0,0,0,0,14,0,0
Laos,2022-03-14,152,0,0,0,0,0,0,0,0,12,0,0,0,0,0,0,140,0,0
Laos,2022-03-28,143,0,0,0,0,0,0,0,0,1,0,0,0,0,0,0,142,0,0
Laos,2022-04-11,90,0,0,0,0,0,0,0,0,0,0,0,0,0,0,0,90,0,0
Laos,2022-04-25,37,0,0,0,0,0,0,0,0,0,0,0,0,0,0,0,37,0,0
Laos,2022-05-09,5,0,0,0,0,0,0,0,0,0,0,0,0,0,0,0,5,0,0
Laos,2022-05-23,4,0,0,0,0,0,0,0,0,0,0,0,0,0,0,0,4,0,0
Laos,2022-06-06,1,0,0,0,0,0,0,0,0,0,0,0,0,0,0,0,1,0,0
Laos,2022-06-20,1,0,0,0,0,0,0,0,0,0,0,0,0,0,0,0,1,0,0
Laos,2022-07-04,1,0,0,0,0,0,0,0,0,0,0,0,0,0,0,0,1,0,0
Laos,2022-07-18,8,0,0,0,0,0,0,0,0,0,0,0,0,0,0,0,8,0,0
Laos,2022-08-01,11,0,0,0,0,0,0,0,0,0,0,0,0,0,0,0,11,0,0
Laos,2022-08-15,21,0,0,0,0,0,0,0,0,0,0,0,0,0,0,0,21,0,0
Laos,2022-08-29,14,0,0,0,0,0,0,0,0,0,0,0,0,0,0,0,14,0,0
Laos,2022-09-12,21,0,0,0,0,0,0,0,0,0,0,0,0,0,0,0,21,0,0
Laos,2022-09-26,8,0,0,0,0,0,0,0,0,0,0,0,0,0,0,0,8,0,0
Laos,2022-10-10,5,0,0,0,0,0,0,0,0,0,0,0,0,0,0,0,5,0,0
Laos,2022-10-24,8,0,0,0,0,0,0,0,0,0,0,0,0,0,0,0,8,0,0
Laos,2022-11-07,21,0,0,0,0,0,0,0,0,0,0,0,0,0,0,0,21,0,0
Laos,2022-11-21,25,0,0,0,0,0,0,0,0,0,0,0,0,0,0,0,25,0,0
Laos,2022-12-05,34,0,0,0,0,0,0,0,0,0,0,0,0,0,0,0,34,0,0
Laos,2022-12-19,35,0,0,0,0,0,0,0,0,0,0,0,0,0,0,0,35,0,0
Laos,2023-01-02,4,0,0,0,0,0,0,0,0,0,0,0,0,0,0,0,4,0,0
Laos,2023-01-16,2,0,0,0,0,0,0,0,0,0,0,0,0,0,0,0,2,0,0
Laos,2023-01-30,3,0,0,0,0,0,0,0,0,0,0,0,0,0,0,0,3,0,0
Laos,2023-04-10,1,0,0,0,0,0,0,0,0,0,0,0,0,0,0,0,1,0,0
Laos,2023-04-24,6,0,0,0,0,0,0,0,0,0,0,0,0,0,0,0,6,0,0
Laos,2023-05-08,21,1,0,0,0,0,0,0,0,0,0,0,0,0,0,0,20,0,0
Laos,2023-05-22,15,0,0,0,0,0,0,0,0,0,0,0,0,0,0,0,15,0,0
Laos,2023-06-05,38,0,0,0,0,0,0,0,0,0,0,0,0,0,0,0,38,0,0
Laos,2023-06-19,50,0,0,0,0,0,0,0,0,0,0,0,0,0,0,0,50,0,0
Laos,2023-07-03,46,0,0,0,0,0,0,0,0,0,0,0,0,0,0,0,46,0,0
Laos,2023-07-17,33,0,0,0,0,0,0,0,0,0,0,0,0,0,0,0,33,0,0
Laos,2023-07-31,24,0,0,0,0,0,0,0,0,0,0,0,0,0,0,0,24,0,0
Laos,2023-08-14,20,0,0,0,0,0,0,0,0,0,0,0,0,0,0,0,20,0,0
Laos,2023-08-28,26,0,0,0,0,0,0,0,0,0,0,0,0,0,0,0,26,0,0
Laos,2023-09-11,19,0,0,0,0,0,0,0,0,0,0,0,0,0,0,0,19,0,0
Laos,2023-09-25,7,0,0,0,0,0,0,0,0,0,0,0,0,0,0,0,7,0,0
Laos,2023-10-09,2,0,0,0,0,0,0,0,0,0,0,0,0,0,0,0,2,0,0
Laos,2023-10-23,2,1,0,0,0,0,0,0,0,0,0,0,0,0,0,0,1,0,0
Laos,2023-11-06,3,0,0,0,0,0,0,0,0,0,0,0,0,0,0,0,3,0,0
Laos,2023-11-20,1,0,0,0,0,0,0,0,0,0,0,0,0,0,0,0,1,0,0
Laos,2023-12-04,3,0,0,0,0,0,0,0,0,0,0,0,0,0,0,0,3,0,0
Laos,2023-12-18,2,0,0,0,0,0,0,0,0,0,0,0,0,0,0,0,2,0,0
Laos,2024-01-01,3,0,0,0,0,0,0,0,0,0,0,0,0,0,0,0,3,0,0
Laos,2024-01-15,8,0,0,0,0,0,0,0,0,0,0,0,0,0,0,0,8,0,0
Laos,2024-01-29,15,2,0,0,0,0,0,0,0,0,0,0,0,0,0,0,13,0,0
Laos,2024-02-12,11,0,0,0,0,0,0,0,0,0,0,0,0,0,0,0,11,0,0
Laos,2024-02-26,13,0,0,0,0,0,0,0,0,0,0,0,0,0,0,0,13,0,0
Laos,2024-03-11,7,0,0,0,0,0,0,0,0,0,0,0,0,0,0,0,7,0,0
Laos,2024-03-25,6,0,0,0,0,0,0,0,0,0,0,0,0,0,0,0,6,0,0
Laos,2024-04-08,2,0,0,0,0,0,0,0,0,0,0,0,0,0,0,0,2,0,0
Laos,2024-04-22,14,1,0,0,0,0,0,0,0,0,0,0,0,0,0,0,13,0,0
Laos,2024-07-01,24,0,0,0,0,0,0,0,0,0,0,0,0,0,0,0,24,0,0
Laos,2024-07-15,19,0,0,0,0,0,0,0,0,0,0,0,0,0,0,0,19,0,0
Laos,2024-07-29,28,1,0,0,0,0,0,0,0,0,0,0,0,0,0,0,27,0,0
Latvia,2020-04-27,19,0,0,0,0,0,0,0,0,0,0,3,0,1,0,0,0,0,15
Latvia,2020-05-25,3,0,0,0,0,0,0,0,0,0,0,1,0,0,0,0,0,0,2
Latvia,2020-06-08,5,0,0,0,0,0,0,0,0,0,0,1,0,0,0,0,0,0,4
Latvia,2020-06-22,3,0,0,0,0,0,0,0,0,0,0,1,0,0,0,0,0,0,2
Latvia,2020-07-06,29,0,0,0,0,0,0,0,0,0,0,4,0,1,0,0,0,1,23
Latvia,2020-07-20,11,0,0,0,0,0,0,0,0,0,0,2,0,0,0,0,0,0,9
Latvia,2020-08-03,18,0,0,0,0,0,0,0,0,0,0,3,0,1,0,0,0,0,14
Latvia,2020-08-17,21,0,0,2,0,10,0,0,0,0,0,0,0,0,0,0,0,0,9
Latvia,2020-08-31,23,0,0,2,1,3,0,0,0,0,0,0,0,0,0,0,0,0,17
Latvia,2020-09-14,46,0,0,2,1,7,0,0,0,0,0,0,0,0,0,0,0,0,36
Latvia,2020-09-28,296,0,0,22,6,36,0,0,0,0,0,4,0,0,0,0,0,2,226
Latvia,2020-10-12,12,0,0,0,0,3,0,0,0,0,0,0,0,0,0,0,0,0,9
Latvia,2020-10-26,1,0,0,0,0,0,0,0,0,0,0,0,0,0,0,0,0,0,1
Latvia,2020-11-09,1,0,0,0,0,0,0,0,0,0,0,0,0,0,0,0,0,0,1
Latvia,2020-12-07,7,0,0,0,0,7,0,0,0,0,0,0,0,0,0,0,0,0,0
Latvia,2020-12-21,1,0,0,0,0,1,0,0,0,0,0,0,0,0,0,0,0,0,0
Latvia,2021-01-04,15,0,0,0,0,7,0,4,0,0,0,0,0,0,0,0,0,0,4
Latvia,2021-01-18,164,0,1,0,2,95,0,4,0,0,0,0,0,0,0,0,0,0,62
Latvia,2021-02-01,384,0,5,0,3,228,0,27,0,0,0,0,0,0,0,0,0,1,120
Latvia,2021-02-15,475,0,1,0,0,215,0,122,0,0,0,0,0,0,0,0,0,1,136
Latvia,2021-03-01,657,0,3,0,0,196,2,313,0,0,1,3,0,0,0,0,0,0,139
Latvia,2021-03-15,1255,0,2,0,0,264,7,785,0,9,2,2,0,1,0,0,0,0,183
Latvia,2021-03-29,777,0,1,0,0,112,1,613,1,0,1,1,0,0,0,0,0,0,47
Latvia,2021-04-12,818,0,2,0,0,35,0,742,0,0,4,1,0,0,0,1,0,0,33
Latvia,2021-04-26,731,0,0,0,0,17,1,683,0,1,3,1,1,0,0,1,0,0,23
Latvia,2021-05-10,561,0,0,0,0,4,1,538,0,8,2,0,0,0,0,1,0,0,7
Latvia,2021-05-24,363,0,0,0,0,1,0,333,0,20,2,0,0,0,0,1,0,0,6
Latvia,2021-06-07,215,0,0,0,0,0,0,157,1,53,0,0,0,1,0,1,0,0,2
Latvia,2021-06-21,228,0,0,0,0,0,2,59,0,162,0,0,0,0,0,2,0,0,3
Latvia,2021-07-05,103,0,0,0,0,4,0,11,0,85,0,0,0,0,0,2,0,0,1
Latvia,2021-07-19,187,0,0,0,0,1,0,2,0,184,0,0,0,0,0,0,0,0,0
Latvia,2021-08-02,148,0,0,0,0,0,0,15,0,133,0,0,0,0,0,0,0,0,0
Latvia,2021-08-16,293,0,0,0,0,0,0,1,0,292,0,0,0,0,0,0,0,0,0
Latvia,2021-08-30,232,0,0,0,0,0,0,0,0,232,0,0,0,0,0,0,0,0,0
Latvia,2021-09-13,190,0,0,0,0,0,0,1,0,189,0,0,0,0,0,0,0,0,0
Latvia,2021-09-27,288,0,0,0,0,0,0,0,0,288,0,0,0,0,0,0,0,0,0
Latvia,2021-10-11,590,0,0,0,0,0,0,0,0,590,0,0,0,0,0,0,0,0,0
Latvia,2021-10-25,448,0,0,0,0,0,0,0,0,448,0,0,0,0,0,0,0,0,0
Latvia,2021-11-08,778,0,0,0,0,0,0,0,0,778,0,0,0,0,0,0,0,0,0
Latvia,2021-11-22,588,0,0,0,0,0,0,0,0,588,0,0,0,0,0,0,0,0,0
Latvia,2021-12-06,522,0,0,0,0,0,0,0,0,502,0,0,0,0,0,0,20,0,0
Latvia,2021-12-20,491,0,0,0,0,0,0,0,0,401,0,0,0,0,0,0,90,0,0
Latvia,2022-01-03,562,0,0,0,0,0,0,0,0,164,0,0,0,0,0,0,398,0,0
Latvia,2022-01-17,831,0,0,0,0,0,0,0,0,31,0,0,0,0,0,0,800,0,0
Latvia,2022-01-31,882,0,0,0,0,0,0,0,0,10,0,0,0,0,0,0,872,0,0
Latvia,2022-02-14,834,0,0,0,0,0,0,0,0,0,0,0,0,0,0,0,834,0,0
Latvia,2022-02-28,718,0,0,0,0,0,0,0,0,0,0,0,0,0,0,0,718,0,0
Latvia,2022-03-14,602,1,0,0,0,0,0,0,0,0,0,0,0,0,0,0,601,0,0
Latvia,2022-03-28,195,0,0,0,0,0,0,0,0,0,0,0,0,0,0,0,195,0,0
Latvia,2022-04-11,114,0,0,0,0,0,0,0,0,0,0,0,0,0,0,0,114,0,0
Latvia,2022-04-25,45,0,0,0,0,0,0,0,0,0,0,0,0,0,0,0,45,0,0
Latvia,2022-05-09,100,0,0,0,0,0,0,0,0,0,0,0,0,0,0,0,100,0,0
Latvia,2022-05-23,313,0,0,0,0,0,0,0,0,0,0,0,0,0,0,0,313,0,0
Latvia,2022-06-06,187,0,0,0,0,0,0,0,0,0,0,0,0,0,0,0,187,0,0
Latvia,2022-06-20,97,0,0,0,0,0,0,0,0,0,0,0,0,0,0,0,97,0,0
Latvia,2022-07-04,219,1,0,0,0,0,0,0,0,0,0,0,0,0,0,0,218,0,0
Latvia,2022-07-18,549,5,0,0,0,0,0,0,0,0,0,0,0,0,0,0,544,0,0
Latvia,2022-08-01,855,27,0,0,0,0,0,0,0,0,0,0,0,0,0,0,828,0,0
Latvia,2022-08-15,713,6,0,0,0,0,0,0,0,0,0,0,0,0,0,0,707,0,0
Latvia,2022-08-29,1031,8,0,0,0,0,0,0,0,0,0,0,0,0,0,0,1023,0,0
Latvia,2022-09-12,1498,19,0,0,0,0,0,0,0,0,0,0,0,0,0,0,1479,0,0
Latvia,2022-09-26,1101,13,0,0,0,0,0,0,0,0,0,0,0,0,0,0,1088,0,0
Latvia,2022-10-10,1215,8,0,0,0,0,0,0,0,0,0,0,0,0,0,0,1207,0,0
Latvia,2022-10-24,679,12,0,0,0,0,0,0,0,0,0,0,0,0,0,0,667,0,0
Latvia,2022-11-07,596,4,0,0,0,0,0,0,0,0,0,0,0,0,0,0,592,0,0
Latvia,2022-11-21,139,1,0,0,0,0,0,0,0,0,0,0,0,0,0,0,138,0,0
Latvia,2022-12-05,141,1,0,0,0,0,0,0,0,0,0,0,0,0,0,0,140,0,0
Latvia,2022-12-19,20,0,0,0,0,0,0,0,0,0,0,0,0,0,0,0,20,0,0
Lebanon,2020-04-27,3,0,0,0,0,0,0,0,0,0,0,1,0,0,0,0,0,0,2
Lebanon,2020-05-25,9,0,0,0,0,0,0,0,0,0,0,2,0,0,0,0,0,0,7
Lebanon,2020-06-22,16,0,0,0,0,0,0,0,0,0,0,3,0,0,0,0,0,0,13
Lebanon,2020-07-06,12,0,0,0,0,0,0,0,0,0,0,2,0,0,0,0,0,0,10
Lebanon,2020-07-20,13,0,0,0,0,0,0,0,0,0,0,2,0,0,0,0,0,0,11
Lebanon,2020-08-03,6,0,0,0,0,0,0,0,0,0,0,1,0,0,0,0,0,0,5
Lebanon,2020-08-17,14,0,0,0,0,0,0,0,0,0,0,2,0,1,0,0,0,0,11
Lebanon,2020-08-31,25,0,0,0,0,0,0,0,0,0,0,4,0,1,0,0,0,0,20
Lebanon,2020-09-14,7,0,0,0,0,0,0,0,0,0,0,1,0,0,0,0,0,0,6
Lebanon,2020-09-28,16,0,0,0,0,0,0,0,0,0,0,3,0,0,0,0,0,0,13
Lebanon,2020-10-12,15,0,0,0,0,0,0,0,0,0,0,3,0,0,0,0,0,0,12
Lebanon,2020-10-26,6,0,0,0,0,0,0,0,0,0,0,1,0,0,0,0,0,0,5
Lebanon,2020-11-09,7,0,1,0,0,1,0,0,0,0,0,0,0,0,0,0,0,0,5
Lebanon,2020-11-23,26,0,1,0,1,2,0,0,0,0,0,0,0,0,0,0,0,0,22
Lebanon,2020-12-07,41,0,0,0,0,0,0,0,0,0,0,6,0,1,0,0,0,1,33
Lebanon,2020-12-21,20,0,2,1,0,0,0,3,1,0,0,1,0,0,0,0,0,0,12
Lebanon,2021-01-04,91,0,2,2,0,3,2,18,1,0,0,8,2,0,0,0,0,2,51
Lebanon,2021-01-18,74,0,1,1,0,0,0,58,2,0,0,3,0,1,0,0,0,0,8
Lebanon,2021-02-01,89,0,0,0,0,0,0,77,2,8,0,0,0,1,0,0,0,0,1
Lebanon,2021-02-15,123,0,0,0,0,0,0,122,0,0,0,0,0,0,0,0,0,0,1
Lebanon,2021-03-01,148,0,0,0,0,0,0,148,0,0,0,0,0,0,0,0,0,0,0
Lebanon,2021-03-15,110,0,0,0,0,0,0,110,0,0,0,0,0,0,0,0,0,0,0
Lebanon,2021-03-29,93,0,0,0,0,0,0,93,0,0,0,0,0,0,0,0,0,0,0
Lebanon,2021-04-12,79,0,0,0,0,0,0,79,0,0,0,0,0,0,0,0,0,0,0
Lebanon,2021-04-26,55,0,0,0,0,0,0,55,0,0,0,0,0,0,0,0,0,0,0
Lebanon,2021-05-10,11,0,0,0,0,0,0,11,0,0,0,0,0,0,0,0,0,0,0
Lebanon,2021-05-24,14,0,0,0,0,0,0,14,0,0,0,0,0,0,0,0,0,0,0
Lebanon,2021-06-07,4,0,0,0,0,0,0,1,1,1,0,0,0,0,0,0,0,0,1
Lebanon,2021-06-21,17,0,0,0,0,0,0,0,0,17,0,0,0,0,0,0,0,0,0
Lebanon,2021-07-05,63,0,0,0,0,0,0,1,0,62,0,0,0,0,0,0,0,0,0
Lebanon,2021-07-19,46,0,0,0,0,0,0,0,0,46,0,0,0,0,0,0,0,0,0
Lebanon,2021-08-02,72,0,0,0,0,0,0,0,0,72,0,0,0,0,0,0,0,0,0
Lebanon,2021-08-16,50,0,0,0,0,0,0,0,0,50,0,0,0,0,0,0,0,0,0
Lebanon,2021-08-30,76,0,0,0,0,0,0,0,0,76,0,0,0,0,0,0,0,0,0
Lebanon,2021-09-13,56,0,0,0,0,0,0,0,0,56,0,0,0,0,0,0,0,0,0
Lebanon,2021-09-27,51,0,0,0,0,0,0,0,0,51,0,0,0,0,0,0,0,0,0
Lebanon,2021-10-11,43,0,0,0,0,0,0,0,0,43,0,0,0,0,0,0,0,0,0
Lebanon,2021-10-25,48,0,0,0,0,0,0,0,0,48,0,0,0,0,0,0,0,0,0
Lebanon,2021-11-08,50,0,0,0,0,0,0,0,0,50,0,0,0,0,0,0,0,0,0
Lebanon,2021-11-22,53,0,0,0,0,0,0,0,0,51,0,0,0,0,0,0,2,0,0
Lebanon,2021-12-06,77,0,0,0,0,0,0,0,0,68,0,0,0,0,0,0,9,0,0
Lebanon,2021-12-20,55,0,0,0,0,0,0,0,0,37,0,0,0,0,0,0,18,0,0
Lebanon,2022-01-03,69,0,0,0,0,0,0,0,0,2,0,0,0,0,0,0,67,0,0
Lebanon,2022-01-17,135,0,0,0,0,0,0,0,0,7,0,0,0,0,0,0,128,0,0
Lebanon,2022-01-31,68,0,0,0,0,0,0,0,0,0,0,0,0,0,0,0,68,0,0
Lebanon,2022-02-14,41,0,0,0,0,0,0,0,0,0,0,0,0,0,0,0,41,0,0
Lebanon,2022-02-28,7,0,0,0,0,0,0,0,0,0,0,0,0,0,0,0,7,0,0
Lebanon,2022-03-14,7,0,0,0,0,0,0,0,0,0,0,0,0,0,0,0,7,0,0
Lebanon,2022-03-28,2,0,0,0,0,0,0,0,0,0,0,0,0,0,0,0,2,0,0
Lebanon,2022-05-23,1,0,0,0,0,0,0,0,0,0,0,0,0,0,0,0,1,0,0
Lebanon,2022-06-06,1,0,0,0,0,0,0,0,0,0,0,0,0,0,0,0,1,0,0
Lebanon,2022-06-20,11,0,0,0,0,0,0,0,0,0,0,0,0,0,0,0,11,0,0
Lebanon,2022-07-04,16,0,0,0,0,0,0,0,0,0,0,0,0,0,0,0,16,0,0
Lebanon,2022-07-18,13,0,0,0,0,0,0,0,0,0,0,0,0,0,0,0,13,0,0
Lebanon,2022-08-01,21,0,0,0,0,0,0,0,0,0,0,0,0,0,0,0,21,0,0
Lebanon,2022-08-15,10,0,0,0,0,0,0,0,0,0,0,0,0,0,0,0,10,0,0
Lebanon,2022-08-29,6,0,0,0,0,0,0,0,0,0,0,0,0,0,0,0,6,0,0
Lebanon,2022-09-12,2,0,0,0,0,0,0,0,0,0,0,0,0,0,0,0,2,0,0
Lebanon,2022-09-26,1,0,0,0,0,0,0,0,0,0,0,0,0,0,0,0,1,0,0
Lebanon,2022-10-24,1,0,0,0,0,0,0,0,0,0,0,0,0,0,0,0,1,0,0
Lebanon,2022-11-07,7,0,0,0,0,0,0,0,0,0,0,0,0,0,0,0,7,0,0
Lebanon,2022-11-21,2,0,0,0,0,0,0,0,0,0,0,0,0,0,0,0,2,0,0
Lebanon,2022-12-19,3,0,0,0,0,0,0,0,0,0,0,0,0,0,0,0,3,0,0
Lebanon,2023-01-02,8,0,0,0,0,0,0,0,0,0,0,0,0,0,0,0,8,0,0
Lebanon,2023-01-16,8,0,0,0,0,0,0,0,0,0,0,0,0,0,0,0,8,0,0
Lebanon,2023-01-30,2,0,0,0,0,0,0,0,0,0,0,0,0,0,0,0,2,0,0
Lebanon,2023-02-13,6,0,0,0,0,0,0,0,0,0,0,0,0,0,0,0,6,0,0
Lebanon,2023-02-27,3,0,0,0,0,0,0,0,0,0,0,0,0,0,0,0,3,0,0
Lebanon,2023-03-13,5,0,0,0,0,0,0,0,0,0,0,0,0,0,0,0,5,0,0
Lebanon,2023-03-27,6,0,0,0,0,0,0,0,0,0,0,0,0,0,0,0,6,0,0
Lebanon,2023-04-10,8,0,0,0,0,0,0,0,0,0,0,0,0,0,0,0,8,0,0
Lebanon,2023-04-24,7,0,0,0,0,0,0,0,0,0,0,0,0,0,0,0,7,0,0
Lebanon,2023-05-08,4,0,0,0,0,0,0,0,0,0,0,0,0,0,0,0,4,0,0
Lebanon,2023-05-22,1,0,0,0,0,0,0,0,0,0,0,0,0,0,0,0,1,0,0
Lebanon,2023-06-05,2,0,0,0,0,0,0,0,0,0,0,0,0,0,0,0,2,0,0
Lebanon,2023-07-03,3,0,0,0,0,0,0,0,0,0,0,0,0,0,0,0,3,0,0
Lebanon,2023-07-31,7,0,0,0,0,0,0,0,0,0,0,0,0,0,0,0,7,0,0
Lebanon,2023-08-14,10,0,0,0,0,0,0,0,0,0,0,0,0,0,0,0,10,0,0
Lebanon,2023-08-28,7,0,0,0,0,0,0,0,0,0,0,0,0,0,0,0,7,0,0
Lebanon,2023-09-11,6,0,0,0,0,0,0,0,0,0,0,0,0,0,0,0,6,0,0
Lebanon,2023-09-25,1,0,0,0,0,0,0,0,0,0,0,0,0,0,0,0,1,0,0
Lebanon,2023-10-23,2,1,0,0,0,0,0,0,0,0,0,0,0,0,0,0,1,0,0
Lebanon,2023-11-06,1,0,0,0,0,0,0,0,0,0,0,0,0,0,0,0,1,0,0
Lebanon,2023-11-20,1,0,0,0,0,0,0,0,0,0,0,0,0,0,0,0,1,0,0
Lebanon,2023-12-04,3,0,0,0,0,0,0,0,0,0,0,0,0,0,0,0,3,0,0
Lebanon,2023-12-18,1,0,0,0,0,0,0,0,0,0,0,0,0,0,0,0,1,0,0
Lebanon,2024-01-01,1,0,0,0,0,0,0,0,0,0,0,0,0,0,0,0,1,0,0
Lebanon,2024-01-15,1,0,0,0,0,0,0,0,0,0,0,0,0,0,0,0,1,0,0
Lebanon,2024-01-29,1,0,0,0,0,0,0,0,0,0,0,0,0,0,0,0,1,0,0
Lebanon,2024-02-12,2,0,0,0,0,0,0,0,0,0,0,0,0,0,0,0,2,0,0
Lebanon,2024-02-26,1,0,0,0,0,0,0,0,0,0,0,0,0,0,0,0,1,0,0
Lebanon,2024-04-22,1,0,0,0,0,0,0,0,0,0,0,0,0,0,0,0,1,0,0
Lebanon,2024-05-06,1,0,0,0,0,0,0,0,0,0,0,0,0,0,0,0,1,0,0
Lebanon,2024-07-01,3,0,0,0,0,0,0,0,0,0,0,0,0,0,0,0,3,0,0
Lebanon,2024-07-15,5,0,0,0,0,0,0,0,0,0,0,0,0,0,0,0,5,0,0
Lebanon,2024-07-29,2,0,0,0,0,0,0,0,0,0,0,0,0,0,0,0,2,0,0
Liechtenstein,2020-10-12,3,0,3,0,0,0,0,0,0,0,0,0,0,0,0,0,0,0,0
Liechtenstein,2020-11-09,1,0,1,0,0,0,0,0,0,0,0,0,0,0,0,0,0,0,0
Liechtenstein,2020-11-23,2,0,2,0,0,0,0,0,0,0,0,0,0,0,0,0,0,0,0
Liechtenstein,2020-12-07,11,0,10,0,0,0,0,0,0,0,0,0,0,0,0,0,0,0,1
Liechtenstein,2020-12-21,13,0,13,0,0,0,0,0,0,0,0,0,0,0,0,0,0,0,0
Liechtenstein,2021-01-18,3,0,0,0,0,0,0,3,0,0,0,0,0,0,0,0,0,0,0
Liechtenstein,2021-02-01,3,0,0,0,0,0,0,3,0,0,0,0,0,0,0,0,0,0,0
Liechtenstein,2021-03-29,8,0,0,0,0,0,0,0,3,0,0,1,0,1,0,1,0,0,2
Liechtenstein,2021-04-12,10,0,0,0,0,0,0,6,0,0,0,1,0,1,0,0,0,0,2
Liechtenstein,2021-04-26,12,0,0,0,0,0,0,0,0,0,0,2,0,0,0,0,0,0,10
Liechtenstein,2021-05-10,2,0,0,0,0,0,0,1,0,0,0,0,0,0,0,0,0,0,1
Liechtenstein,2021-06-07,4,0,0,0,0,0,0,2,0,2,0,0,0,0,0,0,0,0,0
Liechtenstein,2021-07-05,3,0,0,0,0,0,0,0,0,3,0,0,0,0,0,0,0,0,0
Liechtenstein,2021-07-19,1,0,0,0,0,0,0,0,0,1,0,0,0,0,0,0,0,0,0
Liechtenstein,2021-08-02,4,0,0,0,0,0,0,0,0,4,0,0,0,0,0,0,0,0,0
Liechtenstein,2021-08-16,5,0,0,0,0,0,0,0,0,5,0,0,0,0,0,0,0,0,0
Liechtenstein,2021-08-30,5,0,0,0,0,0,0,0,0,5,0,0,0,0,0,0,0,0,0
Liechtenstein,2021-09-13,2,0,0,0,0,0,0,0,0,2,0,0,0,0,0,0,0,0,0
Liechtenstein,2021-09-27,3,0,0,0,0,0,0,0,0,3,0,0,0,0,0,0,0,0,0
Liechtenstein,2021-10-11,6,0,0,0,0,0,0,0,0,6,0,0,0,0,0,0,0,0,0
Liechtenstein,2021-10-25,20,0,0,0,0,0,0,0,0,20,0,0,0,0,0,0,0,0,0
Liechtenstein,2021-11-08,93,0,0,0,0,0,0,0,0,93,0,0,0,0,0,0,0,0,0
Liechtenstein,2021-11-22,98,0,0,0,0,0,0,0,0,98,0,0,0,0,0,0,0,0,0
Liechtenstein,2021-12-06,129,0,0,0,0,0,0,0,0,126,0,0,0,0,0,0,3,0,0
Liechtenstein,2021-12-20,97,0,0,0,0,0,0,0,0,41,0,0,0,0,0,0,56,0,0
Liechtenstein,2022-01-03,3,0,0,0,0,0,0,0,0,1,0,0,0,0,0,0,2,0,0
Liechtenstein,2022-01-17,11,0,0,0,0,0,0,0,0,0,0,0,0,0,0,0,11,0,0
Liechtenstein,2022-01-31,105,0,0,0,0,0,0,0,0,5,0,0,0,0,0,0,100,0,0
Liechtenstein,2022-02-14,42,0,0,0,0,0,0,0,0,0,0,0,0,0,0,0,42,0,0
Liechtenstein,2022-02-28,58,0,0,0,0,0,0,0,0,0,0,0,0,0,0,0,58,0,0
Liechtenstein,2022-03-14,74,0,0,0,0,0,0,0,0,0,0,0,0,0,0,0,74,0,0
Liechtenstein,2022-03-28,12,0,0,0,0,0,0,0,0,0,0,0,0,0,0,0,12,0,0
Liechtenstein,2022-04-25,6,0,0,0,0,0,0,0,0,0,0,0,0,0,0,0,6,0,0
Liechtenstein,2022-05-09,19,0,0,0,0,0,0,0,0,0,0,0,0,0,0,0,19,0,0
Liechtenstein,2022-05-23,17,0,0,0,0,0,0,0,0,0,0,0,0,0,0,0,17,0,0
Liechtenstein,2022-06-06,14,0,0,0,0,0,0,0,0,0,0,0,0,0,0,0,14,0,0
Liechtenstein,2022-06-20,29,1,0,0,0,0,0,0,0,0,0,0,0,0,0,0,28,0,0
Liechtenstein,2022-07-04,16,1,0,0,0,0,0,0,0,0,0,0,0,0,0,0,15,0,0
Liechtenstein,2022-07-18,29,0,0,0,0,0,0,0,0,0,0,0,0,0,0,0,29,0,0
Liechtenstein,2022-08-01,33,1,0,0,0,0,0,0,0,0,0,0,0,0,0,0,32,0,0
Liechtenstein,2022-08-15,25,0,0,0,0,0,0,0,0,0,0,0,0,0,0,0,25,0,0
Liechtenstein,2022-08-29,46,0,0,0,0,0,0,0,0,0,0,0,0,0,0,0,46,0,0
Liechtenstein,2022-09-12,49,2,0,0,0,0,0,0,0,0,0,0,0,0,0,0,47,0,0
Liechtenstein,2022-09-26,31,0,0,0,0,0,0,0,0,0,0,0,0,0,0,0,31,0,0
Liechtenstein,2022-10-10,29,0,0,0,0,0,0,0,0,0,0,0,0,0,0,0,29,0,0
Liechtenstein,2022-10-24,24,0,0,0,0,0,0,0,0,0,0,0,0,0,0,0,24,0,0
Liechtenstein,2022-11-07,25,0,0,0,0,0,0,0,0,0,0,0,0,0,0,0,25,0,0
Liechtenstein,2022-11-21,27,0,0,0,0,0,0,0,0,0,0,0,0,0,0,0,27,0,0
Liechtenstein,2022-12-05,46,0,0,0,0,0,0,0,0,0,0,0,0,0,0,0,46,0,0
Liechtenstein,2022-12-19,26,0,0,0,0,0,0,0,0,0,0,0,0,0,0,0,26,0,0
Lithuania,2020-05-11,13,0,0,0,0,0,0,0,0,0,0,2,0,0,0,0,0,0,11
Lithuania,2020-05-25,2,0,0,0,0,0,0,0,0,0,0,0,0,0,0,0,0,0,2
Lithuania,2020-07-20,9,0,0,0,0,0,0,0,0,0,0,2,0,0,0,0,0,0,7
Lithuania,2020-08-03,16,0,0,0,0,0,0,0,0,0,0,3,0,0,0,0,0,0,13
Lithuania,2020-08-17,14,0,0,3,0,0,0,0,0,0,0,1,0,0,0,0,0,0,10
Lithuania,2020-08-31,30,0,0,1,0,11,0,0,0,0,0,0,0,0,0,0,0,0,18
Lithuania,2020-09-14,4,0,0,0,0,1,0,0,0,0,0,0,0,0,0,0,0,0,3
Lithuania,2020-09-28,4,0,1,0,0,0,0,0,0,0,0,0,0,0,0,0,0,0,3
Lithuania,2020-10-12,2,0,1,0,0,0,0,0,0,0,0,0,0,0,0,0,0,0,1
Lithuania,2020-10-26,3,0,2,0,0,1,0,0,0,0,0,0,0,0,0,0,0,0,0
Lithuania,2020-11-09,17,0,2,0,0,10,0,0,0,0,0,0,0,0,0,0,0,0,5
Lithuania,2020-11-23,189,0,3,0,2,100,0,0,0,0,0,0,0,0,0,0,0,0,84
Lithuania,2020-12-07,197,0,2,0,2,123,0,0,0,0,0,0,0,0,0,0,0,0,70
Lithuania,2020-12-21,101,0,5,0,0,79,0,0,0,0,0,0,0,0,0,0,0,0,17
Lithuania,2021-01-04,195,0,1,0,1,154,0,0,0,0,0,0,0,0,0,0,0,0,39
Lithuania,2021-01-18,62,0,2,0,0,50,0,0,0,0,0,0,0,0,0,0,0,0,10
Lithuania,2021-02-01,388,0,6,0,1,309,0,24,0,0,0,0,0,0,0,0,0,0,48
Lithuania,2021-02-15,1448,0,11,0,1,953,0,272,0,0,0,0,0,0,0,0,0,0,211
Lithuania,2021-03-01,755,0,13,0,0,346,6,300,0,0,0,0,0,0,0,0,0,1,89
Lithuania,2021-03-15,1844,0,19,3,0,511,3,1242,0,0,1,1,0,0,0,0,0,0,64
Lithuania,2021-03-29,1693,0,43,0,0,190,1,1429,0,0,1,0,0,0,0,0,0,0,29
Lithuania,2021-04-12,1739,0,25,0,0,73,0,1607,3,0,2,1,0,0,0,0,0,0,28
Lithuania,2021-04-26,1542,0,25,0,0,31,0,1476,1,0,1,0,0,2,0,0,0,0,6
Lithuania,2021-05-10,1489,0,18,0,0,12,0,1444,0,0,2,0,0,1,0,0,0,0,12
Lithuania,2021-05-24,1347,0,48,0,0,8,0,1270,1,8,1,0,0,3,0,0,0,0,8
Lithuania,2021-06-07,749,0,20,0,0,4,0,705,1,18,0,0,0,0,0,1,0,0,0
Lithuania,2021-06-21,191,0,4,0,0,1,0,132,1,52,0,0,1,0,0,0,0,0,0
Lithuania,2021-07-05,465,0,0,0,0,0,0,39,0,423,0,0,3,0,0,0,0,0,0
Lithuania,2021-07-19,1376,0,0,0,0,0,0,5,0,1371,0,0,0,0,0,0,0,0,0
Lithuania,2021-08-02,1541,0,0,0,0,0,0,2,1,1538,0,0,0,0,0,0,0,0,0
Lithuania,2021-08-16,1394,0,0,0,0,0,0,0,0,1394,0,0,0,0,0,0,0,0,0
Lithuania,2021-08-30,1193,0,0,0,0,0,0,0,0,1193,0,0,0,0,0,0,0,0,0
Lithuania,2021-09-13,713,0,0,0,0,0,0,0,0,713,0,0,0,0,0,0,0,0,0
Lithuania,2021-09-27,869,0,0,0,0,0,0,0,0,869,0,0,0,0,0,0,0,0,0
Lithuania,2021-10-11,859,0,0,0,0,0,0,0,0,859,0,0,0,0,0,0,0,0,0
Lithuania,2021-10-25,1127,0,0,0,0,0,0,0,0,1127,0,0,0,0,0,0,0,0,0
Lithuania,2021-11-08,1057,0,0,0,0,0,0,0,0,1057,0,0,0,0,0,0,0,0,0
Lithuania,2021-11-22,1485,0,0,0,0,0,0,0,0,1485,0,0,0,0,0,0,0,0,0
Lithuania,2021-12-06,1729,0,0,0,0,0,0,0,0,1673,0,0,0,0,0,0,56,0,0
Lithuania,2021-12-20,1644,0,0,0,0,0,0,0,0,1081,0,0,0,0,0,0,563,0,0
Lithuania,2022-01-03,1282,0,0,0,0,0,0,0,0,324,0,0,0,0,0,0,958,0,0
Lithuania,2022-01-17,572,0,0,0,0,0,0,0,0,31,0,0,0,0,0,0,541,0,0
Lithuania,2022-01-31,1211,0,0,0,0,0,0,0,0,6,0,0,0,0,0,0,1204,0,1
Lithuania,2022-02-14,1308,0,0,0,0,0,0,0,0,0,0,0,0,0,0,0,1308,0,0
Lithuania,2022-02-28,942,0,0,0,0,0,0,0,0,0,0,0,0,0,0,0,942,0,0
Lithuania,2022-03-14,1255,0,0,0,0,0,0,0,0,0,0,0,0,0,0,0,1255,0,0
Lithuania,2022-03-28,815,0,0,0,0,0,0,0,0,9,0,0,0,0,0,0,806,0,0
Lithuania,2022-04-11,1083,5,0,0,0,0,0,0,0,1,0,0,0,0,0,0,1077,0,0
Lithuania,2022-04-25,347,3,0,0,0,0,0,0,0,0,0,0,0,0,0,0,344,0,0
Lithuania,2022-09-26,1,0,0,0,0,0,0,0,0,0,0,0,0,0,0,0,0,0,1
Lithuania,2022-10-10,5,0,0,0,0,0,0,0,0,0,0,0,0,0,0,0,5,0,0
Lithuania,2022-10-24,27,0,0,0,0,0,0,0,0,0,0,0,0,0,0,0,27,0,0
Lithuania,2022-11-07,196,1,0,0,0,0,0,0,0,0,0,0,0,0,0,0,194,0,1
Lithuania,2022-11-21,169,0,0,0,0,0,0,0,0,0,0,0,0,0,0,0,168,0,1
Lithuania,2022-12-05,166,2,0,0,0,0,0,0,0,0,0,0,0,0,0,0,164,0,0
Lithuania,2022-12-19,122,7,0,0,0,0,0,0,0,0,0,0,0,0,0,0,115,0,0
Lithuania,2023-01-02,112,2,0,0,0,0,0,0,0,0,0,0,0,0,0,0,110,0,0
Lithuania,2023-01-16,120,9,0,0,0,0,0,0,0,0,0,0,0,0,0,0,111,0,0
Lithuania,2023-01-30,250,20,0,0,0,0,0,0,0,0,0,0,0,0,0,0,230,0,0
Lithuania,2023-02-13,204,13,0,0,0,0,0,0,0,0,0,0,0,0,0,0,191,0,0
Lithuania,2023-02-27,186,17,0,0,0,0,0,0,0,0,0,0,0,0,0,0,169,0,0
Lithuania,2023-03-13,159,2,0,0,0,0,0,0,0,0,0,0,0,0,0,0,157,0,0
Lithuania,2023-03-27,103,4,0,0,0,0,0,0,0,0,0,0,0,0,0,0,99,0,0
Lithuania,2023-04-10,51,0,0,0,0,0,0,0,0,0,0,0,0,0,0,0,51,0,0
Lithuania,2023-04-24,91,9,0,0,0,0,0,0,0,0,0,0,0,0,0,0,82,0,0
Lithuania,2023-05-08,93,4,0,0,0,0,0,0,0,0,0,0,0,0,0,0,89,0,0
Lithuania,2023-05-22,30,8,0,0,0,0,0,0,0,0,0,0,0,0,0,0,22,0,0
Lithuania,2023-06-19,18,4,0,0,0,0,0,0,0,0,0,0,0,0,0,0,14,0,0
Lithuania,2023-07-03,8,2,0,0,0,0,0,0,0,0,0,0,0,0,0,0,6,0,0
Lithuania,2023-07-17,12,0,0,0,0,0,0,0,0,0,0,0,0,0,0,0,12,0,0
Lithuania,2023-07-31,20,2,0,0,0,0,0,0,0,0,0,0,0,0,0,0,18,0,0
Lithuania,2023-08-14,20,0,0,0,0,0,0,0,0,0,0,0,0,0,0,0,20,0,0
Lithuania,2023-08-28,91,2,0,0,0,0,0,0,0,0,0,0,0,0,0,0,89,0,0
Lithuania,2023-09-11,166,5,0,0,0,0,0,0,0,0,0,0,0,0,0,0,161,0,0
Lithuania,2023-09-25,118,0,0,0,0,0,0,0,0,0,0,0,0,0,0,0,118,0,0
Lithuania,2023-10-09,202,7,0,0,0,0,0,0,0,0,0,0,0,0,0,0,195,0,0
Lithuania,2023-10-23,297,4,0,0,0,0,0,0,0,0,0,0,0,0,0,0,293,0,0
Lithuania,2023-11-06,221,1,0,0,0,0,0,0,0,0,0,0,0,0,0,0,220,0,0
Lithuania,2023-11-20,308,0,0,0,0,0,0,0,0,0,0,0,0,0,0,0,308,0,0
Lithuania,2023-12-04,317,1,0,0,0,0,0,0,0,0,0,0,0,0,0,0,316,0,0
Lithuania,2023-12-18,169,2,0,0,0,0,0,0,0,0,0,0,0,0,0,0,167,0,0
Lithuania,2024-01-01,31,0,0,0,0,0,0,0,0,0,0,0,0,0,0,0,31,0,0
Lithuania,2024-01-15,14,0,0,0,0,0,0,0,0,0,0,0,0,0,0,0,14,0,0
Lithuania,2024-01-29,6,0,0,0,0,0,0,0,0,0,0,0,0,0,0,0,6,0,0
Lithuania,2024-02-12,4,0,0,0,0,0,0,0,0,0,0,0,0,0,0,0,4,0,0
Lithuania,2024-02-26,4,0,0,0,0,0,0,0,0,0,0,0,0,0,0,0,4,0,0
Lithuania,2024-03-11,2,0,0,0,0,0,0,0,0,0,0,0,0,0,0,0,2,0,0
Lithuania,2024-04-08,1,0,0,0,0,0,0,0,0,0,0,0,0,0,0,0,1,0,0
Luxembourg,2020-04-27,6,0,0,0,0,0,0,0,0,0,0,0,0,0,0,0,0,0,6
Luxembourg,2020-05-11,12,0,0,0,0,0,0,0,0,0,0,0,0,0,0,0,0,0,12
Luxembourg,2020-06-08,4,0,0,0,0,0,0,0,0,0,0,0,0,0,0,0,0,0,4
Luxembourg,2020-06-22,20,0,0,0,0,0,0,0,0,0,0,0,0,1,0,0,0,0,19
Luxembourg,2020-07-06,24,0,0,0,0,0,0,0,0,0,0,0,0,1,0,0,0,0,23
Luxembourg,2020-07-20,20,0,0,0,0,0,0,0,0,0,0,0,0,1,0,0,0,0,19
Luxembourg,2020-08-03,17,0,1,0,0,0,0,0,0,0,0,0,0,0,0,0,0,0,16
Luxembourg,2020-08-17,4,0,0,0,0,0,0,0,0,0,0,0,0,0,0,0,0,0,4
Luxembourg,2020-08-31,7,0,3,0,0,0,0,0,0,0,0,0,0,0,0,0,0,0,4
Luxembourg,2020-09-14,18,0,6,0,0,4,0,0,0,0,0,0,0,0,0,0,0,0,8
Luxembourg,2020-09-28,34,0,15,0,0,10,0,0,0,0,0,0,0,0,0,0,0,0,9
Luxembourg,2020-10-12,393,0,258,0,0,77,0,0,0,0,0,0,0,0,0,0,0,0,58
Luxembourg,2020-10-26,535,0,345,0,0,114,0,0,0,0,0,0,0,0,0,0,0,0,76
Luxembourg,2020-11-09,442,0,270,0,0,118,0,0,0,0,0,0,0,0,0,0,0,0,54
Luxembourg,2020-11-23,769,0,495,0,0,180,0,0,0,0,0,0,0,0,0,0,0,0,94
Luxembourg,2020-12-07,668,0,414,0,0,177,0,0,0,0,0,0,0,0,0,0,0,0,77
Luxembourg,2020-12-21,267,0,133,0,0,90,0,6,0,0,0,0,0,0,0,0,0,0,38
Luxembourg,2021-01-04,210,0,92,1,0,53,3,27,0,0,0,0,0,0,0,0,0,0,34
Luxembourg,2021-01-18,313,0,121,0,0,69,15,78,0,0,0,0,0,0,0,0,0,0,30
Luxembourg,2021-02-01,614,0,140,0,0,35,42,324,1,0,0,1,0,0,0,0,0,0,71
Luxembourg,2021-02-15,488,0,37,0,0,7,92,283,1,0,0,0,1,1,0,0,0,0,66
Luxembourg,2021-03-01,718,0,23,0,0,7,161,444,1,0,0,0,0,1,0,0,0,0,81
Luxembourg,2021-03-15,795,0,7,0,0,4,191,552,0,0,0,0,1,1,0,0,0,0,39
Luxembourg,2021-03-29,1039,0,2,0,0,6,180,807,17,9,2,0,4,0,0,0,0,0,12
Luxembourg,2021-04-12,1094,0,0,0,0,2,93,959,12,2,1,0,11,0,0,0,0,0,14
Luxembourg,2021-04-26,885,0,0,1,0,0,79,708,41,5,0,0,17,16,1,0,0,0,17
Luxembourg,2021-05-10,549,0,0,1,0,0,27,397,21,46,0,0,22,14,1,0,0,0,20
Luxembourg,2021-05-24,310,0,0,0,0,0,7,188,20,79,0,0,0,4,1,1,0,0,10
Luxembourg,2021-06-07,162,0,2,0,0,0,1,72,4,78,1,0,1,1,0,1,0,0,1
Luxembourg,2021-06-21,521,0,0,0,0,0,3,10,339,167,0,0,1,0,0,0,0,0,1
Luxembourg,2021-07-05,921,0,0,0,0,0,1,27,482,409,0,0,0,0,0,0,0,0,2
Luxembourg,2021-07-19,521,0,0,0,0,0,0,7,98,416,0,0,0,0,0,0,0,0,0
Luxembourg,2021-08-02,388,0,0,0,0,0,0,0,6,381,0,0,0,0,0,1,0,0,0
Luxembourg,2021-08-16,491,0,0,0,0,0,0,0,0,491,0,0,0,0,0,0,0,0,0
Luxembourg,2021-08-30,571,0,0,0,0,0,0,0,0,571,0,0,0,0,0,0,0,0,0
Luxembourg,2021-09-13,662,0,0,0,0,0,0,0,0,662,0,0,0,0,0,0,0,0,0
Luxembourg,2021-09-27,703,0,0,0,0,0,0,0,0,703,0,0,0,0,0,0,0,0,0
Luxembourg,2021-10-11,798,0,0,0,0,0,0,0,0,798,0,0,0,0,0,0,0,0,0
Luxembourg,2021-10-25,784,0,0,0,0,0,0,0,0,784,0,0,0,0,0,0,0,0,0
Luxembourg,2021-11-08,814,0,0,0,0,0,0,0,0,814,0,0,0,0,0,0,0,0,0
Luxembourg,2021-11-22,1230,0,0,0,0,0,0,0,0,1230,0,0,0,0,0,0,0,0,0
Luxembourg,2021-12-06,1234,0,0,0,0,0,0,0,0,1174,0,0,0,0,0,0,60,0,0
Luxembourg,2021-12-20,1142,0,0,0,0,0,0,0,0,489,0,0,0,0,0,0,653,0,0
Luxembourg,2022-01-03,1159,0,0,0,0,0,0,0,0,86,0,0,0,0,0,0,1073,0,0
Luxembourg,2022-01-17,1830,0,0,0,0,0,0,0,0,12,0,0,0,0,0,0,1818,0,0
Luxembourg,2022-01-31,1629,0,0,0,0,0,0,0,0,3,0,0,0,0,0,0,1626,0,0
Luxembourg,2022-02-14,1484,3,0,0,0,0,0,0,0,3,0,0,0,0,0,0,1478,0,0
Luxembourg,2022-02-28,1314,6,0,0,0,0,0,0,0,0,0,0,0,0,0,0,1308,0,0
Luxembourg,2022-03-14,1312,7,0,0,0,0,0,0,0,0,0,0,0,0,0,0,1305,0,0
Luxembourg,2022-03-28,1306,9,0,0,0,0,0,0,0,0,0,0,0,0,0,0,1297,0,0
Luxembourg,2022-04-11,1267,16,0,0,0,0,0,0,0,0,0,0,0,0,0,0,1251,0,0
Luxembourg,2022-04-25,1301,14,0,0,0,0,0,0,0,0,0,0,0,0,0,0,1287,0,0
Luxembourg,2022-05-09,1296,7,0,0,0,0,0,0,0,0,0,0,0,0,0,0,1289,0,0
Luxembourg,2022-05-23,1300,3,0,0,0,0,0,0,0,0,0,0,0,0,0,0,1297,0,0
Luxembourg,2022-06-06,1230,6,0,0,0,0,0,0,0,0,0,0,0,0,0,0,1224,0,0
Luxembourg,2022-06-20,1308,4,0,0,0,0,0,0,0,0,0,0,0,0,0,0,1304,0,0
Luxembourg,2022-07-04,1334,10,0,0,0,0,0,0,0,0,0,0,0,0,0,0,1324,0,0
Luxembourg,2022-07-18,1343,10,0,0,0,0,0,0,0,0,0,0,0,0,0,0,1333,0,0
Luxembourg,2022-08-01,1315,15,0,0,0,0,0,0,0,0,0,0,0,0,0,0,1300,0,0
Luxembourg,2022-08-15,1021,4,0,0,0,0,0,0,0,0,0,0,0,0,0,0,1017,0,0
Luxembourg,2022-08-29,912,4,0,0,0,0,0,0,0,0,0,0,0,0,0,0,908,0,0
Luxembourg,2022-09-12,861,4,0,0,0,0,0,0,0,0,0,0,0,0,0,0,857,0,0
Luxembourg,2022-09-26,1069,3,0,0,0,0,0,0,0,0,0,0,0,0,0,0,1066,0,0
Luxembourg,2022-10-10,1181,2,0,0,0,0,0,0,0,0,0,0,0,0,0,0,1179,0,0
Luxembourg,2022-10-24,1046,5,0,0,0,0,0,0,0,0,0,0,0,0,0,0,1041,0,0
Luxembourg,2022-11-07,911,1,0,0,0,0,0,0,0,0,0,0,0,0,0,0,910,0,0
Luxembourg,2022-11-21,478,2,0,0,0,0,0,0,0,0,0,0,0,0,0,0,476,0,0
Luxembourg,2022-12-05,635,5,0,0,0,0,0,0,0,0,0,0,0,0,0,0,630,0,0
Luxembourg,2022-12-19,635,3,0,0,0,0,0,0,0,0,0,0,0,0,0,0,632,0,0
Luxembourg,2023-01-02,544,3,0,0,0,0,0,0,0,0,0,0,0,0,0,0,541,0,0
Luxembourg,2023-01-16,405,13,0,0,0,0,0,0,0,0,0,0,0,0,0,0,392,0,0
Luxembourg,2023-01-30,493,14,0,0,0,0,0,0,0,0,0,0,0,0,0,0,479,0,0
Luxembourg,2023-02-13,486,21,0,0,0,0,0,0,0,0,0,0,0,0,0,0,465,0,0
Luxembourg,2023-02-27,669,23,0,0,0,0,0,0,0,0,0,0,0,0,0,0,646,0,0
Luxembourg,2023-03-13,544,12,0,0,0,0,0,0,0,0,0,0,0,0,0,0,532,0,0
Luxembourg,2023-03-27,405,1,0,0,0,0,0,0,0,0,0,0,0,0,0,0,404,0,0
Luxembourg,2023-04-10,298,1,0,0,0,0,0,0,0,0,0,0,0,0,0,0,297,0,0
Luxembourg,2023-04-24,275,0,0,0,0,0,0,0,0,0,0,0,0,0,0,0,275,0,0
Luxembourg,2023-05-08,181,1,0,0,0,0,0,0,0,0,0,0,0,0,0,0,180,0,0
Luxembourg,2023-05-22,93,2,0,0,0,0,0,0,0,0,0,0,0,0,0,0,91,0,0
Luxembourg,2023-06-05,54,1,0,0,0,0,0,0,0,0,0,0,0,0,0,0,53,0,0
Luxembourg,2023-06-19,40,0,0,0,0,0,0,0,0,0,0,0,0,0,0,0,40,0,0
Luxembourg,2023-07-03,47,1,0,0,0,0,0,0,0,0,0,0,0,0,0,0,46,0,0
Luxembourg,2023-07-17,80,0,0,0,0,0,0,0,0,0,0,0,0,0,0,0,80,0,0
Luxembourg,2023-07-31,111,1,0,0,0,0,0,0,0,0,0,0,0,0,0,0,110,0,0
Luxembourg,2023-08-14,168,3,0,0,0,0,0,0,0,0,0,0,0,0,0,0,165,0,0
Luxembourg,2023-08-28,225,3,0,0,0,0,0,0,0,0,0,0,0,0,0,0,222,0,0
Luxembourg,2023-09-11,181,10,0,0,0,0,0,0,0,0,0,0,0,0,0,0,171,0,0
Luxembourg,2023-09-25,170,9,0,0,0,0,0,0,0,0,0,0,0,0,0,0,161,0,0
Luxembourg,2023-10-09,180,10,0,0,0,0,0,0,0,0,0,0,0,0,0,0,170,0,0
Luxembourg,2023-10-23,97,2,0,0,0,0,0,0,0,0,0,0,0,0,0,0,95,0,0
Luxembourg,2023-11-06,120,6,0,0,0,0,0,0,0,0,0,0,0,0,0,0,114,0,0
Luxembourg,2023-11-20,114,3,0,0,0,0,0,0,0,0,0,0,0,0,0,0,111,0,0
Luxembourg,2023-12-04,104,1,0,0,0,0,0,0,0,0,0,0,0,0,0,0,103,0,0
Luxembourg,2023-12-18,90,1,0,0,0,0,0,0,0,0,0,0,0,0,0,0,89,0,0
Luxembourg,2024-01-01,158,2,0,0,0,0,0,0,0,0,0,0,0,0,0,0,156,0,0
Luxembourg,2024-01-15,118,3,0,0,0,0,0,0,0,0,0,0,0,0,0,0,115,0,0
Luxembourg,2024-01-29,123,1,0,0,0,0,0,0,0,0,0,0,0,0,0,0,122,0,0
Luxembourg,2024-02-12,51,2,0,0,0,0,0,0,0,0,0,0,0,0,0,0,49,0,0
Luxembourg,2024-02-26,18,1,0,0,0,0,0,0,0,0,0,0,0,0,0,0,17,0,0
Luxembourg,2024-03-25,1,0,0,0,0,0,0,0,0,0,0,0,0,0,0,0,1,0,0
Luxembourg,2024-04-08,4,0,0,0,0,0,0,0,0,0,0,0,0,0,0,0,4,0,0
Luxembourg,2024-04-22,10,1,0,0,0,0,0,0,0,0,0,0,0,0,0,0,9,0,0
Luxembourg,2024-05-06,9,0,0,0,0,0,0,0,0,0,0,0,0,0,0,0,9,0,0
Luxembourg,2024-07-01,39,0,0,0,0,0,0,0,0,0,0,0,0,0,0,0,39,0,0
Luxembourg,2024-07-15,50,0,0,0,0,0,0,0,0,0,0,0,0,0,0,0,50,0,0
Luxembourg,2024-07-29,32,0,0,0,0,0,0,0,0,0,0,0,0,0,0,0,32,0,0
Madagascar,2020-04-27,8,8,0,0,0,0,0,0,0,0,0,0,0,0,0,0,0,0,0
Madagascar,2020-05-11,12,12,0,0,0,0,0,0,0,0,0,0,0,0,0,0,0,0,0
Madagascar,2020-05-25,27,26,0,0,0,0,0,0,0,0,0,0,0,0,0,0,0,0,1
Madagascar,2020-06-08,16,16,0,0,0,0,0,0,0,0,0,0,0,0,0,0,0,0,0
Madagascar,2020-06-22,27,26,0,0,0,0,0,0,0,0,0,0,0,0,0,0,0,0,1
Madagascar,2020-07-06,25,24,0,0,0,0,0,0,0,0,0,0,0,0,0,0,0,0,1
Madagascar,2020-07-20,27,26,0,0,0,0,0,0,0,0,0,0,0,0,0,0,0,0,1
Madagascar,2020-08-03,12,12,0,0,0,0,0,0,0,0,0,0,0,0,0,0,0,0,0
Madagascar,2020-08-17,21,20,0,0,0,0,0,0,0,0,0,0,0,0,0,0,0,0,1
Madagascar,2020-08-31,17,17,0,0,0,0,0,0,0,0,0,0,0,0,0,0,0,0,0
Madagascar,2020-09-14,7,7,0,0,0,0,0,0,0,0,0,0,0,0,0,0,0,0,0
Madagascar,2020-09-28,10,10,0,0,0,0,0,0,0,0,0,0,0,0,0,0,0,0,0
Madagascar,2020-10-12,6,6,0,0,0,0,0,0,0,0,0,0,0,0,0,0,0,0,0
Madagascar,2020-10-26,8,0,1,0,0,1,1,0,0,0,0,0,0,0,0,0,0,0,5
Madagascar,2020-11-09,14,0,1,0,0,2,0,0,0,0,0,0,0,0,0,0,0,0,11
Madagascar,2020-11-23,9,9,0,0,0,0,0,0,0,0,0,0,0,0,0,0,0,0,0
Madagascar,2020-12-07,20,20,0,0,0,0,0,0,0,0,0,0,0,0,0,0,0,0,0
Madagascar,2020-12-21,12,12,0,0,0,0,0,0,0,0,0,0,0,0,0,0,0,0,0
Madagascar,2021-01-04,38,0,1,1,0,5,0,0,0,0,0,0,0,0,0,0,0,0,31
Madagascar,2021-01-18,19,19,0,0,0,0,0,0,0,0,0,0,0,0,0,0,0,0,0
Madagascar,2021-02-01,28,0,0,1,0,5,1,0,2,0,0,1,1,0,0,0,0,0,17
Madagascar,2021-02-15,32,0,0,0,0,3,17,0,1,0,0,1,0,0,0,0,0,0,10
Madagascar,2021-03-01,22,0,0,0,0,1,20,0,0,0,0,0,0,0,0,0,0,0,1
Madagascar,2021-03-15,37,0,0,0,0,1,29,3,0,0,0,1,0,0,0,0,0,0,3
Madagascar,2021-03-29,84,0,0,0,0,1,63,16,0,0,0,1,0,0,0,0,0,0,3
Madagascar,2021-04-12,76,0,0,0,0,0,70,6,0,0,0,0,0,0,0,0,0,0,0
Madagascar,2021-04-26,13,0,0,0,0,0,11,2,0,0,0,0,0,0,0,0,0,0,0
Madagascar,2021-05-10,15,0,0,0,0,0,15,0,0,0,0,0,0,0,0,0,0,0,0
Madagascar,2021-05-24,3,0,0,0,0,0,3,0,0,0,0,0,0,0,0,0,0,0,0
Madagascar,2021-07-05,42,0,0,0,0,0,42,0,0,0,0,0,0,0,0,0,0,0,0
Madagascar,2021-09-27,1,0,0,0,0,0,0,0,0,1,0,0,0,0,0,0,0,0,0
Madagascar,2021-10-25,6,0,0,0,0,0,0,0,0,6,0,0,0,0,0,0,0,0,0
Madagascar,2021-11-08,4,0,0,0,0,0,0,0,0,4,0,0,0,0,0,0,0,0,0
Madagascar,2021-11-22,4,0,0,0,0,0,0,0,0,4,0,0,0,0,0,0,0,0,0
Madagascar,2021-12-06,4,0,0,0,0,0,0,0,0,3,0,0,0,0,0,0,1,0,0
Madagascar,2021-12-20,12,0,0,0,0,0,0,0,0,9,0,0,0,0,0,0,3,0,0
Madagascar,2022-01-03,1,0,0,0,0,0,0,0,0,0,0,0,0,0,0,0,1,0,0
Madagascar,2022-01-17,26,0,0,0,0,0,0,0,0,0,0,0,0,0,0,0,26,0,0
Madagascar,2022-01-31,21,0,0,0,0,0,0,0,0,0,0,0,0,0,0,0,21,0,0
Madagascar,2022-02-14,5,0,0,0,0,0,0,0,0,0,0,0,0,0,0,0,5,0,0
Madagascar,2023-10-09,4,0,0,0,0,0,0,0,0,0,0,0,0,0,0,0,4,0,0
Madagascar,2023-10-23,4,0,0,0,0,0,0,0,0,0,0,0,0,0,0,0,4,0,0
Madagascar,2023-11-06,4,0,0,0,0,0,0,0,0,0,0,0,0,0,0,0,4,0,0
Madagascar,2023-11-20,13,0,0,0,0,0,0,0,0,0,0,0,0,0,0,0,13,0,0
Madagascar,2023-12-04,11,0,0,0,0,0,0,0,0,0,0,0,0,0,0,0,11,0,0
Madagascar,2023-12-18,14,0,0,0,0,0,0,0,0,0,0,0,0,0,0,0,14,0,0
Madagascar,2024-01-01,6,0,0,0,0,0,0,0,0,0,0,0,0,0,0,0,6,0,0
Madagascar,2024-04-22,1,0,0,0,0,0,0,0,0,0,0,0,0,0,0,0,1,0,0
Madagascar,2024-05-06,9,0,0,0,0,0,0,0,0,0,0,0,0,0,0,0,9,0,0
Madagascar,2024-07-01,2,0,0,0,0,0,0,0,0,0,0,0,0,0,0,0,2,0,0
Malawi,2020-05-25,4,4,0,0,0,0,0,0,0,0,0,0,0,0,0,0,0,0,0
Malawi,2020-06-08,4,4,0,0,0,0,0,0,0,0,0,0,0,0,0,0,0,0,0
Malawi,2020-06-22,13,13,0,0,0,0,0,0,0,0,0,0,0,0,0,0,0,0,0
Malawi,2020-07-20,1,1,0,0,0,0,0,0,0,0,0,0,0,0,0,0,0,0,0
Malawi,2020-08-03,1,1,0,0,0,0,0,0,0,0,0,0,0,0,0,0,0,0,0
Malawi,2020-08-17,2,2,0,0,0,0,0,0,0,0,0,0,0,0,0,0,0,0,0
Malawi,2020-09-14,1,1,0,0,0,0,0,0,0,0,0,0,0,0,0,0,0,0,0
Malawi,2020-11-23,2,0,0,0,0,0,1,1,0,0,0,0,0,0,0,0,0,0,0
Malawi,2020-12-07,8,0,0,0,0,0,7,0,0,0,0,0,0,0,0,0,0,0,1
Malawi,2020-12-21,20,0,0,0,0,0,18,0,0,0,0,0,0,0,0,0,0,0,2
Malawi,2021-01-04,96,0,1,0,0,2,89,1,0,0,0,0,0,0,0,0,0,0,3
Malawi,2021-01-18,173,0,2,0,0,1,163,0,1,0,0,0,0,0,0,0,0,0,6
Malawi,2021-02-01,26,0,0,0,0,0,26,0,0,0,0,0,0,0,0,0,0,0,0
Malawi,2021-02-15,37,0,0,0,0,0,36,0,0,0,0,0,0,0,0,0,0,0,1
Malawi,2021-03-01,23,0,0,0,0,0,22,1,0,0,0,0,0,0,0,0,0,0,0
Malawi,2021-03-15,5,0,0,0,0,0,3,0,0,2,0,0,0,0,0,0,0,0,0
Malawi,2021-03-29,32,0,0,0,0,0,32,0,0,0,0,0,0,0,0,0,0,0,0
Malawi,2021-04-12,5,0,0,0,0,0,4,0,0,1,0,0,0,0,0,0,0,0,0
Malawi,2021-04-26,19,0,0,0,0,0,2,0,1,9,0,0,0,0,0,1,0,0,6
Malawi,2021-05-10,2,0,0,0,0,0,2,0,0,0,0,0,0,0,0,0,0,0,0
Malawi,2021-05-24,45,0,0,0,0,0,2,0,0,42,0,0,0,0,0,0,0,0,1
Malawi,2021-06-07,40,0,0,0,0,0,2,0,0,38,0,0,0,0,0,0,0,0,0
Malawi,2021-06-21,78,0,0,0,0,0,1,0,0,77,0,0,0,0,0,0,0,0,0
Malawi,2021-07-05,122,0,0,0,0,0,0,0,0,122,0,0,0,0,0,0,0,0,0
Malawi,2021-07-19,78,0,0,0,0,0,0,0,0,78,0,0,0,0,0,0,0,0,0
Malawi,2021-08-02,29,0,0,0,0,0,0,0,0,29,0,0,0,0,0,0,0,0,0
Malawi,2021-08-16,15,0,0,0,0,0,0,0,0,15,0,0,0,0,0,0,0,0,0
Malawi,2021-08-30,15,0,0,0,0,0,0,0,0,15,0,0,0,0,0,0,0,0,0
Malawi,2021-09-13,7,0,0,0,0,0,0,0,0,7,0,0,0,0,0,0,0,0,0
Malawi,2021-10-25,1,0,0,0,0,0,0,0,0,1,0,0,0,0,0,0,0,0,0
Malawi,2021-11-22,4,0,0,0,0,0,0,0,0,0,0,0,0,0,0,0,4,0,0
Malawi,2021-12-06,33,0,0,0,0,0,0,0,0,0,0,0,0,0,0,0,33,0,0
Malawi,2021-12-20,66,0,0,0,0,0,0,0,0,0,0,0,0,0,0,0,66,0,0
Malawi,2022-01-03,34,0,0,0,0,0,0,0,0,0,0,0,0,0,0,0,34,0,0
Malawi,2022-01-17,3,0,0,0,0,0,0,0,0,0,0,0,0,0,0,0,3,0,0
Malawi,2022-01-31,4,0,0,0,0,0,0,0,0,0,0,0,0,0,0,0,4,0,0
Malawi,2022-02-14,2,0,0,0,0,0,0,0,0,0,0,0,0,0,0,0,2,0,0
Malawi,2022-05-09,1,0,0,0,0,0,0,0,0,0,0,0,0,0,0,0,1,0,0
Malawi,2022-05-23,5,0,0,0,0,0,0,0,0,0,0,0,0,0,0,0,5,0,0
Malawi,2022-06-06,5,0,0,0,0,0,0,0,0,0,0,0,0,0,0,0,5,0,0
Malawi,2022-06-20,19,0,0,0,0,0,0,0,0,0,0,0,0,0,0,0,19,0,0
Malawi,2022-07-04,8,0,0,0,0,0,0,0,0,0,0,0,0,0,0,0,8,0,0
Malawi,2022-07-18,17,0,0,0,0,0,0,0,0,0,0,0,0,0,0,0,17,0,0
Malawi,2022-08-01,1,0,0,0,0,0,0,0,0,0,0,0,0,0,0,0,1,0,0
Malawi,2022-08-15,5,0,0,0,0,0,0,0,0,0,0,0,0,0,0,0,5,0,0
Malawi,2022-08-29,3,0,0,0,0,0,0,0,0,0,0,0,0,0,0,0,3,0,0
Malawi,2022-10-10,3,0,0,0,0,0,0,0,0,0,0,0,0,0,0,0,3,0,0
Malawi,2022-11-07,5,0,0,0,0,0,0,0,0,0,0,0,0,0,0,0,5,0,0
Malawi,2022-11-21,5,0,0,0,0,0,0,0,0,0,0,0,0,0,0,0,5,0,0
Malawi,2022-12-05,7,0,0,0,0,0,0,0,0,0,0,0,0,0,0,0,7,0,0
Malawi,2022-12-19,3,0,0,0,0,0,0,0,0,0,0,0,0,0,0,0,3,0,0
Malawi,2023-01-02,3,0,0,0,0,0,0,0,0,0,0,0,0,0,0,0,3,0,0
Malawi,2023-01-16,1,0,0,0,0,0,0,0,0,0,0,0,0,0,0,0,1,0,0
Malaysia,2020-04-27,7,0,0,0,0,0,0,0,0,0,0,1,0,0,0,0,0,0,6
Malaysia,2020-05-11,14,0,0,0,0,0,0,0,0,0,0,2,0,1,0,0,0,0,11
Malaysia,2020-05-25,8,0,0,0,0,0,0,0,0,0,0,1,0,0,0,0,0,0,7
Malaysia,2020-06-08,3,0,0,0,0,0,0,0,0,0,0,1,0,0,0,0,0,0,2
Malaysia,2020-07-06,2,0,0,0,0,0,0,0,0,0,0,0,0,0,0,0,0,0,2
Malaysia,2020-07-20,6,0,0,0,0,0,0,0,0,0,0,1,0,0,0,0,0,0,5
Malaysia,2020-08-03,9,0,0,0,0,0,0,0,0,0,0,2,0,0,0,0,0,0,7
Malaysia,2020-08-17,1,0,0,0,0,0,0,0,0,0,0,0,0,0,0,0,0,0,1
Malaysia,2020-08-31,23,0,0,0,0,0,0,0,0,0,0,4,0,1,0,0,0,0,18
Malaysia,2020-09-28,24,0,4,1,0,1,0,0,0,0,0,0,0,0,0,0,0,0,18
Malaysia,2020-10-12,43,0,0,0,0,0,0,0,0,0,0,7,0,1,0,0,0,1,34
Malaysia,2020-10-26,75,0,0,0,0,0,0,0,0,0,0,12,0,2,0,0,0,1,60
Malaysia,2020-11-09,62,0,0,0,0,0,0,0,0,0,0,10,0,2,0,0,0,1,49
Malaysia,2020-11-23,41,0,7,1,0,0,1,0,3,0,0,1,0,0,0,0,0,0,28
Malaysia,2020-12-07,61,0,0,0,0,0,0,0,0,0,0,10,0,1,0,0,0,1,49
Malaysia,2020-12-21,37,0,0,3,0,0,0,1,3,0,0,8,0,7,0,0,0,1,14
Malaysia,2021-01-04,148,0,0,0,0,0,0,0,6,5,0,1,0,0,0,8,0,0,128
Malaysia,2021-01-18,136,0,5,1,0,0,0,1,58,1,0,2,2,4,1,4,0,0,57
Malaysia,2021-02-01,89,0,8,1,0,0,2,1,15,1,0,1,0,2,0,1,0,0,57
Malaysia,2021-02-15,90,0,14,2,0,0,5,0,5,0,0,3,0,1,0,0,0,0,60
Malaysia,2021-03-01,59,0,0,0,0,0,11,0,3,7,0,3,0,0,0,4,0,0,31
Malaysia,2021-03-15,66,0,6,1,0,0,8,1,5,2,0,0,1,0,0,1,0,0,41
Malaysia,2021-03-29,140,0,13,1,0,0,10,4,19,7,1,1,0,1,0,3,0,0,80
Malaysia,2021-04-12,124,0,9,2,0,0,48,3,5,0,0,3,0,0,0,0,0,0,54
Malaysia,2021-04-26,141,0,12,1,0,0,53,0,0,11,0,0,0,0,0,0,0,0,64
Malaysia,2021-05-10,84,0,4,0,0,0,39,1,4,13,0,0,0,0,0,1,0,0,22
Malaysia,2021-05-24,133,0,0,0,0,0,52,2,21,36,3,0,0,1,1,9,0,0,8
Malaysia,2021-06-07,73,0,0,0,0,0,7,1,6,52,0,0,0,0,0,4,0,0,3
Malaysia,2021-06-21,130,0,0,0,0,0,4,2,12,98,0,0,0,0,0,7,0,0,7
Malaysia,2021-07-05,105,0,0,0,0,0,3,0,0,99,0,0,0,0,0,0,0,0,3
Malaysia,2021-07-19,328,0,0,0,0,0,11,0,2,295,0,0,0,0,0,2,0,0,18
Malaysia,2021-08-02,574,0,0,0,0,0,2,0,2,551,0,0,0,0,0,2,0,0,17
Malaysia,2021-08-16,706,0,0,0,0,0,1,0,0,703,0,0,0,0,0,0,0,0,2
Malaysia,2021-08-30,854,0,0,0,0,0,2,0,0,850,0,0,0,0,0,0,0,0,2
Malaysia,2021-09-13,714,0,0,0,0,0,1,0,0,713,0,0,0,0,0,0,0,0,0
Malaysia,2021-09-27,629,0,0,0,0,0,0,0,0,629,0,0,0,0,0,0,0,0,0
Malaysia,2021-10-11,397,0,0,0,0,0,0,0,0,397,0,0,0,0,0,0,0,0,0
Malaysia,2021-10-25,481,0,0,0,0,0,2,0,0,478,0,0,0,0,0,0,0,0,1
Malaysia,2021-11-08,419,0,0,0,0,0,0,0,0,418,0,0,0,0,0,0,1,0,0
Malaysia,2021-11-22,493,0,0,0,0,0,0,0,0,490,0,0,0,0,0,0,3,0,0
Malaysia,2021-12-06,556,0,0,0,0,0,0,0,0,480,0,0,0,0,0,0,76,0,0
Malaysia,2021-12-20,1132,0,0,0,0,0,0,0,0,380,0,0,0,0,0,0,752,0,0
Malaysia,2022-01-03,643,0,0,0,0,0,0,0,0,289,0,0,0,0,0,0,354,0,0
Malaysia,2022-01-17,903,0,0,0,0,0,0,0,0,138,0,0,0,0,0,0,765,0,0
Malaysia,2022-01-31,1119,0,0,0,0,0,0,0,0,26,0,0,0,0,0,0,1093,0,0
Malaysia,2022-02-14,1293,0,0,0,0,0,0,0,0,12,0,0,0,0,0,0,1281,0,0
Malaysia,2022-02-28,1036,0,0,0,0,0,0,0,0,9,0,0,0,0,0,0,1027,0,0
Malaysia,2022-03-14,3918,13,0,0,0,0,0,0,0,2,0,0,0,0,0,0,3901,0,2
Malaysia,2022-03-28,1328,1,0,0,0,0,0,0,0,1,0,0,0,0,0,0,1326,0,0
Malaysia,2022-04-11,1232,1,0,0,0,0,0,0,0,2,0,0,0,0,0,0,1229,0,0
Malaysia,2022-04-25,568,3,0,0,0,0,0,0,0,1,0,0,0,0,0,0,564,0,0
Malaysia,2022-05-09,726,1,0,0,0,0,0,0,0,1,0,0,0,0,0,0,724,0,0
Malaysia,2022-05-23,643,0,0,0,0,0,0,0,0,0,0,0,0,0,0,0,643,0,0
Malaysia,2022-06-06,904,0,0,0,0,0,0,0,0,0,0,0,0,0,0,0,904,0,0
Malaysia,2022-06-20,1149,1,0,0,0,0,0,0,0,0,0,0,0,0,0,0,1148,0,0
Malaysia,2022-07-04,1481,2,0,0,0,0,0,0,0,0,0,0,0,0,0,0,1479,0,0
Malaysia,2022-07-18,1290,1,0,0,0,0,0,0,0,0,0,0,0,0,0,0,1289,0,0
Malaysia,2022-08-01,1098,0,0,0,0,0,0,0,0,0,0,0,0,0,0,0,1098,0,0
Malaysia,2022-08-15,877,0,0,0,0,0,0,0,0,0,0,0,0,0,0,0,877,0,0
Malaysia,2022-08-29,585,2,0,0,0,0,0,0,0,0,0,0,0,0,0,0,583,0,0
Malaysia,2022-09-12,556,0,0,0,0,0,0,0,0,0,0,0,0,0,0,0,556,0,0
Malaysia,2022-09-26,411,4,0,0,0,0,0,0,0,0,0,0,0,0,0,0,407,0,0
Malaysia,2022-10-10,531,3,0,0,0,0,0,0,0,0,0,0,0,0,0,0,528,0,0
Malaysia,2022-10-24,833,7,0,0,0,0,0,0,0,0,0,0,0,0,0,0,826,0,0
Malaysia,2022-11-07,1147,11,0,0,0,0,0,0,0,0,0,0,0,0,0,0,1136,0,0
Malaysia,2022-11-21,909,4,0,0,0,0,0,0,0,0,0,0,0,0,0,0,905,0,0
Malaysia,2022-12-05,622,7,0,0,0,0,0,0,0,0,0,0,0,0,0,0,615,0,0
Malaysia,2022-12-19,307,3,0,0,0,0,0,0,0,0,0,0,0,0,0,0,304,0,0
Malaysia,2023-01-02,193,5,0,0,0,0,0,0,0,0,0,0,0,0,0,0,188,0,0
Malaysia,2023-01-16,127,8,0,0,0,0,0,0,0,0,0,0,0,0,0,0,119,0,0
Malaysia,2023-01-30,134,15,0,0,0,0,0,0,0,0,0,0,0,0,0,0,119,0,0
Malaysia,2023-02-13,106,11,0,0,0,0,0,0,0,0,0,0,0,0,0,0,95,0,0
Malaysia,2023-02-27,153,6,0,0,0,0,0,0,0,0,0,0,0,0,0,0,147,0,0
Malaysia,2023-03-13,210,9,0,0,0,0,0,0,0,0,0,0,0,0,0,0,201,0,0
Malaysia,2023-03-27,399,21,0,0,0,0,0,0,0,0,0,0,0,0,0,0,378,0,0
Malaysia,2023-04-10,472,22,0,0,0,0,0,0,0,0,0,0,0,0,0,0,450,0,0
Malaysia,2023-04-24,541,23,0,0,0,0,0,0,0,0,0,0,0,0,0,0,518,0,0
Malaysia,2023-05-08,555,13,0,0,0,0,0,0,0,0,0,0,0,0,0,0,542,0,0
Malaysia,2023-05-22,302,2,0,0,0,0,0,0,0,0,0,0,0,0,0,0,300,0,0
Malaysia,2023-06-05,205,3,0,0,0,0,0,0,0,0,0,0,0,0,0,0,202,0,0
Malaysia,2023-06-19,131,0,0,0,0,0,0,0,0,0,0,0,0,0,0,0,131,0,0
Malaysia,2023-07-03,76,0,0,0,0,0,0,0,0,0,0,0,0,0,0,0,76,0,0
Malaysia,2023-07-17,54,2,0,0,0,0,0,0,0,0,0,0,0,0,0,0,52,0,0
Malaysia,2023-07-31,29,0,0,0,0,0,0,0,0,0,0,0,0,0,0,0,29,0,0
Malaysia,2023-08-14,27,0,0,0,0,0,0,0,0,0,0,0,0,0,0,0,27,0,0
Malaysia,2023-08-28,23,0,0,0,0,0,0,0,0,0,0,0,0,0,0,0,23,0,0
Malaysia,2023-09-11,49,0,0,0,0,0,0,0,0,0,0,0,0,0,0,0,49,0,0
Malaysia,2023-09-25,59,1,0,0,0,0,0,0,0,0,0,0,0,0,0,0,58,0,0
Malaysia,2023-10-09,78,1,0,0,0,0,0,0,0,0,0,0,0,0,0,0,77,0,0
Malaysia,2023-10-23,116,5,0,0,0,0,0,0,0,0,0,0,0,0,0,0,111,0,0
Malaysia,2023-11-06,169,11,0,0,0,0,0,0,0,0,0,0,0,0,0,0,158,0,0
Malaysia,2023-11-20,191,9,0,0,0,0,0,0,0,0,0,0,0,0,0,0,182,0,0
Malaysia,2023-12-04,430,12,0,0,0,0,0,0,0,0,0,0,0,0,0,0,418,0,0
Malaysia,2023-12-18,414,5,0,0,0,0,0,0,0,0,0,0,0,0,0,0,409,0,0
Malaysia,2024-01-01,440,0,0,0,0,0,0,0,0,0,0,0,0,0,0,0,440,0,0
Malaysia,2024-01-15,128,0,0,0,0,0,0,0,0,0,0,0,0,0,0,0,128,0,0
Malaysia,2024-01-29,49,0,0,0,0,0,0,0,0,0,0,0,0,0,0,0,49,0,0
Malaysia,2024-02-12,19,0,0,0,0,0,0,0,0,0,0,0,0,0,0,0,19,0,0
Malaysia,2024-02-26,13,0,0,0,0,0,0,0,0,0,0,0,0,0,0,0,13,0,0
Malaysia,2024-03-11,17,1,0,0,0,0,0,0,0,0,0,0,0,0,0,0,16,0,0
Malaysia,2024-03-25,9,0,0,0,0,0,0,0,0,0,0,0,0,0,0,0,9,0,0
Malaysia,2024-04-08,14,0,0,0,0,0,0,0,0,0,0,0,0,0,0,0,14,0,0
Malaysia,2024-04-22,27,0,0,0,0,0,0,0,0,0,0,0,0,0,0,0,27,0,0
Malaysia,2024-05-06,44,0,0,0,0,0,0,0,0,0,0,0,0,0,0,0,44,0,0
Malaysia,2024-07-01,103,1,0,0,0,0,0,0,0,0,0,0,0,0,0,0,102,0,0
Malaysia,2024-07-15,93,6,0,0,0,0,0,0,0,0,0,0,0,0,0,0,87,0,0
Malaysia,2024-07-29,42,2,0,0,0,0,0,0,0,0,0,0,0,0,0,0,40,0,0
Maldives,2020-04-27,1,1,0,0,0,0,0,0,0,0,0,0,0,0,0,0,0,0,0
Maldives,2020-05-11,1,1,0,0,0,0,0,0,0,0,0,0,0,0,0,0,0,0,0
Maldives,2020-05-25,1,1,0,0,0,0,0,0,0,0,0,0,0,0,0,0,0,0,0
Maldives,2020-06-08,1,1,0,0,0,0,0,0,0,0,0,0,0,0,0,0,0,0,0
Maldives,2020-07-06,2,2,0,0,0,0,0,0,0,0,0,0,0,0,0,0,0,0,0
Maldives,2020-07-20,1,1,0,0,0,0,0,0,0,0,0,0,0,0,0,0,0,0,0
Maldives,2020-08-03,3,3,0,0,0,0,0,0,0,0,0,0,0,0,0,0,0,0,0
Maldives,2020-09-14,1,1,0,0,0,0,0,0,0,0,0,0,0,0,0,0,0,0,0
Maldives,2020-10-26,1,1,0,0,0,0,0,0,0,0,0,0,0,0,0,0,0,0,0
Maldives,2020-12-21,2,0,0,0,0,0,0,2,0,0,0,0,0,0,0,0,0,0,0
Maldives,2021-01-04,1,1,0,0,0,0,0,0,0,0,0,0,0,0,0,0,0,0,0
Maldives,2021-01-18,1,1,0,0,0,0,0,0,0,0,0,0,0,0,0,0,0,0,0
Maldives,2021-02-01,4,0,0,0,0,0,0,3,0,0,0,0,0,0,0,0,0,0,1
Maldives,2021-03-01,2,0,0,0,0,0,0,2,0,0,0,0,0,0,0,0,0,0,0
Maldives,2021-03-15,3,0,0,0,0,0,0,3,0,0,0,0,0,0,0,0,0,0,0
Maldives,2021-03-29,1,0,0,0,0,0,0,1,0,0,0,0,0,0,0,0,0,0,0
Maldives,2021-04-12,2,0,0,0,0,0,0,0,0,2,0,0,0,0,0,0,0,0,0
Maldives,2021-04-26,6,0,0,0,0,0,0,0,0,6,0,0,0,0,0,0,0,0,0
Maldives,2021-05-24,5,0,0,0,0,0,0,0,0,5,0,0,0,0,0,0,0,0,0
Maldives,2021-06-07,5,0,0,0,0,0,0,0,0,5,0,0,0,0,0,0,0,0,0
Maldives,2021-06-21,5,0,0,0,0,0,0,0,0,5,0,0,0,0,0,0,0,0,0
Maldives,2021-07-05,10,0,0,0,0,0,0,0,0,10,0,0,0,0,0,0,0,0,0
Maldives,2021-07-19,31,0,0,0,0,0,0,0,0,31,0,0,0,0,0,0,0,0,0
Maldives,2021-08-02,39,0,0,0,0,0,0,0,0,39,0,0,0,0,0,0,0,0,0
Maldives,2021-08-16,62,0,0,0,0,0,0,0,0,62,0,0,0,0,0,0,0,0,0
Maldives,2021-08-30,54,0,0,0,0,0,0,0,0,54,0,0,0,0,0,0,0,0,0
Maldives,2021-09-13,114,0,0,0,0,0,0,0,0,114,0,0,0,0,0,0,0,0,0
Maldives,2021-09-27,89,0,0,0,0,0,0,0,0,89,0,0,0,0,0,0,0,0,0
Maldives,2021-10-11,90,0,0,0,0,0,0,0,0,90,0,0,0,0,0,0,0,0,0
Maldives,2021-10-25,69,0,0,0,0,0,0,0,0,69,0,0,0,0,0,0,0,0,0
Maldives,2021-11-08,57,0,0,0,0,0,0,0,0,57,0,0,0,0,0,0,0,0,0
Maldives,2021-11-22,86,0,0,0,0,0,0,0,0,85,0,0,0,0,0,0,1,0,0
Maldives,2021-12-06,133,0,0,0,0,0,0,0,0,100,0,0,0,0,0,0,33,0,0
Maldives,2021-12-20,63,0,0,0,0,0,0,0,0,39,0,0,0,0,0,0,24,0,0
Maldives,2022-01-03,78,0,0,0,0,0,0,0,0,23,0,0,0,0,0,0,55,0,0
Maldives,2022-01-17,83,0,0,0,0,0,0,0,0,4,0,0,0,0,0,0,79,0,0
Maldives,2022-01-31,16,0,0,0,0,0,0,0,0,0,0,0,0,0,0,0,16,0,0
Maldives,2022-02-14,67,0,0,0,0,0,0,0,0,0,0,0,0,0,0,0,67,0,0
Maldives,2022-03-14,43,0,0,0,0,0,0,0,0,0,0,0,0,0,0,0,43,0,0
Maldives,2022-03-28,5,0,0,0,0,0,0,0,0,0,0,0,0,0,0,0,5,0,0
Maldives,2022-04-25,1,0,0,0,0,0,0,0,0,0,0,0,0,0,0,0,1,0,0
Malta,2020-08-03,1,1,0,0,0,0,0,0,0,0,0,0,0,0,0,0,0,0,0
Malta,2020-08-17,2,2,0,0,0,0,0,0,0,0,0,0,0,0,0,0,0,0,0
Malta,2020-08-31,6,6,0,0,0,0,0,0,0,0,0,0,0,0,0,0,0,0,0
Malta,2021-03-15,1,0,0,0,0,0,0,1,0,0,0,0,0,0,0,0,0,0,0
Malta,2021-03-29,49,0,0,0,0,0,1,41,0,0,0,1,1,1,0,0,0,0,4
Malta,2021-04-12,29,0,0,0,0,1,1,15,5,0,0,1,2,1,0,0,0,0,3
Malta,2021-04-26,59,0,0,0,0,0,0,34,22,0,0,0,3,0,0,0,0,0,0
Malta,2021-05-10,7,0,0,0,0,0,0,4,1,1,0,0,0,0,0,0,0,0,1
Malta,2021-05-24,15,0,0,0,0,0,1,12,0,0,0,0,0,0,0,1,0,0,1
Malta,2021-06-07,3,0,0,0,0,0,0,2,1,0,0,0,0,0,0,0,0,0,0
Malta,2021-06-21,23,0,0,0,0,0,0,1,1,20,0,0,1,0,0,0,0,0,0
Malta,2021-07-05,60,0,0,0,0,0,0,1,0,59,0,0,0,0,0,0,0,0,0
Malta,2021-07-19,3,0,0,0,0,0,0,0,0,3,0,0,0,0,0,0,0,0,0
Malta,2021-09-27,20,0,0,0,0,0,0,0,0,20,0,0,0,0,0,0,0,0,0
Malta,2021-10-11,21,0,0,0,0,0,0,0,0,21,0,0,0,0,0,0,0,0,0
Malta,2021-10-25,37,0,0,0,0,0,0,0,0,37,0,0,0,0,0,0,0,0,0
Malta,2021-11-08,41,0,0,0,0,0,0,0,0,41,0,0,0,0,0,0,0,0,0
Malta,2021-11-22,97,0,0,0,0,0,0,0,0,97,0,0,0,0,0,0,0,0,0
Malta,2021-12-06,101,0,0,0,0,0,0,0,0,76,0,0,0,0,0,0,25,0,0
Malta,2021-12-20,95,0,0,0,0,0,0,0,0,42,0,0,0,0,0,0,53,0,0
Malta,2022-01-03,68,0,0,0,0,0,0,0,0,10,0,0,0,0,0,0,58,0,0
Mauritius,2020-10-12,1,0,1,0,0,0,0,0,0,0,0,0,0,0,0,0,0,0,0
Mauritius,2020-10-26,1,0,1,0,0,0,0,0,0,0,0,0,0,0,0,0,0,0,0
Mauritius,2020-11-09,3,0,1,0,0,2,0,0,0,0,0,0,0,0,0,0,0,0,0
Mauritius,2020-11-23,1,0,0,0,0,0,0,0,0,0,0,0,0,0,0,0,0,0,1
Mauritius,2020-12-07,2,0,0,0,0,0,1,0,0,0,0,0,0,0,0,0,0,0,1
Mauritius,2020-12-21,2,0,0,0,0,0,0,0,0,0,0,0,0,0,0,0,0,0,2
Mauritius,2021-01-04,10,0,4,0,0,0,1,0,0,0,0,0,0,0,0,0,0,0,5
Mauritius,2021-01-18,11,0,0,0,0,1,3,4,0,0,0,1,0,0,0,0,0,0,2
Mauritius,2021-02-01,4,0,1,0,0,0,1,0,0,0,0,0,0,0,0,0,0,0,2
Mauritius,2021-02-15,2,0,0,0,0,0,0,1,0,0,0,0,0,0,0,0,0,0,1
Mauritius,2021-03-01,73,0,0,5,0,0,0,1,8,0,1,13,1,11,0,0,0,2,31
Mauritius,2021-03-15,19,0,0,1,0,0,1,0,2,0,0,1,0,0,0,0,0,0,14
Mauritius,2021-03-29,14,0,0,0,0,0,0,0,0,0,0,2,0,1,0,0,0,0,11
Mauritius,2021-04-12,1,0,0,0,0,0,0,0,0,0,0,0,0,0,0,0,0,0,1
Mauritius,2021-04-26,35,0,0,0,0,0,0,1,20,2,0,0,1,1,1,3,0,0,6
Mauritius,2021-05-10,26,0,0,0,0,0,0,0,0,0,0,4,0,1,0,0,0,0,21
Mauritius,2021-05-24,20,0,0,0,0,0,0,0,0,0,0,3,0,1,0,0,0,0,16
Mauritius,2021-06-07,14,0,0,0,0,0,1,0,1,5,0,0,1,0,0,0,0,0,6
Mauritius,2021-06-21,18,0,0,0,0,0,0,0,0,10,0,0,0,0,0,1,0,0,7
Mauritius,2021-07-05,34,0,0,0,0,0,0,0,1,2,0,0,0,0,0,2,0,0,29
Mauritius,2021-07-19,21,0,0,0,0,0,0,0,0,0,0,3,0,1,0,0,0,0,17
Mauritius,2021-08-02,6,0,0,0,0,0,0,0,0,3,0,0,0,0,0,0,0,0,3
Mauritius,2021-08-16,3,0,0,0,0,0,0,0,0,0,0,1,0,0,0,0,0,0,2
Mauritius,2021-08-30,43,0,0,0,0,0,0,0,0,0,0,7,0,1,0,0,0,1,34
Mauritius,2021-09-13,76,0,0,0,0,0,0,0,3,9,0,0,0,0,0,4,0,0,60
Mauritius,2021-09-27,83,0,0,0,0,0,0,0,2,30,0,0,0,0,0,3,0,0,48
Mauritius,2021-10-11,55,0,0,0,0,0,0,0,1,34,0,0,0,0,0,1,0,0,19
Mauritius,2021-11-08,4,0,0,0,0,0,0,0,0,0,0,1,0,0,0,0,0,0,3
Mauritius,2021-11-22,58,0,0,0,0,0,0,0,0,57,0,0,0,0,0,0,1,0,0
Mauritius,2021-12-06,25,0,0,0,0,0,0,0,0,25,0,0,0,0,0,0,0,0,0
Mauritius,2021-12-20,76,0,0,0,0,0,0,0,0,54,0,0,0,0,0,0,22,0,0
Mauritius,2022-01-03,90,0,0,0,0,0,0,0,0,33,0,0,0,0,0,0,57,0,0
Mauritius,2022-01-17,119,0,0,0,0,0,0,0,0,9,0,0,0,0,0,0,110,0,0
Mauritius,2022-01-31,216,0,0,0,0,0,0,0,0,3,0,0,0,0,0,0,213,0,0
Mauritius,2022-02-14,293,0,0,0,0,0,0,0,0,1,0,0,0,0,0,0,292,0,0
Mauritius,2022-02-28,179,0,0,0,0,0,0,0,0,0,0,0,0,0,0,0,179,0,0
Mauritius,2022-03-14,184,1,0,0,0,0,0,0,0,0,0,0,0,0,0,0,183,0,0
Mauritius,2022-03-28,199,0,0,0,0,0,0,0,0,0,0,0,0,0,0,0,199,0,0
Mauritius,2022-04-11,195,0,0,0,0,0,0,0,0,0,0,0,0,0,0,0,195,0,0
Mauritius,2022-04-25,98,0,0,0,0,0,0,0,0,0,0,0,0,0,0,0,98,0,0
Mauritius,2022-05-09,216,0,0,0,0,0,0,0,0,0,0,0,0,0,0,0,216,0,0
Mauritius,2022-05-23,186,0,0,0,0,0,0,0,0,0,0,0,0,0,0,0,186,0,0
Mauritius,2022-06-06,73,0,0,0,0,0,0,0,0,0,0,0,0,0,0,0,73,0,0
Mauritius,2022-06-20,161,0,0,0,0,0,0,0,0,0,0,0,0,0,0,0,161,0,0
Mauritius,2022-07-04,149,0,0,0,0,0,0,0,0,0,0,0,0,0,0,0,149,0,0
Mauritius,2022-07-18,229,1,0,0,0,0,0,0,0,0,0,0,0,0,0,0,228,0,0
Mauritius,2022-08-01,176,0,0,0,0,0,0,0,0,0,0,0,0,0,0,0,176,0,0
Mauritius,2022-08-15,222,0,0,0,0,0,0,0,0,0,0,0,0,0,0,0,222,0,0
Mauritius,2022-08-29,131,0,0,0,0,0,0,0,0,0,0,0,0,0,0,0,131,0,0
Mauritius,2022-09-12,155,0,0,0,0,0,0,0,0,0,0,0,0,0,0,0,155,0,0
Mauritius,2022-09-26,14,0,0,0,0,0,0,0,0,0,0,0,0,0,0,0,14,0,0
Mauritius,2022-10-10,83,0,0,0,0,0,0,0,0,0,0,0,0,0,0,0,83,0,0
Mauritius,2022-10-24,109,0,0,0,0,0,0,0,0,0,0,0,0,0,0,0,109,0,0
Mauritius,2022-11-07,174,0,0,0,0,0,0,0,0,0,0,0,0,0,0,0,174,0,0
Mauritius,2022-11-21,67,1,0,0,0,0,0,0,0,0,0,0,0,0,0,0,66,0,0
Mauritius,2022-12-05,100,4,0,0,0,0,0,0,0,0,0,0,0,0,0,0,96,0,0
Mauritius,2022-12-19,87,2,0,0,0,0,0,0,0,0,0,0,0,0,0,0,85,0,0
Mauritius,2023-01-02,84,0,0,0,0,0,0,0,0,0,0,0,0,0,0,0,84,0,0
Mauritius,2023-01-16,40,1,0,0,0,0,0,0,0,0,0,0,0,0,0,0,39,0,0
Mauritius,2023-01-30,37,1,0,0,0,0,0,0,0,0,0,0,0,0,0,0,36,0,0
Mauritius,2023-02-13,20,0,0,0,0,0,0,0,0,0,0,0,0,0,0,0,20,0,0
Mauritius,2023-02-27,37,0,0,0,0,0,0,0,0,0,0,0,0,0,0,0,37,0,0
Mauritius,2023-03-13,57,0,0,0,0,0,0,0,0,0,0,0,0,0,0,0,57,0,0
Mauritius,2023-03-27,31,0,0,0,0,0,0,0,0,0,0,0,0,0,0,0,31,0,0
Mauritius,2023-04-10,80,0,0,0,0,0,0,0,0,0,0,0,0,0,0,0,80,0,0
Mauritius,2023-04-24,110,0,0,0,0,0,0,0,0,0,0,0,0,0,0,0,110,0,0
Mauritius,2023-05-08,123,0,0,0,0,0,0,0,0,0,0,0,0,0,0,0,123,0,0
Mauritius,2023-05-22,50,0,0,0,0,0,0,0,0,0,0,0,0,0,0,0,50,0,0
Mauritius,2023-06-05,18,0,0,0,0,0,0,0,0,0,0,0,0,0,0,0,18,0,0
Mauritius,2023-06-19,9,1,0,0,0,0,0,0,0,0,0,0,0,0,0,0,8,0,0
Mauritius,2023-07-03,5,0,0,0,0,0,0,0,0,0,0,0,0,0,0,0,5,0,0
Mauritius,2023-07-17,2,0,0,0,0,0,0,0,0,0,0,0,0,0,0,0,2,0,0
Mauritius,2023-07-31,2,0,0,0,0,0,0,0,0,0,0,0,0,0,0,0,2,0,0
Mauritius,2023-08-14,1,0,0,0,0,0,0,0,0,0,0,0,0,0,0,0,1,0,0
Mauritius,2023-10-09,3,0,0,0,0,0,0,0,0,0,0,0,0,0,0,0,3,0,0
Mauritius,2023-10-23,12,0,0,0,0,0,0,0,0,0,0,0,0,0,0,0,12,0,0
Mauritius,2023-11-06,27,1,0,0,0,0,0,0,0,0,0,0,0,0,0,0,26,0,0
Mauritius,2023-11-20,18,0,0,0,0,0,0,0,0,0,0,0,0,0,0,0,18,0,0
Mauritius,2023-12-04,5,0,0,0,0,0,0,0,0,0,0,0,0,0,0,0,5,0,0
Mauritius,2023-12-18,4,0,0,0,0,0,0,0,0,0,0,0,0,0,0,0,4,0,0
Mauritius,2024-01-01,3,0,0,0,0,0,0,0,0,0,0,0,0,0,0,0,3,0,0
Mauritius,2024-01-15,3,0,0,0,0,0,0,0,0,0,0,0,0,0,0,0,3,0,0
Mauritius,2024-01-29,3,0,0,0,0,0,0,0,0,0,0,0,0,0,0,0,3,0,0
Mauritius,2024-03-11,1,0,0,0,0,0,0,0,0,0,0,0,0,0,0,0,1,0,0
Mauritius,2024-04-08,1,0,0,0,0,0,0,0,0,0,0,0,0,0,0,0,1,0,0
Mauritius,2024-04-22,10,0,0,0,0,0,0,0,0,0,0,0,0,0,0,0,10,0,0
Mauritius,2024-05-06,18,0,0,0,0,0,0,0,0,0,0,0,0,0,0,0,18,0,0
Mauritius,2024-07-01,4,0,0,0,0,0,0,0,0,0,0,0,0,0,0,0,4,0,0
Mauritius,2024-07-15,1,0,0,0,0,0,0,0,0,0,0,0,0,0,0,0,1,0,0
Mexico,2020-04-27,216,0,0,0,0,0,0,0,0,0,0,0,0,0,0,0,0,0,216
Mexico,2020-05-11,272,0,0,0,0,0,0,0,0,0,0,0,0,0,0,0,0,0,272
Mexico,2020-05-25,292,0,0,0,0,0,0,0,0,0,0,0,0,0,0,0,0,0,292
Mexico,2020-06-08,167,0,0,0,0,0,0,0,0,0,0,0,0,0,0,0,0,0,167
Mexico,2020-06-22,216,0,0,0,0,0,0,0,0,0,0,0,0,0,0,0,0,0,216
Mexico,2020-07-06,136,0,0,0,0,0,0,0,0,0,0,0,0,0,0,0,0,0,136
Mexico,2020-07-20,154,0,0,0,0,0,0,0,0,0,0,0,0,0,0,0,0,0,154
Mexico,2020-08-03,144,0,0,0,0,0,0,0,0,0,0,0,0,0,0,0,0,0,144
Mexico,2020-08-17,191,0,0,0,0,0,0,0,0,0,0,0,0,0,0,0,0,0,191
Mexico,2020-08-31,123,0,0,0,0,0,0,0,0,0,0,0,0,0,0,0,0,0,123
Mexico,2020-09-14,62,0,0,0,0,0,0,0,0,0,0,1,0,0,0,0,0,0,61
Mexico,2020-09-28,81,0,0,0,0,0,0,0,0,0,0,0,0,0,0,0,0,0,81
Mexico,2020-10-12,89,0,0,1,1,0,0,0,0,0,0,0,1,0,0,0,0,0,86
Mexico,2020-10-26,93,0,0,1,1,0,0,0,0,0,0,0,1,0,0,0,0,0,90
Mexico,2020-11-09,190,0,0,11,1,0,0,0,0,0,0,3,1,0,0,0,0,0,174
Mexico,2020-11-23,243,0,0,20,0,0,0,0,0,0,0,14,1,0,0,0,0,1,207
Mexico,2020-12-07,319,0,1,34,0,0,0,0,0,0,0,34,1,0,0,0,0,0,249
Mexico,2020-12-21,305,0,0,61,1,1,0,1,0,0,0,17,2,0,0,0,0,0,222
Mexico,2021-01-04,338,0,0,143,1,0,0,1,2,1,0,11,1,0,0,0,0,1,177
Mexico,2021-01-18,402,0,0,170,0,0,0,5,1,0,0,30,1,0,0,0,0,8,187
Mexico,2021-02-01,834,0,0,542,1,0,0,6,1,0,0,32,2,1,0,0,0,7,242
Mexico,2021-02-15,994,0,0,662,1,0,0,11,1,0,0,49,2,0,0,0,0,6,262
Mexico,2021-03-01,1406,0,0,1068,1,0,0,26,1,1,0,66,2,2,0,0,0,4,235
Mexico,2021-03-15,1085,1,0,795,1,0,0,34,6,1,2,47,2,3,0,0,0,1,192
Mexico,2021-03-29,1045,1,0,811,0,0,5,53,20,0,1,41,3,4,1,0,0,1,104
Mexico,2021-04-12,1226,5,0,881,0,0,2,116,59,1,0,46,3,3,16,4,0,1,89
Mexico,2021-04-26,1597,24,0,921,0,0,10,240,144,13,1,39,6,7,20,18,0,1,153
Mexico,2021-05-10,1650,56,0,624,0,0,2,305,336,35,0,28,16,17,16,33,0,0,182
Mexico,2021-05-24,1911,111,0,363,0,0,0,393,633,163,1,14,18,12,18,40,0,0,145
Mexico,2021-06-07,1793,104,0,240,0,0,0,307,650,306,0,12,11,5,40,42,0,0,76
Mexico,2021-06-21,2220,102,0,131,0,0,0,177,439,1175,0,6,5,6,50,90,0,0,39
Mexico,2021-07-05,1820,45,0,25,0,0,0,60,202,1342,0,0,1,1,21,98,0,0,25
Mexico,2021-07-19,2953,43,0,11,0,0,0,34,154,2383,0,2,1,1,17,57,0,0,250
Mexico,2021-08-02,2597,17,0,3,0,0,0,7,53,2293,0,0,1,0,8,25,0,0,190
Mexico,2021-08-16,2307,5,0,1,0,0,0,3,27,2139,0,0,2,0,3,10,0,0,117
Mexico,2021-08-30,2188,0,0,0,0,0,0,1,12,2171,0,0,0,0,0,3,0,0,1
Mexico,2021-09-13,2219,0,0,0,0,0,0,0,4,2210,0,0,0,0,0,2,0,0,3
Mexico,2021-09-27,2153,0,0,0,0,0,0,0,2,2150,0,0,0,0,0,0,0,0,1
Mexico,2021-10-11,1677,0,0,0,0,0,0,1,0,1676,0,0,0,0,0,0,0,0,0
Mexico,2021-10-25,1596,0,0,0,0,0,0,0,0,1596,0,0,0,0,0,0,0,0,0
Mexico,2021-11-08,1349,0,0,0,0,0,0,0,1,1344,0,0,0,0,0,1,2,0,1
Mexico,2021-11-22,1277,0,0,0,0,0,0,0,0,1265,0,0,0,0,0,0,10,0,2
Mexico,2021-12-06,1415,0,0,0,0,0,0,0,0,1204,0,0,0,0,0,0,211,0,0
Mexico,2021-12-20,2983,0,0,0,0,0,0,0,0,764,0,0,0,0,0,0,2219,0,0
Mexico,2022-01-03,3275,0,0,0,0,0,0,0,0,176,0,0,0,0,0,0,3099,0,0
Mexico,2022-01-17,3258,0,0,0,0,0,0,0,0,39,0,0,0,0,0,0,3219,0,0
Mexico,2022-01-31,1921,0,0,0,0,0,0,0,0,5,0,0,0,0,0,0,1916,0,0
Mexico,2022-02-14,1504,0,0,0,0,0,0,0,0,2,0,0,0,0,0,0,1502,0,0
Mexico,2022-02-28,764,0,0,0,0,0,0,0,0,2,0,0,0,0,0,0,761,0,1
Mexico,2022-03-14,369,0,0,0,0,0,0,0,0,0,0,0,0,0,0,0,369,0,0
Mexico,2022-03-28,427,1,0,0,0,0,0,0,0,0,0,0,0,0,0,0,426,0,0
Mexico,2022-04-11,323,1,0,0,0,0,0,0,0,0,0,0,0,0,0,0,322,0,0
Mexico,2022-04-25,489,4,0,0,0,0,0,0,0,0,0,0,0,0,0,0,485,0,0
Mexico,2022-05-09,943,4,0,0,0,0,0,0,0,0,0,0,0,0,0,0,939,0,0
Mexico,2022-05-23,1518,7,0,0,0,0,0,0,0,0,0,0,0,0,0,0,1511,0,0
Mexico,2022-06-06,2232,20,0,0,0,0,0,0,0,0,0,0,0,0,0,0,2212,0,0
Mexico,2022-06-20,2911,21,0,0,0,0,0,0,0,0,0,0,0,0,0,0,2890,0,0
Mexico,2022-07-04,2191,16,0,0,0,0,0,0,0,1,0,0,0,0,0,0,2174,0,0
Mexico,2022-07-18,2828,23,0,0,0,0,0,0,0,0,0,0,0,0,0,0,2805,0,0
Mexico,2022-08-01,2390,18,0,0,0,0,0,0,0,0,0,0,0,0,0,0,2372,0,0
Mexico,2022-08-15,1633,10,0,0,0,0,0,0,0,0,0,0,0,0,0,0,1623,0,0
Mexico,2022-08-29,852,2,0,0,0,0,0,0,0,0,0,0,0,0,0,0,850,0,0
Mexico,2022-09-12,521,2,0,0,0,0,0,0,0,0,0,0,0,0,0,0,519,0,0
Mexico,2022-09-26,363,1,0,0,0,0,0,0,0,0,0,0,0,0,0,0,362,0,0
Mexico,2022-10-10,218,0,0,0,0,0,0,0,0,0,0,0,0,0,0,0,218,0,0
Mexico,2022-10-24,279,0,0,0,0,0,0,0,0,0,0,0,0,0,0,0,279,0,0
Mexico,2022-11-07,524,0,0,0,0,0,0,0,0,0,0,0,0,0,0,0,524,0,0
Mexico,2022-11-21,676,2,0,0,0,0,0,0,0,0,0,0,0,0,0,0,674,0,0
Mexico,2022-12-05,1531,8,0,0,0,0,0,0,0,0,0,0,0,0,0,0,1523,0,0
Mexico,2022-12-19,1297,4,0,0,0,0,0,0,0,0,0,0,0,0,0,0,1293,0,0
Mexico,2023-01-02,1050,9,0,0,0,0,0,0,0,0,0,0,0,0,0,0,1041,0,0
Mexico,2023-01-16,754,8,0,0,0,0,0,0,0,0,0,0,0,0,0,0,746,0,0
Mexico,2023-01-30,280,3,0,0,0,0,0,0,0,0,0,0,0,0,0,0,277,0,0
Mexico,2023-02-13,293,2,0,0,0,0,0,0,0,0,0,0,0,0,0,0,291,0,0
Mexico,2023-02-27,175,2,0,0,0,0,0,0,0,0,0,0,0,0,0,0,173,0,0
Mexico,2023-03-13,343,1,0,0,0,0,0,0,0,0,0,0,0,0,0,0,342,0,0
Mexico,2023-03-27,349,0,0,0,0,0,0,0,0,0,0,0,0,0,0,0,349,0,0
Mexico,2023-04-10,388,0,0,0,0,0,0,0,0,0,0,0,0,0,0,0,388,0,0
Mexico,2023-04-24,307,0,0,0,0,0,0,0,0,0,0,0,0,0,0,0,307,0,0
Mexico,2023-05-08,311,0,0,0,0,0,0,0,0,0,0,0,0,0,0,0,311,0,0
Mexico,2023-05-22,336,1,0,0,0,0,0,0,0,0,0,0,0,0,0,0,335,0,0
Mexico,2023-06-05,224,0,0,0,0,0,0,0,0,0,0,0,0,0,0,0,224,0,0
Mexico,2023-06-19,178,0,0,0,0,0,0,0,0,0,0,0,0,0,0,0,178,0,0
Mexico,2023-07-03,209,0,0,0,0,0,0,0,0,0,0,0,0,0,0,0,209,0,0
Mexico,2023-07-17,215,3,0,0,0,0,0,0,0,0,0,0,0,0,0,0,212,0,0
Mexico,2023-07-31,260,2,0,0,0,0,0,0,0,0,0,0,0,0,0,0,258,0,0
Mexico,2023-08-14,246,1,0,0,0,0,0,0,0,0,0,0,0,0,0,0,245,0,0
Mexico,2023-08-28,250,0,0,0,0,0,0,0,0,0,0,0,0,0,0,0,250,0,0
Mexico,2023-09-11,133,0,0,0,0,0,0,0,0,0,0,0,0,0,0,0,133,0,0
Mexico,2023-09-25,113,0,0,0,0,0,0,0,0,0,0,0,0,0,0,0,113,0,0
Mexico,2023-10-09,95,0,0,0,0,0,0,0,0,0,0,0,0,0,0,0,95,0,0
Mexico,2023-10-23,36,0,0,0,0,0,0,0,0,0,0,0,0,0,0,0,36,0,0
Mexico,2023-11-06,49,0,0,0,0,0,0,0,0,0,0,0,0,0,0,0,49,0,0
Mexico,2023-11-20,44,0,0,0,0,0,0,0,0,0,0,0,0,0,0,0,44,0,0
Mexico,2023-12-04,35,0,0,0,0,0,0,0,0,0,0,0,0,0,0,0,35,0,0
Mexico,2023-12-18,98,1,0,0,0,0,0,0,0,0,0,0,0,0,0,0,97,0,0
Mexico,2024-01-01,132,3,0,0,0,0,0,0,0,0,0,0,0,0,0,0,129,0,0
Mexico,2024-01-15,294,6,0,0,0,0,0,0,0,0,0,0,0,0,0,0,288,0,0
Mexico,2024-01-29,378,6,0,0,0,0,0,0,0,0,0,0,0,0,0,0,372,0,0
Mexico,2024-02-12,255,4,0,0,0,0,0,0,0,0,0,0,0,0,0,0,251,0,0
Mexico,2024-02-26,197,9,0,0,0,0,0,0,0,0,0,0,0,0,0,0,188,0,0
Mexico,2024-03-11,72,1,0,0,0,0,0,0,0,0,0,0,0,0,0,0,71,0,0
Mexico,2024-03-25,63,4,0,0,0,0,0,0,0,0,0,0,0,0,0,0,59,0,0
Mexico,2024-04-08,45,0,0,0,0,0,0,0,0,0,0,0,0,0,0,0,45,0,0
Mexico,2024-04-22,33,1,0,0,0,0,0,0,0,0,0,0,0,0,0,0,32,0,0
Mexico,2024-05-06,66,2,0,0,0,0,0,0,0,0,0,0,0,0,0,0,64,0,0
Mexico,2024-07-01,252,1,0,0,0,0,0,0,0,0,0,0,0,0,0,0,251,0,0
Mexico,2024-07-15,438,0,0,0,0,0,0,0,0,0,0,0,0,0,0,0,438,0,0
Mexico,2024-07-29,127,0,0,0,0,0,0,0,0,0,0,0,0,0,0,0,127,0,0
Moldova,2020-06-08,3,0,0,0,0,0,0,0,0,0,0,1,0,0,0,0,0,0,2
Moldova,2020-08-31,8,0,0,0,0,0,0,0,0,0,0,1,0,0,0,0,0,0,7
Moldova,2021-01-18,1,0,0,0,0,0,0,1,0,0,0,0,0,0,0,0,0,0,0
Moldova,2021-02-01,3,0,0,0,0,0,0,3,0,0,0,0,0,0,0,0,0,0,0
Moldova,2021-02-15,4,0,0,0,0,0,0,4,0,0,0,0,0,0,0,0,0,0,0
Moldova,2021-03-01,3,0,0,0,0,0,0,3,0,0,0,0,0,0,0,0,0,0,0
Moldova,2021-03-15,2,0,0,0,0,0,0,2,0,0,0,0,0,0,0,0,0,0,0
Moldova,2021-03-29,7,0,0,0,0,0,0,7,0,0,0,0,0,0,0,0,0,0,0
Moldova,2021-04-12,3,0,0,0,0,0,0,3,0,0,0,0,0,0,0,0,0,0,0
Moldova,2021-04-26,6,0,0,0,0,0,0,5,0,0,0,0,1,0,0,0,0,0,0
Moldova,2021-05-10,6,0,0,0,0,0,0,5,0,0,0,0,0,0,0,0,0,0,1
Moldova,2021-06-07,2,0,0,0,0,0,0,0,0,2,0,0,0,0,0,0,0,0,0
Moldova,2021-06-21,10,0,0,0,0,0,0,2,0,8,0,0,0,0,0,0,0,0,0
Moldova,2021-07-05,1,0,0,0,0,0,0,0,0,1,0,0,0,0,0,0,0,0,0
Moldova,2021-08-02,5,0,0,0,0,0,0,0,0,5,0,0,0,0,0,0,0,0,0
Moldova,2021-08-16,2,0,0,0,0,0,0,0,0,2,0,0,0,0,0,0,0,0,0
Moldova,2021-08-30,35,0,0,0,0,0,0,0,0,35,0,0,0,0,0,0,0,0,0
Moldova,2021-09-13,1,0,0,0,0,0,0,0,0,1,0,0,0,0,0,0,0,0,0
Moldova,2021-10-11,2,0,0,0,0,0,0,0,0,2,0,0,0,0,0,0,0,0,0
Moldova,2021-10-25,13,0,0,0,0,0,0,0,0,13,0,0,0,0,0,0,0,0,0
Moldova,2021-11-08,10,0,0,0,0,0,0,0,0,10,0,0,0,0,0,0,0,0,0
Moldova,2021-11-22,13,0,0,0,0,0,0,0,0,13,0,0,0,0,0,0,0,0,0
Moldova,2021-12-06,30,0,0,0,0,0,0,0,0,28,0,0,0,0,0,0,2,0,0
Moldova,2021-12-20,20,0,0,0,0,0,0,0,0,12,0,0,0,0,0,0,8,0,0
Moldova,2022-01-03,137,0,0,0,0,0,0,0,0,17,0,0,0,0,0,0,120,0,0
Moldova,2022-01-17,49,0,0,0,0,0,0,0,0,1,0,0,0,0,0,0,48,0,0
Moldova,2022-01-31,53,0,0,0,0,0,0,0,0,0,0,0,0,0,0,0,53,0,0
Moldova,2022-02-14,30,0,0,0,0,0,0,0,0,0,0,0,0,0,0,0,30,0,0
Moldova,2022-02-28,29,0,0,0,0,0,0,0,0,0,0,0,0,0,0,0,29,0,0
Moldova,2022-03-14,10,1,0,0,0,0,0,0,0,0,0,0,0,0,0,0,9,0,0
Moldova,2022-03-28,36,1,0,0,0,0,0,0,0,0,0,0,0,0,0,0,35,0,0
Moldova,2022-04-11,22,0,0,0,0,0,0,0,0,0,0,0,0,0,0,0,22,0,0
Moldova,2022-04-25,17,0,0,0,0,0,0,0,0,0,0,0,0,0,0,0,17,0,0
Moldova,2022-05-09,7,0,0,0,0,0,0,0,0,0,0,0,0,0,0,0,7,0,0
Moldova,2022-05-23,4,0,0,0,0,0,0,0,0,0,0,0,0,0,0,0,4,0,0
Moldova,2022-06-06,12,0,0,0,0,0,0,0,0,0,0,0,0,0,0,0,12,0,0
Moldova,2022-06-20,13,0,0,0,0,0,0,0,0,0,0,0,0,0,0,0,13,0,0
Moldova,2022-07-04,23,0,0,0,0,0,0,0,0,0,0,0,0,0,0,0,23,0,0
Moldova,2022-08-01,5,0,0,0,0,0,0,0,0,0,0,0,0,0,0,0,5,0,0
Moldova,2022-08-15,25,0,0,0,0,0,0,0,0,0,0,0,0,0,0,0,25,0,0
Moldova,2022-08-29,27,0,0,0,0,0,0,0,0,0,0,0,0,0,0,0,27,0,0
Moldova,2022-10-24,4,0,0,0,0,0,0,0,0,0,0,0,0,0,0,0,4,0,0
Moldova,2022-11-07,2,0,0,0,0,0,0,0,0,0,0,0,0,0,0,0,2,0,0
Moldova,2022-11-21,8,0,0,0,0,0,0,0,0,0,0,0,0,0,0,0,8,0,0
Moldova,2022-12-05,15,0,0,0,0,0,0,0,0,0,0,0,0,0,0,0,15,0,0
Moldova,2022-12-19,7,0,0,0,0,0,0,0,0,0,0,0,0,0,0,0,7,0,0
Moldova,2023-01-02,8,0,0,0,0,0,0,0,0,0,0,0,0,0,0,0,8,0,0
Moldova,2023-01-16,22,0,0,0,0,0,0,0,0,0,0,0,0,0,0,0,22,0,0
Moldova,2023-01-30,12,0,0,0,0,0,0,0,0,0,0,0,0,0,0,0,12,0,0
Moldova,2023-03-13,1,0,0,0,0,0,0,0,0,0,0,0,0,0,0,0,1,0,0
Moldova,2023-03-27,4,0,0,0,0,0,0,0,0,0,0,0,0,0,0,0,4,0,0
Moldova,2023-04-10,2,0,0,0,0,0,0,0,0,0,0,0,0,0,0,0,2,0,0
Moldova,2023-04-24,1,0,0,0,0,0,0,0,0,0,0,0,0,0,0,0,1,0,0
Moldova,2023-12-04,1,0,0,0,0,0,0,0,0,0,0,0,0,0,0,0,1,0,0
Moldova,2023-12-18,6,2,0,0,0,0,0,0,0,0,0,0,0,0,0,0,4,0,0
Moldova,2024-01-01,8,0,0,0,0,0,0,0,0,0,0,0,0,0,0,0,8,0,0
Moldova,2024-01-15,3,0,0,0,0,0,0,0,0,0,0,0,0,0,0,0,3,0,0
Moldova,2024-01-29,4,0,0,0,0,0,0,0,0,0,0,0,0,0,0,0,4,0,0
Moldova,2024-02-12,10,0,0,0,0,0,0,0,0,0,0,0,0,0,0,0,10,0,0
Moldova,2024-02-26,3,0,0,0,0,0,0,0,0,0,0,0,0,0,0,0,3,0,0
Moldova,2024-03-11,2,0,0,0,0,0,0,0,0,0,0,0,0,0,0,0,2,0,0
Moldova,2024-03-25,2,0,0,0,0,0,0,0,0,0,0,0,0,0,0,0,2,0,0
Moldova,2024-04-08,3,0,0,0,0,0,0,0,0,0,0,0,0,0,0,0,3,0,0
Moldova,2024-07-01,1,0,0,0,0,0,0,0,0,0,0,0,0,0,0,0,1,0,0
Moldova,2024-07-15,4,0,0,0,0,0,0,0,0,0,0,0,0,0,0,0,4,0,0
Moldova,2024-07-29,6,0,0,0,0,0,0,0,0,0,0,0,0,0,0,0,6,0,0
Monaco,2021-01-18,1,0,0,0,0,1,0,0,0,0,0,0,0,0,0,0,0,0,0
Monaco,2021-02-01,1,0,0,0,0,0,0,1,0,0,0,0,0,0,0,0,0,0,0
Monaco,2021-02-15,4,0,2,0,0,0,1,0,0,0,0,0,0,0,0,0,0,0,1
Monaco,2021-04-12,2,0,0,0,0,0,0,2,0,0,0,0,0,0,0,0,0,0,0
Monaco,2021-05-10,1,0,0,0,0,0,0,0,0,1,0,0,0,0,0,0,0,0,0
Monaco,2021-06-07,20,0,0,0,0,0,0,0,0,20,0,0,0,0,0,0,0,0,0
Monaco,2021-06-21,12,0,0,0,0,0,0,0,0,12,0,0,0,0,0,0,0,0,0
Monaco,2021-07-05,1,0,0,0,0,0,0,0,0,1,0,0,0,0,0,0,0,0,0
Monaco,2021-07-19,22,0,0,0,0,0,0,0,0,22,0,0,0,0,0,0,0,0,0
Monaco,2021-08-02,5,0,0,0,0,0,0,0,0,5,0,0,0,0,0,0,0,0,0
Monaco,2021-08-16,6,0,0,0,0,0,0,0,0,6,0,0,0,0,0,0,0,0,0
Monaco,2021-09-13,2,0,0,0,0,0,0,0,0,2,0,0,0,0,0,0,0,0,0
Monaco,2021-10-11,1,0,0,0,0,0,0,0,0,1,0,0,0,0,0,0,0,0,0
Monaco,2021-10-25,4,0,0,0,0,0,0,0,0,4,0,0,0,0,0,0,0,0,0
Monaco,2021-11-08,1,0,0,0,0,0,0,0,0,1,0,0,0,0,0,0,0,0,0
Monaco,2021-12-06,1,0,0,0,0,0,0,0,0,1,0,0,0,0,0,0,0,0,0
Monaco,2022-01-31,8,0,0,0,0,0,0,0,0,0,0,0,0,0,0,0,8,0,0
Monaco,2022-02-14,4,0,0,0,0,0,0,0,0,0,0,0,0,0,0,0,4,0,0
Monaco,2022-05-09,2,0,0,0,0,0,0,0,0,0,0,0,0,0,0,0,2,0,0
Monaco,2023-09-11,1,0,0,0,0,0,0,0,0,0,0,0,0,0,0,0,1,0,0
Monaco,2023-09-25,1,0,0,0,0,0,0,0,0,0,0,0,0,0,0,0,1,0,0
Monaco,2024-03-11,1,0,0,0,0,0,0,0,0,0,0,0,0,0,0,0,1,0,0
Mongolia,2020-04-27,3,3,0,0,0,0,0,0,0,0,0,0,0,0,0,0,0,0,0
Mongolia,2020-05-11,2,2,0,0,0,0,0,0,0,0,0,0,0,0,0,0,0,0,0
Mongolia,2020-05-25,1,1,0,0,0,0,0,0,0,0,0,0,0,0,0,0,0,0,0
Mongolia,2020-06-08,1,1,0,0,0,0,0,0,0,0,0,0,0,0,0,0,0,0,0
Mongolia,2020-06-22,2,2,0,0,0,0,0,0,0,0,0,0,0,0,0,0,0,0,0
Mongolia,2020-07-06,2,2,0,0,0,0,0,0,0,0,0,0,0,0,0,0,0,0,0
Mongolia,2020-08-31,1,1,0,0,0,0,0,0,0,0,0,0,0,0,0,0,0,0,0
Mongolia,2020-09-28,4,4,0,0,0,0,0,0,0,0,0,0,0,0,0,0,0,0,0
Mongolia,2020-10-12,1,1,0,0,0,0,0,0,0,0,0,0,0,0,0,0,0,0,0
Mongolia,2020-10-26,10,10,0,0,0,0,0,0,0,0,0,0,0,0,0,0,0,0,0
Mongolia,2020-11-09,3,3,0,0,0,0,0,0,0,0,0,0,0,0,0,0,0,0,0
Mongolia,2020-11-23,4,4,0,0,0,0,0,0,0,0,0,0,0,0,0,0,0,0,0
Mongolia,2020-12-07,2,2,0,0,0,0,0,0,0,0,0,0,0,0,0,0,0,0,0
Mongolia,2020-12-21,11,11,0,0,0,0,0,0,0,0,0,0,0,0,0,0,0,0,0
Mongolia,2021-01-04,23,22,0,0,0,0,0,0,0,0,0,0,0,0,0,0,0,0,1
Mongolia,2021-01-18,8,8,0,0,0,0,0,0,0,0,0,0,0,0,0,0,0,0,0
Mongolia,2021-02-01,18,18,0,0,0,0,0,0,0,0,0,0,0,0,0,0,0,0,0
Mongolia,2021-02-15,26,25,0,0,0,0,0,0,0,0,0,0,0,0,0,0,0,0,1
Mongolia,2021-03-01,54,0,7,1,0,9,2,5,18,1,0,0,1,2,0,0,0,0,8
Mongolia,2021-03-15,46,45,0,0,0,0,0,0,0,0,0,0,0,0,0,0,0,0,1
Mongolia,2021-03-29,25,0,5,0,0,11,0,2,0,0,0,0,0,0,0,0,0,0,7
Mongolia,2021-04-12,129,0,5,0,0,5,1,59,15,37,0,0,1,1,0,0,0,0,5
Mongolia,2021-04-26,44,1,0,0,0,0,1,5,21,6,0,1,1,2,0,0,0,0,6
Mongolia,2021-05-10,47,0,5,0,0,12,0,23,0,0,0,0,0,0,0,0,0,0,7
Mongolia,2021-05-24,73,0,4,0,0,7,0,58,0,0,0,0,0,0,0,0,0,0,4
Mongolia,2021-06-07,72,0,1,0,0,3,0,66,0,1,0,0,0,0,0,0,0,0,1
Mongolia,2021-06-21,106,0,0,0,0,1,0,99,0,5,0,0,0,0,0,1,0,0,0
Mongolia,2021-07-05,68,0,0,0,0,0,0,49,0,11,0,0,0,0,0,8,0,0,0
Mongolia,2021-07-19,205,0,0,0,0,0,0,156,0,44,0,0,0,0,0,5,0,0,0
Mongolia,2021-08-02,142,0,0,0,0,0,0,86,1,50,0,0,0,0,0,4,0,0,1
Mongolia,2021-08-16,81,0,0,0,0,0,0,24,1,53,0,0,0,0,0,2,0,0,1
Mongolia,2021-08-30,96,0,0,0,0,0,0,37,1,57,0,0,0,0,0,0,0,0,1
Mongolia,2021-09-13,34,0,0,0,0,0,0,6,1,27,0,0,0,0,0,0,0,0,0
Mongolia,2021-09-27,43,0,0,0,0,0,0,2,0,41,0,0,0,0,0,0,0,0,0
Mongolia,2021-10-11,11,0,0,0,0,0,0,0,0,11,0,0,0,0,0,0,0,0,0
Mongolia,2021-10-25,11,0,0,0,0,0,0,0,0,11,0,0,0,0,0,0,0,0,0
Mongolia,2021-11-08,31,0,0,0,0,0,0,0,0,31,0,0,0,0,0,0,0,0,0
Mongolia,2021-11-22,16,0,0,0,0,0,0,0,0,15,0,0,0,0,0,0,1,0,0
Mongolia,2021-12-06,18,0,0,0,0,0,0,0,0,14,0,0,0,0,0,0,4,0,0
Mongolia,2021-12-20,13,0,0,0,0,0,0,0,0,5,0,0,0,0,0,0,8,0,0
Mongolia,2022-01-03,92,0,0,0,0,0,0,1,0,1,0,0,0,0,0,0,90,0,0
Mongolia,2022-01-17,4,0,0,0,0,0,0,0,0,0,0,0,0,0,0,0,4,0,0
Mongolia,2022-01-31,31,0,0,0,0,0,0,0,0,0,0,0,0,0,0,0,31,0,0
Mongolia,2022-02-14,5,0,0,0,0,0,0,0,0,0,0,0,0,0,0,0,5,0,0
Mongolia,2022-02-28,39,0,0,0,0,0,0,0,0,0,0,0,0,0,0,0,39,0,0
Mongolia,2022-03-14,2,0,0,0,0,0,0,0,0,0,0,0,0,0,0,0,2,0,0
Mongolia,2022-03-28,1,0,0,0,0,0,0,0,0,0,0,0,0,0,0,0,1,0,0
Mongolia,2022-04-11,12,0,0,0,0,0,0,0,0,0,0,0,0,0,0,0,12,0,0
Mongolia,2022-04-25,20,0,0,0,0,0,0,0,0,0,0,0,0,0,0,0,20,0,0
Mongolia,2022-05-09,54,0,0,0,0,0,0,0,0,0,0,0,0,0,0,0,54,0,0
Mongolia,2022-05-23,31,0,0,0,0,0,0,0,0,0,0,0,0,0,0,0,31,0,0
Mongolia,2022-06-06,29,0,0,0,0,0,0,0,0,0,0,0,0,0,0,0,29,0,0
Mongolia,2022-06-20,13,0,0,0,0,0,0,0,0,0,0,0,0,0,0,0,13,0,0
Mongolia,2022-07-04,28,0,0,0,0,0,0,0,0,0,0,0,0,0,0,0,28,0,0
Mongolia,2022-07-18,36,0,0,0,0,0,0,0,0,0,0,0,0,0,0,0,36,0,0
Mongolia,2022-08-01,36,0,0,0,0,0,0,0,0,0,0,0,0,0,0,0,36,0,0
Mongolia,2022-08-15,37,0,0,0,0,0,0,0,0,0,0,0,0,0,0,0,37,0,0
Mongolia,2022-08-29,32,0,0,0,0,0,0,0,0,0,0,0,0,0,0,0,32,0,0
Mongolia,2022-09-12,25,0,0,0,0,0,0,0,0,0,0,0,0,0,0,0,25,0,0
Mongolia,2022-09-26,10,0,0,0,0,0,0,0,0,0,0,0,0,0,0,0,10,0,0
Mongolia,2022-10-10,17,0,0,0,0,0,0,0,0,0,0,0,0,0,0,0,17,0,0
Mongolia,2022-10-24,38,0,0,0,0,0,0,0,0,0,0,0,0,0,0,0,38,0,0
Mongolia,2022-11-07,14,0,0,0,0,0,0,0,0,0,0,0,0,0,0,0,14,0,0
Mongolia,2022-11-21,25,0,0,0,0,0,0,0,0,0,0,0,0,0,0,0,25,0,0
Mongolia,2022-12-05,10,0,0,0,0,0,0,0,0,0,0,0,0,0,0,0,10,0,0
Mongolia,2022-12-19,11,0,0,0,0,0,0,0,0,0,0,0,0,0,0,0,11,0,0
Mongolia,2023-01-02,2,0,0,0,0,0,0,0,0,0,0,0,0,0,0,0,2,0,0
Mongolia,2023-02-27,5,0,0,0,0,0,0,0,0,0,0,0,0,0,0,0,5,0,0
Mongolia,2023-03-13,3,0,0,0,0,0,0,0,0,0,0,0,0,0,0,0,3,0,0
Mongolia,2023-03-27,12,0,0,0,0,0,0,0,0,0,0,0,0,0,0,0,12,0,0
Mongolia,2023-04-10,33,0,0,0,0,0,0,0,0,0,0,0,0,0,0,0,33,0,0
Mongolia,2023-04-24,27,0,0,0,0,0,0,0,0,0,0,0,0,0,0,0,27,0,0
Mongolia,2023-05-08,29,0,0,0,0,0,0,0,0,0,0,0,0,0,0,0,29,0,0
Mongolia,2023-05-22,2,0,0,0,0,0,0,0,0,0,0,0,0,0,0,0,2,0,0
Mongolia,2023-06-05,17,0,0,0,0,0,0,0,0,0,0,0,0,0,0,0,17,0,0
Mongolia,2023-08-14,2,0,0,0,0,0,0,0,0,0,0,0,0,0,0,0,2,0,0
Montenegro,2020-07-06,9,0,0,0,0,0,0,0,0,0,0,2,0,0,0,0,0,0,7
Montenegro,2021-01-04,4,0,1,0,0,0,0,2,0,0,0,0,0,0,0,0,0,0,1
Montenegro,2021-01-18,15,0,8,0,0,1,0,5,0,0,0,0,0,0,0,0,0,0,1
Montenegro,2021-05-24,6,0,0,0,0,0,0,6,0,0,0,0,0,0,0,0,0,0,0
Montenegro,2021-06-07,26,0,0,0,0,0,0,24,0,2,0,0,0,0,0,0,0,0,0
Montenegro,2021-06-21,10,0,0,0,0,0,0,7,0,3,0,0,0,0,0,0,0,0,0
Montenegro,2021-07-05,18,0,0,0,0,0,0,5,0,13,0,0,0,0,0,0,0,0,0
Montenegro,2021-07-19,45,0,0,0,0,0,0,1,3,41,0,0,0,0,0,0,0,0,0
Montenegro,2021-08-02,62,0,0,0,0,0,0,2,0,60,0,0,0,0,0,0,0,0,0
Montenegro,2021-08-16,46,0,0,0,0,0,0,0,0,46,0,0,0,0,0,0,0,0,0
Montenegro,2021-08-30,15,0,0,0,0,0,0,0,0,15,0,0,0,0,0,0,0,0,0
Montenegro,2021-09-27,12,0,0,0,0,0,0,0,0,12,0,0,0,0,0,0,0,0,0
Montenegro,2021-10-11,21,0,0,0,0,0,0,0,0,21,0,0,0,0,0,0,0,0,0
Montenegro,2021-10-25,37,0,0,0,0,0,0,0,0,37,0,0,0,0,0,0,0,0,0
Montenegro,2021-11-08,28,0,0,0,0,0,0,0,0,28,0,0,0,0,0,0,0,0,0
Montenegro,2021-11-22,81,0,0,0,0,0,0,0,0,75,0,0,0,0,0,0,6,0,0
Montenegro,2021-12-06,90,0,0,0,0,0,0,0,0,77,0,0,0,0,0,0,13,0,0
Montenegro,2021-12-20,7,0,0,0,0,0,0,0,0,1,0,0,0,0,0,0,6,0,0
Montenegro,2022-01-03,45,0,0,0,0,0,0,0,0,9,0,0,0,0,0,0,36,0,0
Montenegro,2022-01-17,39,0,0,0,0,0,0,0,0,1,0,0,0,0,0,0,38,0,0
Montenegro,2022-01-31,22,0,0,0,0,0,0,0,0,0,0,0,0,0,0,0,22,0,0
Montenegro,2022-02-14,6,1,0,0,0,0,0,0,0,0,0,0,0,0,0,0,5,0,0
Montenegro,2022-02-28,6,0,0,0,0,0,0,0,0,0,0,0,0,0,0,0,6,0,0
Montenegro,2022-03-14,48,0,0,0,0,0,0,0,0,0,0,0,0,0,0,0,48,0,0
Montenegro,2022-03-28,17,0,0,0,0,0,0,0,0,0,0,0,0,0,0,0,17,0,0
Montenegro,2022-04-11,1,0,0,0,0,0,0,0,0,0,0,0,0,0,0,0,1,0,0
Montenegro,2022-04-25,17,0,0,0,0,0,0,0,0,0,0,0,0,0,0,0,17,0,0
Montenegro,2022-05-09,15,0,0,0,0,0,0,0,0,0,0,0,0,0,0,0,15,0,0
Montenegro,2022-05-23,9,0,0,0,0,0,0,0,0,0,0,0,0,0,0,0,9,0,0
Montenegro,2022-06-06,8,0,0,0,0,0,0,0,0,0,0,0,0,0,0,0,8,0,0
Montenegro,2022-06-20,7,0,0,0,0,0,0,0,0,0,0,0,0,0,0,0,7,0,0
Montenegro,2022-07-04,30,0,0,0,0,0,0,0,0,0,0,0,0,0,0,0,30,0,0
Montenegro,2022-07-18,31,0,0,0,0,0,0,0,0,0,0,0,0,0,0,0,31,0,0
Montenegro,2022-08-01,49,0,0,0,0,0,0,0,0,0,0,0,0,0,0,0,49,0,0
Montenegro,2022-10-24,11,0,0,0,0,0,0,0,0,0,0,0,0,0,0,0,11,0,0
Montenegro,2022-11-07,15,0,0,0,0,0,0,0,0,0,0,0,0,0,0,0,15,0,0
Montenegro,2022-11-21,2,0,0,0,0,0,0,0,0,0,0,0,0,0,0,0,2,0,0
Montenegro,2022-12-05,4,0,0,0,0,0,0,0,0,0,0,0,0,0,0,0,4,0,0
Montenegro,2022-12-19,6,0,0,0,0,0,0,0,0,0,0,0,0,0,0,0,6,0,0
Montenegro,2023-01-02,14,0,0,0,0,0,0,0,0,0,0,0,0,0,0,0,14,0,0
Montenegro,2023-01-16,13,0,0,0,0,0,0,0,0,0,0,0,0,0,0,0,13,0,0
Montenegro,2023-01-30,12,0,0,0,0,0,0,0,0,0,0,0,0,0,0,0,12,0,0
Montenegro,2023-02-13,14,0,0,0,0,0,0,0,0,0,0,0,0,0,0,0,14,0,0
Montenegro,2023-03-13,6,0,0,0,0,0,0,0,0,0,0,0,0,0,0,0,6,0,0
Montenegro,2023-03-27,5,0,0,0,0,0,0,0,0,0,0,0,0,0,0,0,5,0,0
Montenegro,2023-04-10,9,0,0,0,0,0,0,0,0,0,0,0,0,0,0,0,9,0,0
Montenegro,2023-04-24,3,0,0,0,0,0,0,0,0,0,0,0,0,0,0,0,3,0,0
Montenegro,2023-05-08,1,0,0,0,0,0,0,0,0,0,0,0,0,0,0,0,1,0,0
Montenegro,2023-05-22,3,0,0,0,0,0,0,0,0,0,0,0,0,0,0,0,3,0,0
Montenegro,2023-06-05,2,0,0,0,0,0,0,0,0,0,0,0,0,0,0,0,2,0,0
Montenegro,2023-08-14,14,0,0,0,0,0,0,0,0,0,0,0,0,0,0,0,14,0,0
Montenegro,2023-08-28,4,0,0,0,0,0,0,0,0,0,0,0,0,0,0,0,4,0,0
Montenegro,2023-09-11,5,1,0,0,0,0,0,0,0,0,0,0,0,0,0,0,4,0,0
Montenegro,2023-09-25,21,0,0,0,0,0,0,0,0,0,0,0,0,0,0,0,21,0,0
Montenegro,2023-10-09,19,2,0,0,0,0,0,0,0,0,0,0,0,0,0,0,17,0,0
Montenegro,2023-10-23,9,1,0,0,0,0,0,0,0,0,0,0,0,0,0,0,8,0,0
Montenegro,2023-11-06,6,0,0,0,0,0,0,0,0,0,0,0,0,0,0,0,6,0,0
Montenegro,2023-11-20,19,0,0,0,0,0,0,0,0,0,0,0,0,0,0,0,19,0,0
Montenegro,2023-12-04,9,0,0,0,0,0,0,0,0,0,0,0,0,0,0,0,9,0,0
Montenegro,2023-12-18,14,4,0,0,0,0,0,0,0,0,0,0,0,0,0,0,10,0,0
Montenegro,2024-01-01,6,0,0,0,0,0,0,0,0,0,0,0,0,0,0,0,6,0,0
Montenegro,2024-01-15,2,0,0,0,0,0,0,0,0,0,0,0,0,0,0,0,2,0,0
Montenegro,2024-02-12,1,0,0,0,0,0,0,0,0,0,0,0,0,0,0,0,1,0,0
Montenegro,2024-02-26,2,0,0,0,0,0,0,0,0,0,0,0,0,0,0,0,2,0,0
Montenegro,2024-03-11,4,0,0,0,0,0,0,0,0,0,0,0,0,0,0,0,4,0,0
Montenegro,2024-07-01,2,0,0,0,0,0,0,0,0,0,0,0,0,0,0,0,2,0,0
Montenegro,2024-07-15,5,0,0,0,0,0,0,0,0,0,0,0,0,0,0,0,5,0,0
Montenegro,2024-07-29,3,0,0,0,0,0,0,0,0,0,0,0,0,0,0,0,3,0,0
Morocco,2020-04-27,30,0,0,0,0,0,0,0,0,0,0,5,0,1,0,0,0,0,24
Morocco,2020-05-11,7,0,0,0,0,0,0,0,0,0,0,1,0,0,0,0,0,0,6
Morocco,2020-05-25,13,0,0,0,0,0,0,0,0,0,0,2,0,0,0,0,0,0,11
Morocco,2020-06-08,6,0,0,0,0,0,0,0,0,0,0,1,0,0,0,0,0,0,5
Morocco,2020-06-22,7,0,0,0,0,0,0,0,0,0,0,1,0,0,0,0,0,0,6
Morocco,2020-07-06,23,0,0,0,0,0,0,0,0,0,0,4,0,1,0,0,0,0,18
Morocco,2020-07-20,7,0,0,0,0,0,0,0,0,0,0,1,0,0,0,0,0,0,6
Morocco,2020-08-03,18,0,0,0,0,0,0,0,0,0,0,3,0,1,0,0,0,0,14
Morocco,2020-08-17,5,0,0,0,0,0,0,0,0,0,0,1,0,0,0,0,0,0,4
Morocco,2020-08-31,3,0,0,0,0,0,0,0,0,0,0,1,0,0,0,0,0,0,2
Morocco,2020-09-14,1,0,0,0,0,0,0,0,0,0,0,0,0,0,0,0,0,0,1
Morocco,2020-10-12,3,0,0,0,0,0,0,0,0,0,0,1,0,0,0,0,0,0,2
Morocco,2020-10-26,1,0,0,0,0,0,0,0,0,0,0,0,0,0,0,0,0,0,1
Morocco,2020-11-09,5,0,0,0,0,0,0,0,0,0,0,1,0,0,0,0,0,0,4
Morocco,2020-12-07,19,0,1,1,0,1,0,0,0,0,0,0,0,0,0,0,0,0,16
Morocco,2020-12-21,20,0,0,0,1,2,0,0,0,0,0,0,0,0,0,0,0,0,17
Morocco,2021-01-04,22,0,0,0,0,3,0,2,0,0,0,1,0,0,0,0,0,1,15
Morocco,2021-02-01,7,0,0,0,0,0,0,4,0,0,0,1,0,1,0,0,0,0,1
Morocco,2021-02-15,16,0,0,0,0,0,0,16,0,0,0,0,0,0,0,0,0,0,0
Morocco,2021-03-01,14,0,0,0,0,0,0,13,0,0,0,0,1,0,0,0,0,0,0
Morocco,2021-03-15,33,0,0,0,0,0,0,31,0,0,0,1,0,0,0,0,0,0,1
Morocco,2021-03-29,17,0,0,0,0,0,0,16,0,0,0,0,0,0,0,0,0,0,1
Morocco,2021-04-12,9,0,0,0,0,0,0,7,0,1,1,0,0,0,0,0,0,0,0
Morocco,2021-05-10,14,0,0,0,0,0,0,4,1,4,0,0,1,0,0,4,0,0,0
Morocco,2021-05-24,22,0,0,1,0,0,1,3,2,0,0,2,0,2,0,6,0,0,5
Morocco,2021-06-07,7,0,0,0,0,0,1,3,0,3,0,0,0,0,0,0,0,0,0
Morocco,2021-06-21,1,0,0,0,0,0,0,0,0,0,0,0,0,0,0,1,0,0,0
Morocco,2021-07-05,33,0,0,0,0,0,0,7,1,25,0,0,0,0,0,0,0,0,0
Morocco,2021-07-19,6,0,0,0,0,0,0,3,0,3,0,0,0,0,0,0,0,0,0
Morocco,2021-08-16,17,0,0,0,0,0,0,0,0,17,0,0,0,0,0,0,0,0,0
Morocco,2021-08-30,36,0,0,0,0,0,0,0,0,36,0,0,0,0,0,0,0,0,0
Morocco,2021-09-13,1,0,0,0,0,0,0,0,0,1,0,0,0,0,0,0,0,0,0
Morocco,2021-10-11,55,0,0,0,0,0,0,3,0,52,0,0,0,0,0,0,0,0,0
Morocco,2021-10-25,1,0,0,0,0,0,0,0,0,1,0,0,0,0,0,0,0,0,0
Morocco,2021-11-08,17,0,0,0,0,0,0,0,0,17,0,0,0,0,0,0,0,0,0
Morocco,2021-11-22,4,0,0,0,0,0,0,0,0,4,0,0,0,0,0,0,0,0,0
Morocco,2021-12-06,26,0,0,0,0,0,0,0,0,20,0,0,0,0,0,0,6,0,0
Morocco,2021-12-20,37,0,0,0,0,0,0,1,0,9,0,0,0,0,0,0,27,0,0
Morocco,2022-01-03,55,0,0,0,0,0,0,0,0,10,0,0,0,0,0,0,45,0,0
Morocco,2022-01-17,70,0,0,0,0,0,0,0,0,7,0,0,0,0,0,0,62,0,1
Morocco,2022-01-31,52,0,0,0,0,0,0,0,0,2,0,0,0,0,0,0,50,0,0
Morocco,2022-02-14,14,0,0,0,0,0,0,0,0,0,0,0,0,0,0,0,14,0,0
Morocco,2022-02-28,19,0,0,0,0,0,0,0,0,0,0,0,0,0,0,0,19,0,0
Morocco,2022-03-14,13,0,0,0,0,0,0,0,0,0,0,0,0,0,0,0,13,0,0
Morocco,2022-03-28,36,0,0,0,0,0,0,0,0,0,0,0,0,0,0,0,36,0,0
Morocco,2022-04-11,18,0,0,0,0,0,0,0,0,0,0,0,0,0,0,0,18,0,0
Morocco,2022-04-25,19,0,0,0,0,0,0,0,0,0,0,0,0,0,0,0,19,0,0
Morocco,2022-05-09,32,0,0,0,0,0,0,0,0,0,0,0,0,0,0,0,32,0,0
Morocco,2022-05-23,54,1,0,1,0,0,0,0,0,0,0,0,0,0,0,0,52,0,0
Morocco,2022-06-06,279,0,0,0,0,0,0,1,0,2,0,0,0,0,0,0,276,0,0
Morocco,2022-06-20,377,0,0,0,0,0,0,0,0,7,0,0,0,0,0,0,370,0,0
Morocco,2022-07-04,37,0,0,0,0,0,0,0,0,0,0,0,0,0,0,0,37,0,0
Morocco,2022-07-18,34,0,0,0,0,0,0,0,0,0,0,0,0,0,0,0,34,0,0
Morocco,2022-08-01,27,0,0,0,0,0,0,0,0,0,0,0,0,0,0,0,27,0,0
Morocco,2022-08-15,19,0,0,0,0,0,0,0,0,0,0,0,0,0,0,0,19,0,0
Morocco,2022-08-29,16,0,0,0,0,0,0,0,0,2,0,0,0,0,0,0,14,0,0
Morocco,2022-09-12,24,0,0,0,0,0,0,0,0,6,0,0,0,0,0,0,18,0,0
Morocco,2022-09-26,1,0,0,0,0,0,0,0,0,0,0,0,0,0,0,0,1,0,0
Morocco,2022-10-24,4,0,0,0,0,0,0,0,0,0,0,0,0,0,0,0,4,0,0
Morocco,2022-11-07,22,0,0,0,0,0,0,0,0,0,0,0,0,0,0,0,22,0,0
Morocco,2022-11-21,43,0,0,0,0,0,0,0,0,0,0,0,0,0,0,0,43,0,0
Morocco,2022-12-05,30,0,0,0,0,0,0,0,0,0,0,0,0,0,0,0,30,0,0
Morocco,2022-12-19,28,0,0,0,0,0,0,0,0,0,0,0,0,0,0,0,28,0,0
Morocco,2023-01-02,34,1,0,0,0,0,0,0,0,0,0,0,0,0,0,0,33,0,0
Morocco,2023-01-16,7,0,0,0,0,0,0,0,0,0,0,0,0,0,0,0,7,0,0
Morocco,2023-01-30,4,0,0,0,0,0,0,0,0,0,0,0,0,0,0,0,4,0,0
Morocco,2023-02-13,5,0,0,0,0,0,0,0,0,0,0,0,0,0,0,0,5,0,0
Morocco,2023-02-27,3,0,0,0,0,0,0,0,0,0,0,0,0,0,0,0,3,0,0
Morocco,2023-03-13,6,0,0,0,0,0,0,0,0,0,0,0,0,0,0,0,6,0,0
Morocco,2023-03-27,10,0,0,0,0,0,0,0,0,0,0,0,0,0,0,0,10,0,0
Morocco,2023-04-10,2,0,0,0,0,0,0,0,0,0,0,0,0,0,0,0,2,0,0
Morocco,2023-04-24,15,0,0,0,0,0,0,0,0,0,0,0,0,0,0,0,15,0,0
Morocco,2023-05-08,14,0,0,0,0,0,0,0,0,0,0,0,0,0,0,0,14,0,0
Morocco,2023-05-22,3,0,0,0,0,0,0,0,0,0,0,0,0,0,0,0,3,0,0
Morocco,2023-06-19,1,0,0,0,0,0,0,0,0,0,0,0,0,0,0,0,1,0,0
Morocco,2023-07-17,1,0,0,0,0,0,0,0,0,0,0,0,0,0,0,0,1,0,0
Morocco,2023-08-14,5,0,0,0,0,0,0,0,0,0,0,0,0,0,0,0,5,0,0
Morocco,2023-08-28,22,0,0,0,0,0,0,0,0,0,0,0,0,0,0,0,22,0,0
Morocco,2023-09-11,2,0,0,0,0,0,0,0,0,0,0,0,0,0,0,0,2,0,0
Morocco,2023-09-25,2,0,0,0,0,0,0,0,0,0,0,0,0,0,0,0,2,0,0
Morocco,2023-10-23,1,0,0,0,0,0,0,0,0,0,0,0,0,0,0,0,1,0,0
Morocco,2023-11-20,2,0,0,0,0,0,0,0,0,0,0,0,0,0,0,0,2,0,0
Morocco,2024-01-01,1,0,0,0,0,0,0,0,0,0,0,0,0,0,0,0,1,0,0
Morocco,2024-01-15,3,0,0,0,0,0,0,0,0,0,0,0,0,0,0,0,3,0,0
Morocco,2024-01-29,1,0,0,0,0,0,0,0,0,0,0,0,0,0,0,0,1,0,0
Mozambique,2020-07-06,7,7,0,0,0,0,0,0,0,0,0,0,0,0,0,0,0,0,0
Mozambique,2020-08-03,1,1,0,0,0,0,0,0,0,0,0,0,0,0,0,0,0,0,0
Mozambique,2020-08-17,4,0,0,0,0,1,1,0,0,0,0,0,0,0,0,0,0,0,2
Mozambique,2020-08-31,5,5,0,0,0,0,0,0,0,0,0,0,0,0,0,0,0,0,0
Mozambique,2020-09-14,4,4,0,0,0,0,0,0,0,0,0,0,0,0,0,0,0,0,0
Mozambique,2020-09-28,8,0,0,0,0,1,2,0,1,0,0,0,0,0,0,0,0,0,4
Mozambique,2020-10-12,1,0,0,0,0,0,1,0,0,0,0,0,0,0,0,0,0,0,0
Mozambique,2020-10-26,20,0,0,0,0,1,15,0,1,0,0,0,0,0,0,0,0,0,3
Mozambique,2020-11-09,7,0,0,0,0,1,1,0,1,0,0,0,0,0,0,0,0,0,4
Mozambique,2020-11-23,24,23,0,0,0,0,0,0,0,0,0,0,0,0,0,0,0,0,1
Mozambique,2020-12-07,11,0,1,0,0,1,2,0,0,0,0,0,0,0,0,0,0,0,7
Mozambique,2020-12-21,29,0,1,0,0,5,8,0,0,0,0,0,0,0,0,0,0,0,15
Mozambique,2021-01-04,84,0,0,1,0,3,68,0,1,0,0,1,0,0,0,0,0,0,10
Mozambique,2021-01-18,52,0,0,0,0,1,46,0,1,0,0,0,0,0,0,0,0,0,4
Mozambique,2021-02-01,34,0,0,0,0,1,32,0,0,0,0,0,0,0,0,0,0,0,1
Mozambique,2021-02-15,21,0,0,0,0,0,21,0,0,0,0,0,0,0,0,0,0,0,0
Mozambique,2021-03-01,33,0,0,0,0,1,29,0,0,0,0,0,0,0,0,0,0,0,3
Mozambique,2021-03-15,39,0,0,0,0,3,25,0,2,1,0,0,0,0,0,0,0,0,8
Mozambique,2021-03-29,8,0,0,0,0,0,8,0,0,0,0,0,0,0,0,0,0,0,0
Mozambique,2021-04-12,18,0,0,0,0,0,17,1,0,0,0,0,0,0,0,0,0,0,0
Mozambique,2021-04-26,14,0,0,0,0,0,8,1,2,2,0,0,0,0,0,0,0,0,1
Mozambique,2021-05-10,4,0,0,0,0,0,3,0,0,1,0,0,0,0,0,0,0,0,0
Mozambique,2021-05-24,17,0,0,0,0,0,12,0,0,5,0,0,0,0,0,0,0,0,0
Mozambique,2021-06-07,39,0,0,0,0,0,1,0,0,38,0,0,0,0,0,0,0,0,0
Mozambique,2021-06-21,140,0,0,0,0,0,2,0,0,137,0,0,0,0,0,0,0,0,1
Mozambique,2021-07-05,158,0,0,0,0,0,1,0,0,157,0,0,0,0,0,0,0,0,0
Mozambique,2021-07-19,87,0,0,0,0,0,0,0,0,87,0,0,0,0,0,0,0,0,0
Mozambique,2021-08-02,23,0,0,0,0,0,0,0,0,23,0,0,0,0,0,0,0,0,0
Mozambique,2021-08-16,2,0,0,0,0,0,0,0,0,2,0,0,0,0,0,0,0,0,0
Mozambique,2021-08-30,28,0,0,0,0,0,0,0,0,28,0,0,0,0,0,0,0,0,0
Mozambique,2021-09-13,11,0,0,0,0,0,0,0,0,11,0,0,0,0,0,0,0,0,0
Mozambique,2021-09-27,4,0,0,0,0,0,0,0,0,4,0,0,0,0,0,0,0,0,0
Mozambique,2021-10-11,2,0,0,0,0,0,0,0,0,2,0,0,0,0,0,0,0,0,0
Mozambique,2021-10-25,1,0,0,0,0,0,0,0,0,1,0,0,0,0,0,0,0,0,0
Mozambique,2021-11-22,35,1,0,0,0,0,0,0,0,1,0,0,0,0,0,0,33,0,0
Mozambique,2021-12-06,42,1,0,0,0,0,0,0,0,0,0,0,0,0,0,0,41,0,0
Mozambique,2021-12-20,21,0,0,0,0,0,0,0,0,0,0,0,0,0,0,0,21,0,0
Mozambique,2022-01-03,30,0,0,0,0,0,0,0,0,0,0,0,0,0,0,0,30,0,0
Mozambique,2022-01-17,5,0,0,0,0,0,0,0,0,0,0,0,0,0,0,0,5,0,0
Mozambique,2022-01-31,3,0,0,0,0,0,0,0,0,0,0,0,0,0,0,0,3,0,0
Mozambique,2022-02-14,4,0,0,0,0,0,0,0,0,0,0,0,0,0,0,0,4,0,0
Mozambique,2022-02-28,1,0,0,0,0,0,0,0,0,0,0,0,0,0,0,0,1,0,0
Mozambique,2022-03-28,1,0,0,0,0,0,0,0,0,0,0,0,0,0,0,0,1,0,0
Mozambique,2022-04-25,2,0,0,0,0,0,0,0,0,0,0,0,0,0,0,0,2,0,0
Mozambique,2022-05-09,5,0,0,0,0,0,0,0,0,1,0,0,0,0,0,0,4,0,0
Mozambique,2022-05-23,11,0,0,0,0,0,0,0,0,1,0,0,0,0,0,0,10,0,0
Mozambique,2022-06-06,9,0,0,0,0,0,0,0,0,1,0,0,0,0,0,0,8,0,0
Mozambique,2022-06-20,17,0,0,0,0,0,0,0,0,4,0,0,0,0,0,0,13,0,0
Mozambique,2022-07-04,19,0,0,0,0,0,0,0,0,0,0,0,0,0,0,0,19,0,0
Mozambique,2022-07-18,20,0,0,0,0,0,0,0,0,0,0,0,0,0,0,0,20,0,0
Mozambique,2022-08-01,10,0,0,0,0,0,0,0,0,0,0,0,0,0,0,0,10,0,0
Mozambique,2022-08-15,7,0,0,0,0,0,0,0,0,0,0,0,0,0,0,0,7,0,0
Mozambique,2022-08-29,11,0,0,0,0,0,0,0,0,0,0,0,0,0,0,0,11,0,0
Mozambique,2022-09-12,4,0,0,0,0,0,0,0,0,0,0,0,0,0,0,0,4,0,0
Mozambique,2022-09-26,10,0,0,0,0,0,0,0,0,0,0,0,0,0,0,0,10,0,0
Mozambique,2022-10-10,6,0,0,0,0,0,0,0,0,0,0,0,0,0,0,0,6,0,0
Mozambique,2022-10-24,4,0,0,0,0,0,0,0,0,0,0,0,0,0,0,0,4,0,0
Mozambique,2022-11-07,12,0,0,0,0,0,0,0,0,0,0,0,0,0,0,0,12,0,0
Mozambique,2022-11-21,11,0,0,0,0,0,0,0,0,0,0,0,0,0,0,0,11,0,0
Mozambique,2022-12-05,1,0,0,0,0,0,0,0,0,0,0,0,0,0,0,0,1,0,0
Mozambique,2022-12-19,39,0,0,0,0,0,0,0,0,0,0,0,0,0,0,0,39,0,0
Mozambique,2023-01-02,55,0,0,0,0,0,0,0,0,0,0,0,0,0,0,0,55,0,0
Mozambique,2023-01-16,33,0,0,0,0,0,0,0,0,0,0,0,0,0,0,0,33,0,0
Mozambique,2023-01-30,16,0,0,0,0,0,0,0,0,0,0,0,0,0,0,0,16,0,0
Mozambique,2023-02-13,16,0,0,0,0,0,0,0,0,0,0,0,0,0,0,0,16,0,0
Mozambique,2023-02-27,5,0,0,0,0,0,0,0,0,0,0,0,0,0,0,0,5,0,0
Mozambique,2023-03-13,4,0,0,0,0,0,0,0,0,0,0,0,0,0,0,0,4,0,0
Mozambique,2023-03-27,1,0,0,0,0,0,0,0,0,0,0,0,0,0,0,0,1,0,0
Mozambique,2023-10-09,1,0,0,0,0,0,0,0,0,0,0,0,0,0,0,0,1,0,0
Mozambique,2023-11-06,2,0,0,0,0,0,0,0,0,0,0,0,0,0,0,0,2,0,0
Mozambique,2023-11-20,3,0,0,0,0,0,0,0,0,0,0,0,0,0,0,0,3,0,0
Mozambique,2023-12-04,6,0,0,0,0,0,0,0,0,0,0,0,0,0,0,0,6,0,0
Mozambique,2023-12-18,10,0,0,0,0,0,0,0,0,0,0,0,0,0,0,0,10,0,0
Mozambique,2024-01-01,2,0,0,0,0,0,0,0,0,0,0,0,0,0,0,0,2,0,0
Mozambique,2024-03-25,1,0,0,0,0,0,0,0,0,0,0,0,0,0,0,0,1,0,0
Mozambique,2024-04-08,6,0,0,0,0,0,0,0,0,0,0,0,0,0,0,0,6,0,0
Mozambique,2024-04-22,1,0,0,0,0,0,0,0,0,0,0,0,0,0,0,0,1,0,0
Namibia,2021-02-01,9,0,0,0,0,0,0,0,0,9,0,0,0,0,0,0,0,0,0
Namibia,2021-03-01,11,0,0,0,0,0,0,0,0,11,0,0,0,0,0,0,0,0,0
Namibia,2021-03-15,8,0,0,0,0,0,8,0,0,0,0,0,0,0,0,0,0,0,0
Namibia,2021-03-29,6,0,0,0,0,0,4,0,0,2,0,0,0,0,0,0,0,0,0
Namibia,2021-04-12,14,0,0,0,0,0,14,0,0,0,0,0,0,0,0,0,0,0,0
Namibia,2021-04-26,5,0,0,0,0,0,3,0,0,2,0,0,0,0,0,0,0,0,0
Namibia,2021-05-24,4,0,0,0,0,0,4,0,0,0,0,0,0,0,0,0,0,0,0
Namibia,2021-06-07,32,0,0,0,0,0,11,0,0,21,0,0,0,0,0,0,0,0,0
Namibia,2021-07-05,36,0,0,0,0,0,0,0,0,36,0,0,0,0,0,0,0,0,0
Namibia,2021-07-19,1,0,0,0,0,0,0,0,0,1,0,0,0,0,0,0,0,0,0
Namibia,2021-08-02,3,0,0,0,0,0,0,0,0,3,0,0,0,0,0,0,0,0,0
Namibia,2021-08-30,2,0,0,0,0,0,0,0,0,2,0,0,0,0,0,0,0,0,0
Namibia,2021-11-08,1,0,0,0,0,0,0,0,0,1,0,0,0,0,0,0,0,0,0
Namibia,2021-11-22,23,0,0,0,0,0,0,0,0,0,0,0,0,0,0,0,23,0,0
Namibia,2021-12-06,123,1,0,0,0,0,0,0,0,1,0,0,0,0,0,0,121,0,0
Namibia,2021-12-20,183,0,0,0,0,0,0,0,0,0,0,0,0,0,0,0,183,0,0
Namibia,2022-01-03,44,0,0,0,0,0,0,0,0,0,0,0,0,0,0,0,44,0,0
Namibia,2022-01-17,3,0,0,0,0,0,0,0,0,0,0,0,0,0,0,0,3,0,0
Namibia,2022-01-31,4,0,0,0,0,0,0,0,0,0,0,0,0,0,0,0,4,0,0
Namibia,2022-02-14,3,0,0,0,0,0,0,0,0,1,0,0,0,0,0,0,2,0,0
Namibia,2022-02-28,3,0,0,0,0,0,0,0,0,0,0,0,0,0,0,0,3,0,0
Namibia,2022-03-14,1,0,0,0,0,0,0,0,0,0,0,0,0,0,0,0,1,0,0
Namibia,2022-03-28,1,0,0,0,0,0,0,0,0,0,0,0,0,0,0,0,1,0,0
Namibia,2022-04-11,12,0,0,0,0,0,0,0,0,0,0,0,0,0,0,0,12,0,0
Namibia,2022-04-25,45,0,0,0,0,0,0,0,0,0,0,0,0,0,0,0,45,0,0
Namibia,2022-05-09,58,0,0,0,0,0,0,0,0,0,0,0,0,0,0,0,58,0,0
Namibia,2022-05-23,6,0,0,0,0,0,0,0,0,0,0,0,0,0,0,0,6,0,0
Namibia,2022-06-06,2,0,0,0,0,0,0,0,0,0,0,0,0,0,0,0,2,0,0
Namibia,2022-06-20,1,0,0,0,0,0,0,0,0,0,0,0,0,0,0,0,1,0,0
Namibia,2023-01-02,14,0,0,0,0,0,0,0,0,0,0,0,0,0,0,0,14,0,0
Namibia,2023-01-16,13,0,0,0,0,0,0,0,0,0,0,0,0,0,0,0,13,0,0
Namibia,2023-04-24,2,0,0,0,0,0,0,0,0,0,0,0,0,0,0,0,2,0,0
Namibia,2023-05-08,2,0,0,0,0,0,0,0,0,0,0,0,0,0,0,0,2,0,0
Namibia,2023-05-22,1,0,0,0,0,0,0,0,0,0,0,0,0,0,0,0,1,0,0
Namibia,2023-06-05,1,0,0,0,0,0,0,0,0,0,0,0,0,0,0,0,1,0,0
Namibia,2023-11-06,1,0,0,0,0,0,0,0,0,0,0,0,0,0,0,0,1,0,0
Namibia,2024-01-15,1,0,0,0,0,0,0,0,0,0,0,0,0,0,0,0,1,0,0
Nepal,2020-06-22,1,0,0,0,0,0,0,0,0,0,0,0,0,0,0,0,0,0,1
Nepal,2020-07-20,3,0,0,0,0,0,0,0,0,0,0,1,0,0,0,0,0,0,2
Nepal,2020-08-03,3,0,0,0,0,0,0,0,0,0,0,1,0,0,0,0,0,0,2
Nepal,2020-08-17,1,0,0,0,0,0,0,0,0,0,0,0,0,0,0,0,0,0,1
Nepal,2020-08-31,8,0,0,0,0,0,0,0,0,0,0,1,0,0,0,0,0,0,7
Nepal,2020-09-28,10,0,0,0,0,0,0,0,0,0,0,2,0,0,0,0,0,0,8
Nepal,2020-10-26,1,0,0,0,0,0,0,0,0,0,0,0,0,0,0,0,0,0,1
Nepal,2020-11-09,7,0,0,0,0,0,0,0,0,0,0,1,0,0,0,0,0,0,6
Nepal,2020-11-23,10,0,0,0,0,0,0,0,0,0,0,2,0,0,0,0,0,0,8
Nepal,2021-01-04,5,0,0,0,0,0,0,0,0,0,0,1,0,0,0,0,0,0,4
Nepal,2021-02-15,2,0,0,0,0,0,0,0,0,0,0,0,0,0,0,0,0,0,2
Nepal,2021-03-01,4,0,0,0,0,0,0,0,0,0,0,1,0,0,0,0,0,0,3
Nepal,2021-04-12,6,0,0,0,0,0,0,1,0,5,0,0,0,0,0,0,0,0,0
Nepal,2021-04-26,21,0,0,0,0,0,0,0,0,20,1,0,0,0,0,0,0,0,0
Nepal,2021-05-10,88,0,0,0,0,0,0,0,0,88,0,0,0,0,0,0,0,0,0
Nepal,2021-05-24,66,0,0,0,0,0,0,1,0,65,0,0,0,0,0,0,0,0,0
Nepal,2021-06-07,63,0,0,0,0,0,0,0,0,63,0,0,0,0,0,0,0,0,0
Nepal,2021-06-21,104,0,0,0,0,0,0,0,0,104,0,0,0,0,0,0,0,0,0
Nepal,2021-07-05,96,0,0,0,0,0,0,0,0,96,0,0,0,0,0,0,0,0,0
Nepal,2021-07-19,97,0,0,0,0,0,0,0,0,97,0,0,0,0,0,0,0,0,0
Nepal,2021-08-02,149,0,0,0,0,0,0,0,0,149,0,0,0,0,0,0,0,0,0
Nepal,2021-08-16,204,0,0,0,0,0,0,0,0,204,0,0,0,0,0,0,0,0,0
Nepal,2021-08-30,164,0,0,0,0,0,0,0,0,164,0,0,0,0,0,0,0,0,0
Nepal,2021-09-13,303,0,0,0,0,0,0,0,0,297,0,0,0,0,0,0,0,0,6
Nepal,2021-09-27,138,0,0,0,0,0,0,0,0,136,0,0,0,0,0,0,0,0,2
Nepal,2021-10-11,108,0,0,0,0,0,0,0,0,108,0,0,0,0,0,0,0,0,0
Nepal,2021-10-25,31,0,0,0,0,0,0,0,0,31,0,0,0,0,0,0,0,0,0
Nepal,2021-11-08,39,0,0,0,0,0,0,0,0,39,0,0,0,0,0,0,0,0,0
Nepal,2021-11-22,85,0,0,0,0,0,0,0,0,83,0,0,0,0,0,0,2,0,0
Nepal,2021-12-06,105,0,0,0,0,0,0,0,0,105,0,0,0,0,0,0,0,0,0
Nepal,2021-12-20,53,0,0,0,0,0,0,0,0,22,0,0,0,0,0,0,31,0,0
Nepal,2022-01-03,322,0,0,0,0,0,0,0,0,11,0,0,0,0,0,0,311,0,0
Nepal,2022-01-17,142,0,0,0,0,0,0,0,0,0,0,0,0,0,0,0,142,0,0
Nepal,2022-01-31,19,0,0,0,0,0,0,0,0,0,0,0,0,0,0,0,19,0,0
Nepal,2022-02-14,12,0,0,0,0,0,0,0,0,0,0,0,0,0,0,0,12,0,0
Nepal,2022-02-28,11,0,0,0,0,0,0,0,0,0,0,0,0,0,0,0,11,0,0
Nepal,2022-03-14,3,0,0,0,0,0,0,0,0,0,0,0,0,0,0,0,3,0,0
Nepal,2022-03-28,1,0,0,0,0,0,0,0,0,0,0,0,0,0,0,0,1,0,0
Nepal,2022-04-11,8,0,0,0,0,0,0,0,0,0,0,0,0,0,0,0,8,0,0
Nepal,2022-04-25,22,0,0,0,0,0,0,0,0,0,0,0,0,0,0,0,22,0,0
Nepal,2022-05-09,6,0,0,0,0,0,0,0,0,0,0,0,0,0,0,0,6,0,0
Nepal,2022-05-23,25,0,0,0,0,0,0,0,0,0,0,0,0,0,0,0,25,0,0
Nepal,2022-06-06,15,0,0,0,0,0,0,0,0,0,0,0,0,0,0,0,15,0,0
Nepal,2022-06-20,11,0,0,0,0,0,0,0,0,0,0,0,0,0,0,0,11,0,0
Nepal,2022-07-04,57,0,0,0,0,0,0,0,0,0,0,0,0,0,0,0,57,0,0
Nepal,2022-07-18,33,1,0,0,0,0,0,0,0,0,0,0,0,0,0,0,32,0,0
Nepal,2022-08-01,18,0,0,0,0,0,0,0,0,0,0,0,0,0,0,0,18,0,0
Nepal,2022-08-15,21,0,0,0,0,0,0,0,0,0,0,0,0,0,0,0,21,0,0
Nepal,2022-08-29,10,1,0,0,0,0,0,0,0,0,0,0,0,0,0,0,9,0,0
Nepal,2022-09-12,20,1,0,0,0,0,0,0,0,0,0,0,0,0,0,0,19,0,0
Nepal,2022-09-26,5,0,0,0,0,0,0,0,0,0,0,0,0,0,0,0,5,0,0
Nepal,2022-10-10,2,0,0,0,0,0,0,0,0,0,0,0,0,0,0,0,2,0,0
Nepal,2022-10-24,1,0,0,0,0,0,0,0,0,0,0,0,0,0,0,0,1,0,0
Nepal,2023-09-25,1,0,0,0,0,0,0,0,0,0,0,0,0,0,0,0,1,0,0
Nepal,2023-12-04,1,0,0,0,0,0,0,0,0,0,0,0,0,0,0,0,1,0,0
Nepal,2023-12-18,5,0,0,0,0,0,0,0,0,0,0,0,0,0,0,0,5,0,0
Nepal,2024-01-01,2,0,0,0,0,0,0,0,0,0,0,0,0,0,0,0,2,0,0
Nepal,2024-03-25,2,0,0,0,0,0,0,0,0,0,0,0,0,0,0,0,2,0,0
Nepal,2024-04-08,20,0,0,0,0,0,0,0,0,0,0,0,0,0,0,0,20,0,0
Nepal,2024-04-22,12,0,0,0,0,0,0,0,0,0,0,0,0,0,0,0,12,0,0
Nepal,2024-05-06,9,0,0,0,0,0,0,0,0,0,0,0,0,0,0,0,9,0,0
Nepal,2024-07-01,3,0,0,0,0,0,0,0,0,0,0,0,0,0,0,0,3,0,0
Nepal,2024-07-15,10,0,0,0,0,0,0,0,0,0,0,0,0,0,0,0,10,0,0
Nepal,2024-07-29,9,0,0,0,0,0,0,0,0,0,0,0,0,0,0,0,9,0,0
Netherlands,2020-04-27,172,0,0,0,0,0,0,0,0,0,0,0,0,0,0,0,0,0,172
Netherlands,2020-05-11,226,0,0,0,0,0,0,0,0,0,0,0,0,0,0,0,0,0,226
Netherlands,2020-05-25,106,0,0,0,0,0,0,0,0,0,0,0,0,0,0,0,0,0,106
Netherlands,2020-06-08,80,0,5,0,0,1,0,0,0,0,0,0,0,0,0,0,0,0,74
Netherlands,2020-06-22,76,0,0,0,0,0,0,0,0,0,0,0,0,0,0,0,0,0,76
Netherlands,2020-07-06,42,0,3,0,0,0,0,0,0,0,0,0,0,0,0,0,0,0,39
Netherlands,2020-07-20,85,0,3,0,0,1,0,0,0,0,0,0,0,0,0,0,0,0,81
Netherlands,2020-08-03,108,0,8,0,0,6,0,0,0,0,0,0,0,0,0,0,0,0,94
Netherlands,2020-08-17,98,0,9,1,14,25,0,0,0,0,0,0,0,0,0,0,0,0,49
Netherlands,2020-08-31,95,0,21,0,5,33,0,0,0,0,0,0,0,0,0,0,0,0,36
Netherlands,2020-09-14,257,0,119,0,2,83,0,0,0,0,0,0,0,0,0,0,0,0,53
Netherlands,2020-09-28,290,0,148,0,1,99,0,0,0,0,0,0,0,0,0,0,0,0,42
Netherlands,2020-10-12,430,0,207,1,2,153,0,0,0,0,0,0,0,0,0,0,0,0,67
Netherlands,2020-10-26,427,0,176,0,1,201,0,0,0,0,0,0,0,0,0,0,0,0,49
Netherlands,2020-11-09,450,0,190,0,0,223,0,1,0,0,0,0,0,0,0,0,0,0,36
Netherlands,2020-11-23,651,0,342,0,0,231,0,3,0,0,0,0,0,0,0,0,0,0,75
Netherlands,2020-12-07,835,0,446,0,1,332,0,27,0,0,0,0,0,0,0,0,0,0,29
Netherlands,2020-12-21,1145,0,514,0,0,429,7,144,0,0,0,0,0,0,0,0,0,0,51
Netherlands,2021-01-04,1676,0,571,0,0,685,40,290,0,20,0,0,0,0,0,0,0,0,70
Netherlands,2021-01-18,1989,0,591,1,0,734,30,537,3,0,0,0,2,0,0,0,0,0,91
Netherlands,2021-02-01,2320,0,524,2,0,766,71,830,5,14,0,0,11,0,0,0,0,0,97
Netherlands,2021-02-15,2611,0,212,36,0,384,88,1828,17,0,0,0,8,0,0,0,0,1,37
Netherlands,2021-03-01,4077,0,93,7,0,299,123,3434,46,19,0,4,18,0,0,0,0,0,34
Netherlands,2021-03-15,3680,0,21,1,0,90,129,3307,103,0,0,0,3,0,0,0,0,0,26
Netherlands,2021-03-29,3698,0,8,0,0,35,88,3474,64,11,1,0,2,0,0,3,0,0,12
Netherlands,2021-04-12,3644,0,0,0,0,12,56,3459,63,30,4,0,5,2,0,10,0,0,3
Netherlands,2021-04-26,3893,0,1,0,0,7,33,3714,88,28,0,0,2,0,0,12,0,0,8
Netherlands,2021-05-10,3276,0,1,0,0,2,11,3118,74,49,0,0,1,0,0,13,0,0,7
Netherlands,2021-05-24,2668,0,0,0,0,2,3,2430,57,146,0,0,1,0,1,6,0,0,22
Netherlands,2021-06-07,2494,0,0,0,0,1,3,1846,27,566,0,0,6,0,0,14,0,0,31
Netherlands,2021-06-21,1761,0,1,0,0,0,2,666,8,1050,0,0,1,0,2,13,0,0,18
Netherlands,2021-07-05,5284,0,0,0,0,0,0,454,6,4806,0,0,0,0,8,0,0,0,10
Netherlands,2021-07-19,3878,0,0,0,0,0,0,79,7,3788,0,0,0,0,0,3,0,0,1
Netherlands,2021-08-02,2819,0,0,0,0,0,0,15,0,2803,0,0,0,0,0,0,0,0,1
Netherlands,2021-08-16,3752,0,0,0,0,0,0,7,4,3740,0,0,0,0,0,0,0,0,1
Netherlands,2021-08-30,2851,0,0,0,0,0,1,3,0,2845,0,0,1,0,0,0,0,0,1
Netherlands,2021-09-13,2677,0,0,0,0,0,0,1,0,2673,0,0,1,0,0,0,0,0,2
Netherlands,2021-09-27,2337,0,0,0,0,0,0,1,0,2336,0,0,0,0,0,0,0,0,0
Netherlands,2021-10-11,2991,0,0,0,0,0,1,2,0,2986,0,0,0,0,0,0,0,0,2
Netherlands,2021-10-25,3794,0,0,0,0,0,0,0,0,3793,0,0,0,0,0,0,0,0,1
Netherlands,2021-11-08,3821,0,0,0,0,0,0,0,0,3819,0,0,0,0,0,0,2,0,0
Netherlands,2021-11-22,4043,0,0,0,0,0,0,0,0,3879,0,0,0,0,0,0,164,0,0
Netherlands,2021-12-06,4393,0,0,0,0,1,0,0,0,3660,0,0,0,0,0,0,731,0,1
Netherlands,2021-12-20,3612,0,0,0,0,0,0,0,0,1913,0,0,0,0,0,0,1698,0,1
Netherlands,2022-01-03,4222,0,0,0,0,0,0,0,0,400,0,0,0,0,0,0,3822,0,0
Netherlands,2022-01-17,3810,0,0,0,0,0,0,0,0,66,0,0,0,0,0,0,3744,0,0
Netherlands,2022-01-31,3802,2,0,0,0,0,0,0,0,14,0,0,0,0,0,0,3786,0,0
Netherlands,2022-02-14,3336,4,0,0,0,0,0,0,0,3,0,0,0,0,0,0,3327,0,2
Netherlands,2022-02-28,3475,10,0,0,0,0,0,0,0,0,0,0,0,0,0,0,3464,0,1
Netherlands,2022-03-14,3235,14,0,0,0,0,0,0,0,0,0,0,0,0,0,0,3221,0,0
Netherlands,2022-03-28,2892,16,0,0,0,0,0,0,0,0,0,0,0,0,0,0,2876,0,0
Netherlands,2022-04-11,2393,24,0,0,0,0,0,0,0,1,0,0,0,0,0,0,2367,0,1
Netherlands,2022-04-25,2117,13,0,0,0,0,0,0,0,0,0,0,0,0,0,0,2104,0,0
Netherlands,2022-05-09,1855,12,0,0,0,0,0,0,0,0,0,0,0,0,0,0,1843,0,0
Netherlands,2022-05-23,1598,11,0,0,0,0,0,0,0,0,0,0,0,0,0,0,1587,0,0
Netherlands,2022-06-06,2096,0,0,0,0,0,0,0,0,0,0,0,0,0,0,0,2096,0,0
Netherlands,2022-06-20,2404,5,0,0,0,0,0,0,0,0,0,0,0,0,0,0,2399,0,0
Netherlands,2022-07-04,2356,4,0,0,0,0,0,0,0,0,0,0,0,0,0,0,2352,0,0
Netherlands,2022-07-18,2237,3,0,0,0,0,0,0,0,0,0,0,0,0,0,0,2234,0,0
Netherlands,2022-08-01,2227,7,0,0,0,0,0,0,0,0,0,0,0,0,0,0,2220,0,0
Netherlands,2022-08-15,1901,8,0,0,0,0,0,0,0,1,0,0,0,0,0,0,1892,0,0
Netherlands,2022-08-29,1910,2,0,0,0,0,0,0,0,1,0,0,0,0,0,0,1907,0,0
Netherlands,2022-09-12,1992,6,0,0,0,0,0,0,0,0,0,0,0,0,0,0,1986,0,0
Netherlands,2022-09-26,2330,6,0,0,0,0,0,0,0,0,0,0,0,0,0,0,2324,0,0
Netherlands,2022-10-10,2414,7,0,0,0,0,0,0,0,0,0,0,0,0,0,0,2407,0,0
Netherlands,2022-10-24,2204,2,0,0,0,0,0,0,0,0,0,0,0,0,0,0,2202,0,0
Netherlands,2022-11-07,1917,3,0,0,0,0,0,0,0,0,0,0,0,0,0,0,1914,0,0
Netherlands,2022-11-21,1699,15,0,0,0,0,0,0,0,0,0,0,0,0,0,0,1684,0,0
Netherlands,2022-12-05,1921,14,0,0,0,0,0,0,0,0,0,0,0,0,0,0,1907,0,0
Netherlands,2022-12-19,1716,31,0,0,0,0,0,0,0,0,0,0,0,0,0,0,1685,0,0
Netherlands,2023-01-02,1584,40,0,0,0,0,0,0,0,0,0,0,0,0,0,0,1544,0,0
Netherlands,2023-01-16,1085,43,0,0,0,0,0,0,0,0,0,0,0,0,0,0,1042,0,0
Netherlands,2023-01-30,1290,44,0,0,0,0,0,0,0,0,0,0,0,0,0,0,1246,0,0
Netherlands,2023-02-13,1512,42,0,0,0,0,0,0,0,0,0,0,0,0,0,0,1470,0,0
Netherlands,2023-02-27,1202,36,0,0,0,0,0,0,0,0,0,0,0,0,0,0,1166,0,0
Netherlands,2023-03-13,951,17,0,0,0,0,0,0,0,0,0,0,0,0,0,0,934,0,0
Netherlands,2023-03-27,661,9,0,0,0,0,0,0,0,0,0,0,0,0,0,0,652,0,0
Netherlands,2023-04-10,468,3,0,0,0,0,0,0,0,0,0,0,0,0,0,0,465,0,0
Netherlands,2023-04-24,349,4,0,0,0,0,0,0,0,0,0,0,0,0,0,0,345,0,0
Netherlands,2023-05-08,236,4,0,0,0,0,0,0,0,0,0,0,0,0,0,0,232,0,0
Netherlands,2023-05-22,153,1,0,0,0,0,0,0,0,0,0,0,0,0,0,0,152,0,0
Netherlands,2023-06-05,110,1,0,0,0,0,0,0,0,0,0,0,0,0,0,0,109,0,0
Netherlands,2023-06-19,75,0,0,0,0,0,0,0,0,0,0,0,0,0,0,0,75,0,0
Netherlands,2023-07-03,79,0,0,0,0,0,0,0,0,0,0,0,0,0,0,0,79,0,0
Netherlands,2023-07-17,82,1,0,0,0,0,0,0,0,0,0,0,0,0,0,0,81,0,0
Netherlands,2023-07-31,171,3,0,0,0,0,0,0,0,0,0,0,0,0,0,0,168,0,0
Netherlands,2023-08-14,219,3,0,0,0,0,0,0,0,0,0,0,0,0,0,0,216,0,0
Netherlands,2023-08-28,434,7,0,0,0,0,0,0,0,0,0,0,0,0,0,0,427,0,0
Netherlands,2023-09-11,480,6,0,0,0,0,0,0,0,0,0,0,0,0,0,0,474,0,0
Netherlands,2023-09-25,631,33,0,0,0,0,0,0,0,0,0,0,0,0,0,0,598,0,0
Netherlands,2023-10-09,641,30,0,0,0,0,0,0,0,0,0,0,0,0,0,0,611,0,0
Netherlands,2023-10-23,943,27,0,0,0,0,0,0,0,0,0,0,0,0,0,0,916,0,0
Netherlands,2023-11-06,905,29,0,0,0,0,0,0,0,0,0,0,0,0,0,0,876,0,0
Netherlands,2023-11-20,1085,28,0,0,0,0,0,0,0,0,0,0,0,0,0,0,1057,0,0
Netherlands,2023-12-04,1389,28,0,0,0,0,0,0,0,0,0,0,0,0,0,0,1361,0,0
Netherlands,2023-12-18,900,13,0,0,0,0,0,0,0,0,0,0,0,0,0,0,887,0,0
Netherlands,2024-01-01,441,2,0,0,0,0,0,0,0,0,0,0,0,0,0,0,439,0,0
Netherlands,2024-01-15,210,2,0,0,0,0,0,0,0,0,0,0,0,0,0,0,208,0,0
Netherlands,2024-01-29,194,4,0,0,0,0,0,0,0,0,0,0,0,0,0,0,190,0,0
Netherlands,2024-02-12,106,2,0,0,0,0,0,0,0,0,0,0,0,0,0,0,104,0,0
Netherlands,2024-02-26,73,2,0,0,0,0,0,0,0,0,0,0,0,0,0,0,71,0,0
Netherlands,2024-03-11,54,1,0,0,0,0,0,0,0,0,0,0,0,0,0,0,53,0,0
Netherlands,2024-03-25,64,4,0,0,0,0,0,0,0,0,0,0,0,0,0,0,60,0,0
Netherlands,2024-04-08,31,0,0,0,0,0,0,0,0,0,0,0,0,0,0,0,31,0,0
Netherlands,2024-04-22,40,0,0,0,0,0,0,0,0,0,0,0,0,0,0,0,40,0,0
Netherlands,2024-05-06,47,1,0,0,0,0,0,0,0,0,0,0,0,0,0,0,46,0,0
Netherlands,2024-07-01,585,9,0,0,0,0,0,0,0,0,0,0,0,0,0,0,576,0,0
Netherlands,2024-07-15,741,5,0,0,0,0,0,0,0,0,0,0,0,0,0,0,736,0,0
Netherlands,2024-07-29,401,2,0,0,0,0,0,0,0,0,0,0,0,0,0,0,399,0,0
New Zealand,2020-04-27,8,0,0,0,0,0,0,0,0,0,0,0,0,0,0,0,0,0,8
New Zealand,2020-05-11,1,0,0,0,0,0,0,0,0,0,0,0,0,0,0,0,0,0,1
New Zealand,2020-06-08,5,0,0,0,0,0,0,0,0,0,0,0,0,0,0,0,0,0,5
New Zealand,2020-06-22,2,0,0,0,0,0,0,0,0,0,0,0,0,0,0,0,0,0,2
New Zealand,2020-07-06,3,0,0,0,0,0,0,0,0,0,0,0,0,0,0,0,0,0,3
New Zealand,2020-07-20,2,0,0,0,0,0,0,0,0,0,0,0,0,0,0,0,0,0,2
New Zealand,2020-08-03,37,0,0,0,0,0,0,0,0,0,0,0,0,0,0,0,0,1,36
New Zealand,2020-08-17,74,0,1,0,0,0,0,0,0,0,0,0,0,0,0,0,0,0,73
New Zealand,2020-08-31,33,0,0,0,0,0,0,0,0,0,0,0,0,0,0,0,0,1,32
New Zealand,2020-09-14,16,0,1,0,0,1,0,0,0,0,0,0,0,0,0,0,0,0,14
New Zealand,2020-09-28,14,0,0,0,0,8,0,0,0,0,0,0,0,0,0,0,0,0,6
New Zealand,2020-10-12,36,0,4,0,1,4,0,0,0,0,0,0,0,0,0,0,0,0,27
New Zealand,2020-10-26,32,0,2,0,1,7,0,0,0,0,0,0,0,0,0,0,0,0,22
New Zealand,2020-11-09,20,0,0,0,0,7,0,0,0,0,0,0,0,0,0,0,0,0,13
New Zealand,2020-11-23,28,0,1,0,1,2,0,0,0,0,0,1,0,0,0,0,0,0,23
New Zealand,2020-12-07,20,0,0,0,0,5,0,5,0,0,0,1,1,0,0,0,0,0,8
New Zealand,2020-12-21,27,0,0,0,0,2,0,12,0,0,0,2,4,0,0,0,0,0,7
New Zealand,2021-01-04,20,0,0,0,0,1,7,2,0,0,0,0,1,0,0,0,0,0,9
New Zealand,2021-01-18,22,0,0,1,0,0,4,13,0,0,0,0,0,0,0,0,0,0,4
New Zealand,2021-02-01,15,0,0,0,0,0,3,9,0,0,0,0,1,0,0,0,0,0,2
New Zealand,2021-02-15,21,0,0,0,0,0,0,16,0,0,0,0,3,0,0,0,0,0,2
New Zealand,2021-03-01,31,0,0,0,0,0,1,19,3,0,1,0,1,0,0,0,0,0,6
New Zealand,2021-03-15,24,0,0,0,0,0,3,15,1,1,0,0,0,1,0,1,0,0,2
New Zealand,2021-03-29,37,0,0,0,0,0,1,23,1,7,3,0,0,0,0,1,0,0,1
New Zealand,2021-04-12,16,0,0,0,0,0,0,13,0,2,0,0,0,0,0,0,0,0,1
New Zealand,2021-04-26,14,0,0,0,0,0,1,9,0,2,0,0,1,0,0,0,0,0,1
New Zealand,2021-05-10,8,0,0,0,0,0,2,1,1,2,0,0,0,0,0,1,0,0,1
New Zealand,2021-05-24,7,0,0,0,0,0,0,2,1,4,0,0,0,0,0,0,0,0,0
New Zealand,2021-06-07,16,0,0,0,0,0,1,2,0,12,0,0,0,0,0,1,0,0,0
New Zealand,2021-06-21,16,0,0,0,0,0,3,2,0,10,0,0,0,0,0,0,0,0,1
New Zealand,2021-07-05,36,0,0,0,0,0,0,0,0,36,0,0,0,0,0,0,0,0,0
New Zealand,2021-07-19,31,0,0,0,0,0,0,0,0,31,0,0,0,0,0,0,0,0,0
New Zealand,2021-08-02,28,0,0,0,0,0,0,0,0,28,0,0,0,0,0,0,0,0,0
New Zealand,2021-08-16,571,0,0,0,0,0,0,0,0,571,0,0,0,0,0,0,0,0,0
New Zealand,2021-08-30,333,0,0,0,0,0,0,0,0,333,0,0,0,0,0,0,0,0,0
New Zealand,2021-09-13,201,0,0,0,0,0,0,0,0,201,0,0,0,0,0,0,0,0,0
New Zealand,2021-09-27,409,0,0,0,0,0,0,0,0,409,0,0,0,0,0,0,0,0,0
New Zealand,2021-10-11,735,0,0,0,0,0,0,0,0,735,0,0,0,0,0,0,0,0,0
New Zealand,2021-10-25,434,0,0,0,0,0,0,0,0,434,0,0,0,0,0,0,0,0,0
New Zealand,2021-11-08,626,0,0,0,0,0,0,0,0,626,0,0,0,0,0,0,0,0,0
New Zealand,2021-11-22,378,0,0,0,0,0,0,0,0,378,0,0,0,0,0,0,0,0,0
New Zealand,2021-12-06,333,0,0,0,0,0,0,0,0,310,0,0,0,0,0,0,23,0,0
New Zealand,2021-12-20,550,0,0,0,0,0,0,0,0,438,0,0,0,0,0,0,112,0,0
New Zealand,2022-01-03,511,0,0,0,0,0,0,0,0,181,0,0,0,0,0,0,330,0,0
New Zealand,2022-01-17,656,0,0,0,0,0,0,0,0,112,0,0,0,0,0,0,543,0,1
New Zealand,2022-01-31,664,0,0,0,0,0,0,0,0,27,0,0,0,0,0,0,636,0,1
New Zealand,2022-02-14,743,0,0,0,0,0,0,0,0,1,0,0,0,0,0,0,737,0,5
New Zealand,2022-02-28,759,1,0,0,0,0,0,0,0,1,0,0,0,0,0,0,756,0,1
New Zealand,2022-03-14,708,1,0,0,0,0,0,0,0,0,0,0,0,0,0,0,707,0,0
New Zealand,2022-03-28,758,1,0,0,0,0,0,0,0,0,0,0,0,0,0,0,755,0,2
New Zealand,2022-04-11,773,2,0,0,0,0,0,0,0,0,0,0,0,0,0,0,770,0,1
New Zealand,2022-04-25,893,0,0,0,0,0,0,0,0,0,0,0,0,0,0,0,893,0,0
New Zealand,2022-05-09,1042,1,0,0,0,0,0,0,0,0,0,0,0,0,0,0,1041,0,0
New Zealand,2022-05-23,969,1,0,0,0,0,0,0,0,0,0,0,0,0,0,0,968,0,0
New Zealand,2022-06-06,1103,0,0,0,0,0,0,0,0,0,0,0,0,0,0,0,1103,0,0
New Zealand,2022-06-20,1189,2,0,0,0,0,0,0,0,0,0,0,0,0,0,0,1187,0,0
New Zealand,2022-07-04,1442,3,0,0,0,0,0,0,0,0,0,0,0,0,0,0,1439,0,0
New Zealand,2022-07-18,1818,1,0,0,0,0,0,0,0,0,0,0,0,0,0,0,1817,0,0
New Zealand,2022-08-01,1585,3,0,0,0,0,0,0,0,0,0,0,0,0,0,0,1582,0,0
New Zealand,2022-08-15,1439,6,0,0,0,0,0,0,0,0,0,0,0,0,0,0,1433,0,0
New Zealand,2022-08-29,953,1,0,0,0,0,0,0,0,0,0,0,0,0,0,0,952,0,0
New Zealand,2022-09-12,556,2,0,0,0,0,0,0,0,0,0,0,0,0,0,0,554,0,0
New Zealand,2022-09-26,471,0,0,0,0,0,0,0,0,0,0,0,0,0,0,0,471,0,0
New Zealand,2022-10-10,938,6,0,0,0,0,0,0,0,0,0,0,0,0,0,0,932,0,0
New Zealand,2022-10-24,1094,15,0,0,0,0,0,0,0,0,0,0,0,0,0,0,1079,0,0
New Zealand,2022-11-07,1224,59,0,0,0,0,0,0,0,0,0,0,0,0,0,0,1165,0,0
New Zealand,2022-11-21,1340,105,0,0,0,0,0,0,0,0,0,0,0,0,0,0,1235,0,0
New Zealand,2022-12-05,1867,205,0,0,0,0,0,0,0,0,0,0,0,0,0,0,1662,0,0
New Zealand,2022-12-19,577,102,0,0,0,0,0,0,0,0,0,0,0,0,0,0,475,0,0
New Zealand,2023-01-02,791,149,0,0,0,0,0,0,0,0,0,0,0,0,0,0,642,0,0
New Zealand,2023-01-16,452,88,0,0,0,0,0,0,0,0,0,0,0,0,0,0,364,0,0
New Zealand,2023-01-30,354,64,0,0,0,0,0,0,0,0,0,0,0,0,0,0,290,0,0
New Zealand,2023-02-13,379,60,0,0,0,0,0,0,0,0,0,0,0,0,0,0,319,0,0
New Zealand,2023-02-27,534,57,0,0,0,0,0,0,0,0,0,0,0,0,0,0,477,0,0
New Zealand,2023-03-13,527,33,0,0,0,0,0,0,0,0,0,0,0,0,0,0,494,0,0
New Zealand,2023-03-27,471,19,0,0,0,0,0,0,0,0,0,0,0,0,0,0,452,0,0
New Zealand,2023-04-10,374,23,0,0,0,0,0,0,0,0,0,0,0,0,0,0,351,0,0
New Zealand,2023-04-24,636,25,0,0,0,0,0,0,0,0,0,0,0,0,0,0,611,0,0
New Zealand,2023-05-08,533,40,0,0,0,0,0,0,0,0,0,0,0,0,0,0,493,0,0
New Zealand,2023-05-22,492,46,0,0,0,0,0,0,0,0,0,0,0,0,0,0,446,0,0
New Zealand,2023-06-05,470,52,0,0,0,0,0,0,0,0,0,0,0,0,0,0,418,0,0
New Zealand,2023-06-19,390,79,0,0,0,0,0,0,0,0,0,0,0,0,0,0,311,0,0
New Zealand,2023-07-03,281,69,0,0,0,0,0,0,0,0,0,0,0,0,0,0,212,0,0
New Zealand,2023-07-17,61,4,0,0,0,0,0,0,0,0,0,0,0,0,0,0,57,0,0
New Zealand,2023-07-31,224,25,0,0,0,0,0,0,0,0,0,0,0,0,0,0,199,0,0
New Zealand,2023-08-14,307,89,0,0,0,0,0,0,0,0,0,0,0,0,0,0,218,0,0
New Zealand,2023-08-28,410,127,0,0,0,0,0,0,0,0,0,0,0,0,0,0,283,0,0
New Zealand,2023-09-11,296,77,0,0,0,0,0,0,0,0,0,0,0,0,0,0,219,0,0
New Zealand,2023-09-25,402,91,0,0,0,0,0,0,0,0,0,0,0,0,0,0,311,0,0
New Zealand,2023-10-09,573,98,0,0,0,0,0,0,0,0,0,0,0,0,0,0,475,0,0
New Zealand,2023-10-23,575,92,0,0,0,0,0,0,0,0,0,0,0,0,0,0,483,0,0
New Zealand,2023-11-06,655,68,0,0,0,0,0,0,0,0,0,0,0,0,0,0,587,0,0
New Zealand,2023-11-20,658,53,0,0,0,0,0,0,0,0,0,0,0,0,0,0,605,0,0
New Zealand,2023-12-04,503,19,0,0,0,0,0,0,0,0,0,0,0,0,0,0,484,0,0
New Zealand,2023-12-18,326,6,0,0,0,0,0,0,0,0,0,0,0,0,0,0,320,0,0
New Zealand,2024-01-01,594,13,0,0,0,0,0,0,0,0,0,0,0,0,0,0,581,0,0
New Zealand,2024-01-15,443,12,0,0,0,0,0,0,0,0,0,0,0,0,0,0,431,0,0
New Zealand,2024-01-29,293,21,0,0,0,0,0,0,0,0,0,0,0,0,0,0,272,0,0
New Zealand,2024-02-26,127,5,0,0,0,0,0,0,0,0,0,0,0,0,0,0,122,0,0
New Zealand,2024-03-11,313,21,0,0,0,0,0,0,0,0,0,0,0,0,0,0,292,0,0
New Zealand,2024-03-25,344,43,0,0,0,0,0,0,0,0,0,0,0,0,0,0,301,0,0
New Zealand,2024-04-08,303,27,0,0,0,0,0,0,0,0,0,0,0,0,0,0,276,0,0
New Zealand,2024-04-22,294,14,0,0,0,0,0,0,0,0,0,0,0,0,0,0,280,0,0
New Zealand,2024-05-06,544,18,0,0,0,0,0,0,0,0,0,0,0,0,0,0,526,0,0
New Zealand,2024-07-01,173,1,0,0,0,0,0,0,0,0,0,0,0,0,0,0,172,0,0
New Zealand,2024-07-15,159,2,0,0,0,0,0,0,0,0,0,0,0,0,0,0,157,0,0
New Zealand,2024-07-29,143,1,0,0,0,0,0,0,0,0,0,0,0,0,0,0,142,0,0
Nicaragua,2020-04-27,20,0,0,0,0,0,0,0,0,0,0,0,0,1,0,0,0,0,19
Nicaragua,2020-05-25,5,0,0,0,0,0,0,0,0,0,0,0,0,0,0,0,0,0,5
Nicaragua,2020-06-08,11,0,0,0,0,0,0,0,0,0,0,0,0,0,0,0,0,0,11
Nicaragua,2020-06-22,9,0,0,0,0,0,0,0,0,0,0,0,0,0,0,0,0,0,9
Nicaragua,2020-07-06,2,0,0,0,0,0,0,0,0,0,0,0,0,0,0,0,0,0,2
Nicaragua,2020-07-20,2,0,0,0,0,0,0,0,0,0,0,0,0,0,0,0,0,0,2
Nicaragua,2020-08-17,3,0,0,0,0,0,0,0,0,0,0,0,0,0,0,0,0,0,3
Nicaragua,2020-08-31,1,0,0,0,0,0,0,0,0,0,0,0,0,0,0,0,0,0,1
Nicaragua,2020-09-14,5,0,0,0,0,0,0,0,0,0,0,0,0,0,0,0,0,0,5
Nicaragua,2020-09-28,2,0,0,0,0,0,0,0,0,0,0,0,0,0,0,0,0,0,2
Nicaragua,2020-10-12,2,0,0,0,0,0,0,0,0,0,0,0,0,0,0,0,0,0,2
Nicaragua,2020-10-26,3,0,0,0,0,0,0,0,0,0,0,0,0,0,0,0,0,0,3
Nicaragua,2020-11-23,6,0,0,0,0,0,0,0,0,0,0,0,0,0,0,0,0,0,6
Nicaragua,2020-12-07,9,0,0,0,0,0,0,0,0,0,0,0,0,0,0,0,0,0,9
Nicaragua,2020-12-21,11,0,0,0,0,0,0,0,0,0,0,1,0,0,0,0,0,0,10
Nicaragua,2021-01-04,20,0,1,0,0,0,0,0,0,1,0,0,0,0,0,0,0,0,18
Nicaragua,2021-01-18,11,0,0,0,0,0,0,0,0,0,0,1,0,0,0,0,0,0,10
Nicaragua,2021-02-01,17,0,0,0,0,0,0,0,0,0,0,2,0,0,0,0,0,1,14
Nicaragua,2021-02-15,7,0,0,0,0,0,0,0,0,0,0,0,0,0,0,0,0,0,7
Nicaragua,2021-03-01,7,0,0,0,0,0,0,0,0,0,0,0,0,0,0,0,0,0,7
Nicaragua,2021-03-15,18,0,0,0,0,0,0,0,0,0,0,0,0,1,0,0,0,0,17
Nicaragua,2021-03-29,10,0,0,0,0,0,0,0,0,0,0,0,0,0,0,0,0,0,10
Nicaragua,2021-04-12,23,0,1,1,0,0,0,0,3,0,0,0,1,2,0,0,0,0,15
Nicaragua,2021-04-26,58,0,8,2,0,8,1,1,1,0,0,0,2,3,0,0,0,0,32
Nicaragua,2021-05-10,7,0,0,1,0,0,0,0,0,0,0,0,0,1,1,0,0,0,4
Nicaragua,2021-05-24,9,0,0,1,0,0,0,0,0,0,0,0,0,2,1,0,0,0,5
Nicaragua,2021-06-07,29,0,1,1,0,0,0,0,6,0,0,0,1,3,1,0,0,0,16
Nicaragua,2021-06-21,33,0,1,0,0,0,0,0,11,6,0,0,1,0,0,0,0,0,14
Nicaragua,2021-07-05,49,1,1,1,0,0,0,0,20,6,0,0,1,1,3,0,0,0,15
Nicaragua,2021-07-19,58,0,0,1,0,0,0,1,9,21,0,0,1,3,1,2,0,0,19
Nicaragua,2021-08-02,65,1,0,0,0,0,0,0,8,51,0,0,0,0,0,1,0,0,4
Nicaragua,2021-08-16,85,0,0,0,0,0,0,1,7,65,0,0,0,1,0,1,0,0,10
Nicaragua,2021-08-30,3,0,0,0,0,0,0,0,0,2,0,0,0,0,0,0,0,0,1
Nicaragua,2021-09-13,11,0,0,0,0,0,0,0,1,7,0,0,0,0,0,0,0,0,3
Nicaragua,2021-09-27,11,0,0,0,0,0,0,0,1,10,0,0,0,0,0,0,0,0,0
Nicaragua,2021-10-11,2,0,0,0,0,0,0,0,2,0,0,0,0,0,0,0,0,0,0
Nicaragua,2021-10-25,2,0,0,0,0,0,0,0,0,2,0,0,0,0,0,0,0,0,0
Nicaragua,2021-11-08,1,0,0,0,0,0,0,0,0,1,0,0,0,0,0,0,0,0,0
Nicaragua,2021-12-06,2,0,0,0,0,0,0,0,0,2,0,0,0,0,0,0,0,0,0
Nicaragua,2021-12-20,19,0,0,0,0,0,0,0,0,1,0,0,0,0,0,0,18,0,0
Nicaragua,2022-01-03,16,0,0,0,0,0,0,0,0,0,0,0,0,0,0,0,16,0,0
Nicaragua,2022-01-17,1,0,0,0,0,0,0,0,0,0,0,0,0,0,0,0,1,0,0
Nicaragua,2022-01-31,2,0,0,0,0,0,0,0,0,0,0,0,0,0,0,0,2,0,0
Nicaragua,2022-02-14,5,0,0,0,0,0,0,0,0,0,0,0,0,0,0,0,5,0,0
Nicaragua,2022-03-28,18,0,0,0,0,0,0,0,0,0,0,0,0,0,0,0,18,0,0
Nicaragua,2022-05-23,1,0,0,0,0,0,0,0,0,0,0,0,0,0,0,0,1,0,0
Nicaragua,2022-06-06,4,0,0,0,0,0,0,0,0,0,0,0,0,0,0,0,4,0,0
Nicaragua,2022-06-20,1,0,0,0,0,0,0,0,0,0,0,0,0,0,0,0,1,0,0
Nicaragua,2022-08-15,19,0,0,0,0,0,0,0,0,0,0,0,0,0,0,0,19,0,0
Nicaragua,2022-09-12,1,0,0,0,0,0,0,0,0,0,0,0,0,0,0,0,1,0,0
Nicaragua,2022-09-26,1,0,0,0,0,0,0,0,0,0,0,0,0,0,0,0,1,0,0
Nicaragua,2022-10-10,7,0,0,0,0,0,0,0,0,0,0,0,0,0,0,0,7,0,0
Nicaragua,2022-10-24,2,0,0,0,0,0,0,0,0,0,0,0,0,0,0,0,2,0,0
Nicaragua,2022-11-21,14,0,0,0,0,0,0,0,0,0,0,0,0,0,0,0,14,0,0
Nicaragua,2022-12-05,75,0,0,0,0,0,0,0,0,0,0,0,0,0,0,0,75,0,0
Nigeria,2020-04-27,23,0,0,0,0,0,0,0,0,0,0,4,0,1,0,0,0,0,18
Nigeria,2020-05-11,27,0,0,0,0,0,0,0,0,0,0,4,0,1,0,0,0,1,21
Nigeria,2020-05-25,14,0,0,0,0,0,0,0,0,0,0,2,0,1,0,0,0,0,11
Nigeria,2020-06-08,26,0,0,0,0,0,0,0,0,0,0,4,0,1,0,0,0,0,21
Nigeria,2020-06-22,26,0,0,0,0,0,0,0,0,0,0,4,0,1,0,0,0,0,21
Nigeria,2020-07-06,46,0,0,0,0,0,0,0,0,0,0,7,0,1,0,0,0,1,37
Nigeria,2020-07-20,18,0,0,0,0,0,0,0,0,0,0,3,0,1,0,0,0,0,14
Nigeria,2020-08-03,18,0,0,0,0,0,0,0,0,0,0,3,0,1,0,0,0,0,14
Nigeria,2020-08-17,11,0,0,0,0,0,0,0,0,0,0,2,0,0,0,0,0,0,9
Nigeria,2020-08-31,6,0,0,0,0,0,0,0,0,0,0,1,0,0,0,0,0,0,5
Nigeria,2020-09-14,1,0,0,0,0,0,0,1,0,0,0,0,0,0,0,0,0,0,0
Nigeria,2020-09-28,4,0,0,0,0,0,0,1,0,0,0,1,0,1,0,0,0,0,1
Nigeria,2020-10-12,7,0,0,0,0,0,0,0,0,0,0,1,0,0,0,0,0,0,6
Nigeria,2020-10-26,2,0,0,0,0,0,0,0,0,0,0,0,0,0,0,0,0,0,2
Nigeria,2020-11-09,4,0,0,0,0,0,0,0,0,0,0,1,0,0,0,0,0,0,3
Nigeria,2020-11-23,27,0,0,0,1,1,0,0,0,0,0,0,0,0,0,0,0,0,25
Nigeria,2020-12-07,36,0,0,1,0,0,0,2,4,0,0,5,2,2,0,0,0,1,19
Nigeria,2020-12-21,59,0,0,2,0,0,0,11,5,0,0,5,15,1,0,0,0,1,19
Nigeria,2021-01-04,183,0,0,1,0,0,0,85,4,0,0,5,67,2,0,0,0,1,18
Nigeria,2021-01-18,119,0,0,1,0,0,0,48,2,0,0,3,55,1,0,0,0,0,9
Nigeria,2021-02-01,163,0,0,1,0,0,0,52,3,0,0,3,93,0,0,0,0,0,11
Nigeria,2021-02-15,71,0,0,1,0,0,0,17,3,0,0,3,33,0,0,0,0,1,13
Nigeria,2021-03-01,42,0,0,1,0,0,0,7,2,0,0,2,22,0,0,0,0,0,8
Nigeria,2021-03-15,13,0,0,0,0,0,0,1,1,0,0,1,5,0,0,0,0,0,5
Nigeria,2021-03-29,8,0,0,0,0,0,0,0,0,1,0,0,3,0,0,0,0,0,4
Nigeria,2021-04-12,5,0,0,0,0,0,0,1,0,0,0,1,1,0,0,0,0,0,2
Nigeria,2021-05-10,1,0,0,0,0,0,0,0,0,0,0,0,1,0,0,0,0,0,0
Nigeria,2021-05-24,4,0,0,0,0,0,0,2,0,0,0,1,0,0,0,0,0,0,1
Nigeria,2021-06-07,9,0,0,0,0,0,0,0,0,8,0,0,0,0,0,0,0,0,1
Nigeria,2021-06-21,11,0,0,0,0,0,0,0,0,10,0,0,0,0,0,0,0,0,1
Nigeria,2021-07-05,44,0,0,0,0,0,0,0,0,43,0,0,0,0,0,0,0,0,1
Nigeria,2021-07-19,304,0,1,0,0,0,1,3,8,277,0,0,4,0,0,5,0,0,5
Nigeria,2021-08-02,439,0,0,0,0,0,0,0,0,432,0,0,0,0,0,1,0,0,6
Nigeria,2021-08-16,419,0,0,0,0,0,0,0,0,419,0,0,0,0,0,0,0,0,0
Nigeria,2021-08-30,417,0,0,0,0,0,0,0,0,416,0,0,0,0,0,0,0,0,1
Nigeria,2021-09-13,121,0,0,0,0,0,0,0,0,118,0,0,2,0,0,0,0,0,1
Nigeria,2021-09-27,88,0,0,0,0,0,0,0,0,85,0,0,1,0,0,0,0,0,2
Nigeria,2021-10-11,55,0,0,0,0,0,0,0,0,53,0,0,0,0,0,0,0,0,2
Nigeria,2021-10-25,37,0,0,0,0,0,0,0,0,34,0,0,0,0,0,0,0,0,3
Nigeria,2021-11-08,33,0,0,0,0,0,0,0,0,25,0,0,0,0,0,0,8,0,0
Nigeria,2021-11-22,152,0,0,0,0,0,0,0,0,48,0,0,0,0,0,0,101,0,3
Nigeria,2021-12-06,507,0,0,0,0,0,0,1,0,32,0,0,0,0,0,0,472,0,2
Nigeria,2021-12-20,506,0,0,0,0,0,0,0,0,27,0,0,0,0,0,0,474,0,5
Nigeria,2022-01-03,135,0,0,0,0,0,0,0,0,2,0,0,0,0,0,0,133,0,0
Nigeria,2022-01-17,19,0,0,0,0,0,0,0,0,0,0,0,0,0,0,0,19,0,0
Nigeria,2022-01-31,5,0,0,0,0,0,0,0,0,2,0,0,0,0,0,0,3,0,0
Nigeria,2022-02-14,4,0,0,0,0,0,0,0,0,0,0,0,0,0,0,0,4,0,0
Nigeria,2022-02-28,17,0,0,0,0,0,0,0,0,0,0,0,0,0,0,0,17,0,0
Nigeria,2022-03-14,3,0,0,0,0,0,0,0,0,0,0,0,0,0,0,0,3,0,0
Nigeria,2022-03-28,5,0,0,0,0,0,0,0,0,0,0,0,0,0,0,0,5,0,0
Nigeria,2022-04-11,1,0,0,0,0,0,0,0,0,0,0,0,0,0,0,0,1,0,0
Nigeria,2022-04-25,5,0,0,0,0,0,0,0,0,0,0,0,0,0,0,0,5,0,0
Nigeria,2022-05-09,1,0,0,0,0,0,0,0,0,0,0,0,0,0,0,0,1,0,0
Nigeria,2022-05-23,10,0,0,0,0,0,0,0,0,0,0,0,0,0,0,0,10,0,0
Nigeria,2022-06-06,17,0,0,0,0,0,0,0,0,0,0,0,0,0,0,0,17,0,0
Nigeria,2022-06-20,46,0,0,0,0,0,0,0,0,0,0,0,0,0,0,0,46,0,0
Nigeria,2022-07-04,41,0,0,0,0,0,0,0,0,0,0,0,0,0,0,0,41,0,0
Nigeria,2022-07-18,35,0,0,0,0,0,0,0,0,0,0,0,0,0,0,0,35,0,0
Nigeria,2022-08-01,30,0,0,0,0,0,0,0,0,0,0,0,0,0,0,0,30,0,0
Nigeria,2022-08-15,31,0,0,0,0,0,0,0,0,0,0,0,0,0,0,0,31,0,0
Nigeria,2022-08-29,33,0,0,0,0,0,0,0,0,0,0,0,0,0,0,0,33,0,0
Nigeria,2022-09-12,48,0,0,0,0,0,0,0,0,0,0,0,0,0,0,0,48,0,0
Nigeria,2022-09-26,10,0,0,0,0,0,0,0,0,0,0,0,0,0,0,0,10,0,0
Nigeria,2022-10-10,6,0,0,0,0,0,0,0,0,0,0,0,0,0,0,0,6,0,0
Nigeria,2022-10-24,1,0,0,0,0,0,0,0,0,0,0,0,0,0,0,0,1,0,0
Nigeria,2023-01-16,9,0,0,0,0,0,0,0,0,0,0,0,0,0,0,0,9,0,0
Nigeria,2023-01-30,2,0,0,0,0,0,0,0,0,0,0,0,0,0,0,0,2,0,0
Nigeria,2023-02-13,8,0,0,0,0,0,0,0,0,0,0,0,0,0,0,0,8,0,0
Nigeria,2023-02-27,4,0,0,0,0,0,0,0,0,0,0,0,0,0,0,0,4,0,0
Nigeria,2023-03-13,6,0,0,0,0,0,0,0,0,0,0,0,0,0,0,0,6,0,0
Nigeria,2023-03-27,5,0,0,0,0,0,0,0,0,0,0,0,0,0,0,0,5,0,0
Nigeria,2023-04-10,3,0,0,0,0,0,0,0,0,0,0,0,0,0,0,0,3,0,0
Nigeria,2023-04-24,3,0,0,0,0,0,0,0,0,0,0,0,0,0,0,0,3,0,0
Nigeria,2023-05-08,3,0,0,0,0,0,0,0,0,0,0,0,0,0,0,0,3,0,0
Nigeria,2023-05-22,1,0,0,0,0,0,0,0,0,0,0,0,0,0,0,0,1,0,0
Nigeria,2023-06-05,3,0,0,0,0,0,0,0,0,0,0,0,0,0,0,0,3,0,0
Nigeria,2023-06-19,3,0,0,0,0,0,0,0,0,0,0,0,0,0,0,0,3,0,0
Nigeria,2023-07-17,2,2,0,0,0,0,0,0,0,0,0,0,0,0,0,0,0,0,0
Nigeria,2023-08-14,1,0,0,0,0,0,0,0,0,0,0,0,0,0,0,0,1,0,0
Nigeria,2023-08-28,2,0,0,0,0,0,0,0,0,0,0,0,0,0,0,0,2,0,0
Nigeria,2023-09-11,7,0,0,0,0,0,0,0,0,0,0,0,0,0,0,0,7,0,0
Nigeria,2023-09-25,4,0,0,0,0,0,0,0,0,0,0,0,0,0,0,0,4,0,0
Nigeria,2023-10-09,2,0,0,0,0,0,0,0,0,0,0,0,0,0,0,0,2,0,0
Nigeria,2024-01-01,7,0,0,0,0,0,0,0,0,0,0,0,0,0,0,0,7,0,0
Nigeria,2024-01-15,6,0,0,0,0,0,0,0,0,0,0,0,0,0,0,0,6,0,0
Nigeria,2024-01-29,111,0,0,0,0,0,0,0,0,0,0,0,0,0,0,0,111,0,0
Nigeria,2024-02-12,97,0,0,0,0,0,0,0,0,0,0,0,0,0,0,0,97,0,0
Nigeria,2024-02-26,7,0,0,0,0,0,0,0,0,0,0,0,0,0,0,0,7,0,0
Nigeria,2024-03-11,6,0,0,0,0,0,0,0,0,0,0,0,0,0,0,0,6,0,0
Nigeria,2024-03-25,10,0,0,0,0,0,0,0,0,0,0,0,0,0,0,0,10,0,0
Nigeria,2024-04-08,5,0,0,0,0,0,0,0,0,0,0,0,0,0,0,0,5,0,0
Nigeria,2024-07-29,1,0,0,0,0,0,0,0,0,0,0,0,0,0,0,0,1,0,0
North Macedonia,2020-05-11,1,0,0,0,0,0,0,0,0,0,0,0,0,0,0,0,0,0,1
North Macedonia,2020-05-25,11,0,0,0,0,0,0,0,0,0,0,0,0,0,0,0,0,0,11
North Macedonia,2020-06-08,18,0,0,0,0,0,0,0,0,0,0,0,0,1,0,0,0,0,17
North Macedonia,2020-06-22,20,0,0,0,0,0,0,0,0,0,0,0,0,1,0,0,0,0,19
North Macedonia,2020-07-06,5,0,0,0,0,0,0,0,0,0,0,0,0,0,0,0,0,0,5
North Macedonia,2020-07-20,6,0,0,0,0,0,0,0,0,0,0,0,0,0,0,0,0,0,6
North Macedonia,2020-08-03,8,0,0,0,0,0,0,0,0,0,0,0,0,0,0,0,0,0,8
North Macedonia,2020-08-17,2,0,0,0,0,0,0,0,0,0,0,0,0,0,0,0,0,0,2
North Macedonia,2020-08-31,9,0,0,0,0,0,0,0,0,0,0,0,0,0,0,0,0,0,9
North Macedonia,2020-09-28,7,0,0,0,0,0,0,0,0,0,0,0,0,0,0,0,0,0,7
North Macedonia,2020-10-12,13,0,0,0,0,0,0,0,0,0,0,0,0,1,0,0,0,0,12
North Macedonia,2020-10-26,20,0,0,0,0,0,0,0,0,0,0,0,0,1,0,0,0,0,19
North Macedonia,2020-11-09,7,0,0,0,0,0,0,0,0,0,0,0,0,0,0,0,0,0,7
North Macedonia,2020-11-23,3,0,0,0,0,0,0,0,0,0,0,0,0,0,0,0,0,0,3
North Macedonia,2020-12-07,16,0,0,0,0,1,0,0,0,0,0,0,0,0,0,0,0,0,15
North Macedonia,2020-12-21,25,0,1,0,0,0,0,0,0,0,0,0,0,0,0,0,0,0,24
North Macedonia,2021-01-04,59,0,15,0,0,4,0,3,0,0,0,0,0,0,0,0,0,0,37
North Macedonia,2021-01-18,48,0,8,1,0,1,0,9,1,0,0,1,1,0,0,0,0,0,26
North Macedonia,2021-02-01,69,0,17,1,0,6,0,28,0,0,0,0,1,0,0,0,0,0,16
North Macedonia,2021-02-15,16,0,2,0,0,1,0,12,0,0,0,0,0,0,0,0,0,0,1
North Macedonia,2021-03-01,26,0,0,0,0,1,1,24,0,0,0,0,0,0,0,0,0,0,0
North Macedonia,2021-03-15,11,0,1,0,0,0,0,10,0,0,0,0,0,0,0,0,0,0,0
North Macedonia,2021-03-29,108,0,0,0,0,0,0,105,1,0,0,0,0,0,0,0,0,0,2
North Macedonia,2021-04-12,28,0,0,0,0,0,0,28,0,0,0,0,0,0,0,0,0,0,0
North Macedonia,2021-04-26,12,0,1,0,0,0,0,11,0,0,0,0,0,0,0,0,0,0,0
North Macedonia,2021-05-10,12,0,0,0,0,0,0,12,0,0,0,0,0,0,0,0,0,0,0
North Macedonia,2021-05-24,9,0,0,0,0,0,0,9,0,0,0,0,0,0,0,0,0,0,0
North Macedonia,2021-06-07,6,0,0,0,0,0,0,5,0,1,0,0,0,0,0,0,0,0,0
North Macedonia,2021-06-21,2,0,0,0,0,0,0,0,0,2,0,0,0,0,0,0,0,0,0
North Macedonia,2021-07-05,11,0,0,0,0,0,0,5,0,6,0,0,0,0,0,0,0,0,0
North Macedonia,2021-07-19,24,0,0,0,0,0,0,0,0,24,0,0,0,0,0,0,0,0,0
North Macedonia,2021-10-11,8,0,0,0,0,0,0,0,0,8,0,0,0,0,0,0,0,0,0
North Macedonia,2021-10-25,18,0,0,0,0,0,0,0,0,18,0,0,0,0,0,0,0,0,0
North Macedonia,2021-11-08,21,0,0,0,0,0,0,0,0,21,0,0,0,0,0,0,0,0,0
North Macedonia,2021-12-06,7,0,0,0,0,0,0,0,0,7,0,0,0,0,0,0,0,0,0
North Macedonia,2021-12-20,27,0,0,0,0,0,0,0,0,26,0,0,0,0,0,0,1,0,0
North Macedonia,2022-01-03,2,0,0,0,0,0,0,0,0,0,0,0,0,0,0,0,2,0,0
North Macedonia,2022-01-17,14,0,0,0,0,0,0,0,0,2,0,0,0,0,0,0,12,0,0
North Macedonia,2022-01-31,30,0,0,0,0,0,0,0,0,0,0,0,0,0,0,0,30,0,0
North Macedonia,2022-02-28,3,0,0,0,0,0,0,0,0,0,0,0,0,0,0,0,3,0,0
North Macedonia,2022-03-14,3,1,0,0,0,0,0,0,0,0,0,0,0,0,0,0,2,0,0
North Macedonia,2022-03-28,33,0,0,0,0,0,0,0,0,0,0,0,0,0,0,0,33,0,0
North Macedonia,2022-04-11,4,0,0,0,0,0,0,0,0,0,0,0,0,0,0,0,4,0,0
North Macedonia,2022-05-09,1,0,0,0,0,0,0,0,0,0,0,0,0,0,0,0,1,0,0
North Macedonia,2022-05-23,1,0,0,0,0,0,0,0,0,0,0,0,0,0,0,0,1,0,0
North Macedonia,2022-06-20,1,0,0,0,0,0,0,0,0,0,0,0,0,0,0,0,1,0,0
North Macedonia,2022-07-04,45,0,0,0,0,0,0,0,0,0,0,0,0,0,0,0,45,0,0
North Macedonia,2022-09-12,7,0,0,0,0,0,0,0,0,0,0,0,0,0,0,0,7,0,0
North Macedonia,2022-09-26,15,0,0,0,0,0,0,0,0,0,0,0,0,0,0,0,15,0,0
North Macedonia,2022-10-10,18,0,0,0,0,0,0,0,0,0,0,0,0,0,0,0,18,0,0
North Macedonia,2022-10-24,8,0,0,0,0,0,0,0,0,0,0,0,0,0,0,0,8,0,0
North Macedonia,2022-11-07,16,0,0,0,0,0,0,0,0,0,0,0,0,0,0,0,16,0,0
North Macedonia,2022-11-21,10,0,0,0,0,0,0,0,0,0,0,0,0,0,0,0,10,0,0
North Macedonia,2022-12-05,7,0,0,0,0,0,0,0,0,0,0,0,0,0,0,0,7,0,0
North Macedonia,2022-12-19,10,1,0,0,0,0,0,0,0,0,0,0,0,0,0,0,9,0,0
North Macedonia,2023-01-02,19,1,0,0,0,0,0,0,0,0,0,0,0,0,0,0,18,0,0
North Macedonia,2023-01-16,12,1,0,0,0,0,0,0,0,0,0,0,0,0,0,0,11,0,0
North Macedonia,2023-01-30,18,1,0,0,0,0,0,0,0,0,0,0,0,0,0,0,17,0,0
North Macedonia,2023-02-13,9,4,0,0,0,0,0,0,0,0,0,0,0,0,0,0,5,0,0
North Macedonia,2023-02-27,9,0,0,0,0,0,0,0,0,0,0,0,0,0,0,0,9,0,0
North Macedonia,2023-03-13,10,1,0,0,0,0,0,0,0,0,0,0,0,0,0,0,9,0,0
North Macedonia,2023-03-27,12,0,0,0,0,0,0,0,0,0,0,0,0,0,0,0,12,0,0
North Macedonia,2023-04-10,6,0,0,0,0,0,0,0,0,0,0,0,0,0,0,0,6,0,0
North Macedonia,2023-04-24,3,0,0,0,0,0,0,0,0,0,0,0,0,0,0,0,3,0,0
North Macedonia,2023-05-08,1,0,0,0,0,0,0,0,0,0,0,0,0,0,0,0,1,0,0
North Macedonia,2023-05-22,1,0,0,0,0,0,0,0,0,0,0,0,0,0,0,0,1,0,0
North Macedonia,2023-06-19,1,0,0,0,0,0,0,0,0,0,0,0,0,0,0,0,1,0,0
North Macedonia,2023-07-03,1,0,0,0,0,0,0,0,0,0,0,0,0,0,0,0,1,0,0
North Macedonia,2023-07-17,1,0,0,0,0,0,0,0,0,0,0,0,0,0,0,0,1,0,0
North Macedonia,2023-07-31,1,0,0,0,0,0,0,0,0,0,0,0,0,0,0,0,1,0,0
North Macedonia,2023-08-28,4,0,0,0,0,0,0,0,0,0,0,0,0,0,0,0,4,0,0
North Macedonia,2023-09-11,4,0,0,0,0,0,0,0,0,0,0,0,0,0,0,0,4,0,0
North Macedonia,2023-09-25,17,0,0,0,0,0,0,0,0,0,0,0,0,0,0,0,17,0,0
North Macedonia,2023-10-09,12,0,0,0,0,0,0,0,0,0,0,0,0,0,0,0,12,0,0
North Macedonia,2023-10-23,7,0,0,0,0,0,0,0,0,0,0,0,0,0,0,0,7,0,0
North Macedonia,2023-11-06,3,0,0,0,0,0,0,0,0,0,0,0,0,0,0,0,3,0,0
North Macedonia,2023-11-20,5,0,0,0,0,0,0,0,0,0,0,0,0,0,0,0,5,0,0
North Macedonia,2023-12-04,8,0,0,0,0,0,0,0,0,0,0,0,0,0,0,0,8,0,0
North Macedonia,2023-12-18,11,0,0,0,0,0,0,0,0,0,0,0,0,0,0,0,11,0,0
North Macedonia,2024-01-01,7,0,0,0,0,0,0,0,0,0,0,0,0,0,0,0,7,0,0
North Macedonia,2024-01-15,7,0,0,0,0,0,0,0,0,0,0,0,0,0,0,0,7,0,0
North Macedonia,2024-01-29,1,0,0,0,0,0,0,0,0,0,0,0,0,0,0,0,1,0,0
North Macedonia,2024-02-12,6,1,0,0,0,0,0,0,0,0,0,0,0,0,0,0,5,0,0
Norway,2020-04-27,27,0,0,0,0,0,0,0,0,0,0,0,0,1,0,0,0,0,26
Norway,2020-05-11,18,0,0,0,0,0,0,0,0,0,0,0,0,1,0,0,0,0,17
Norway,2020-05-25,8,0,0,0,0,0,0,0,0,0,0,0,0,0,0,0,0,0,8
Norway,2020-06-08,30,0,0,0,0,0,0,0,0,0,0,0,0,1,0,0,0,0,29
Norway,2020-06-22,59,0,3,0,0,0,0,0,0,0,0,0,0,0,0,0,0,0,56
Norway,2020-07-06,32,0,0,0,0,0,0,0,0,0,0,0,0,1,0,0,0,0,31
Norway,2020-07-20,85,0,1,5,0,10,0,0,0,0,0,0,0,0,0,0,0,0,69
Norway,2020-08-03,164,0,0,16,30,69,0,0,0,0,0,0,0,0,0,0,0,0,49
Norway,2020-08-17,47,0,1,3,1,4,0,0,0,0,0,0,0,0,0,0,0,0,38
Norway,2020-08-31,108,0,0,10,15,0,0,0,0,0,0,0,0,0,0,0,0,0,83
Norway,2020-09-14,117,0,36,26,21,1,0,0,0,0,0,0,0,0,0,0,0,0,33
Norway,2020-09-28,157,0,33,54,26,10,0,0,0,0,0,0,0,0,0,0,0,0,34
Norway,2020-10-12,202,0,44,65,9,33,0,0,0,0,0,0,0,0,0,0,0,0,51
Norway,2020-10-26,260,0,62,38,9,30,0,0,0,0,0,0,0,0,0,0,0,0,121
Norway,2020-11-09,163,0,24,20,0,35,0,0,0,0,0,0,0,0,0,0,0,0,84
Norway,2020-11-23,188,0,32,3,0,29,0,0,0,0,0,0,0,0,0,0,0,0,124
Norway,2020-12-07,272,0,12,6,0,29,0,16,0,0,0,1,0,0,0,0,0,0,208
Norway,2020-12-21,288,0,12,8,0,53,1,32,0,0,0,0,0,0,0,0,0,0,182
Norway,2021-01-04,546,0,80,3,0,152,3,60,0,0,0,0,0,0,0,0,0,0,248
Norway,2021-01-18,1227,0,137,2,0,150,3,232,0,0,0,0,12,0,0,0,0,0,691
Norway,2021-02-01,1325,0,126,13,0,133,37,460,0,0,0,1,11,0,0,0,0,1,543
Norway,2021-02-15,1523,0,25,4,0,103,99,971,1,0,0,0,9,1,0,2,0,0,308
Norway,2021-03-01,1717,0,20,0,0,20,141,1399,1,0,0,1,20,2,0,9,0,0,104
Norway,2021-03-15,1863,0,6,0,0,8,76,1700,1,0,0,0,42,0,0,3,0,0,27
Norway,2021-03-29,1658,0,1,0,0,0,46,1582,1,0,0,0,14,0,0,2,0,0,12
Norway,2021-04-12,1808,0,0,0,0,2,22,1759,1,3,4,1,9,0,0,1,0,0,6
Norway,2021-04-26,1785,0,0,0,0,0,5,1739,1,25,0,0,6,0,0,2,0,0,7
Norway,2021-05-10,1728,0,0,0,0,0,4,1666,0,50,0,0,0,0,0,2,0,0,6
Norway,2021-05-24,1229,0,0,0,0,0,1,1187,1,38,0,0,0,0,0,0,0,0,2
Norway,2021-06-07,936,0,0,0,0,0,2,761,2,165,0,0,0,2,0,1,0,0,3
Norway,2021-06-21,827,0,0,0,0,0,1,536,1,284,0,0,0,1,0,1,0,0,3
Norway,2021-07-05,917,0,6,0,0,2,2,223,0,679,0,0,0,0,1,2,0,0,2
Norway,2021-07-19,1071,0,0,0,0,0,0,87,2,982,0,0,0,0,0,0,0,0,0
Norway,2021-08-02,1524,0,0,0,0,0,0,33,1,1490,0,0,0,0,0,0,0,0,0
Norway,2021-08-16,1882,0,0,0,0,0,0,1,0,1880,0,0,0,0,0,0,0,0,1
Norway,2021-08-30,2317,0,0,0,0,0,0,1,0,2316,0,0,0,0,0,0,0,0,0
Norway,2021-09-13,2030,0,0,0,0,0,0,0,0,2030,0,0,0,0,0,0,0,0,0
Norway,2021-09-27,1804,0,0,0,0,0,0,1,0,1803,0,0,0,0,0,0,0,0,0
Norway,2021-10-11,1813,0,0,0,0,0,0,0,0,1813,0,0,0,0,0,0,0,0,0
Norway,2021-10-25,2390,0,0,0,0,0,0,0,0,2390,0,0,0,0,0,0,0,0,0
Norway,2021-11-08,2340,0,0,0,0,0,0,0,0,2340,0,0,0,0,0,0,0,0,0
Norway,2021-11-22,2246,0,0,0,0,0,0,0,0,2077,0,0,0,0,0,0,169,0,0
Norway,2021-12-06,2673,0,0,0,0,0,0,0,0,1599,0,0,0,0,0,0,1074,0,0
Norway,2021-12-20,2328,0,0,0,0,0,0,0,0,731,0,0,0,0,0,0,1597,0,0
Norway,2022-01-03,2861,0,0,0,0,0,0,0,0,205,0,0,0,0,0,0,2654,0,2
Norway,2022-01-17,2504,1,0,0,0,0,0,0,0,28,0,0,0,0,0,0,2475,0,0
Norway,2022-01-31,2602,1,0,0,0,0,0,0,0,7,0,0,0,0,0,0,2593,0,1
Norway,2022-02-14,3001,4,0,0,0,0,0,0,0,3,0,0,0,0,0,0,2990,0,4
Norway,2022-02-28,3161,8,0,0,0,0,0,0,0,0,0,0,0,0,0,0,3152,0,1
Norway,2022-03-14,2397,3,0,0,0,0,0,0,0,0,0,0,0,0,0,0,2392,0,2
Norway,2022-03-28,1906,8,0,0,0,0,0,0,0,1,0,0,0,0,0,0,1897,0,0
Norway,2022-04-11,1383,12,0,0,0,0,0,0,0,0,0,0,0,0,0,0,1371,0,0
Norway,2022-04-25,956,2,0,0,0,0,0,0,0,0,0,0,0,0,0,0,954,0,0
Norway,2022-05-09,750,6,0,0,0,0,0,0,0,0,0,0,0,0,0,0,744,0,0
Norway,2022-05-23,701,5,0,0,0,0,0,0,0,2,0,0,0,0,0,0,694,0,0
Norway,2022-06-06,867,7,0,0,0,0,0,0,0,0,0,0,0,0,0,0,860,0,0
Norway,2022-06-20,1062,10,0,0,0,0,0,0,0,0,0,0,0,0,0,0,1052,0,0
Norway,2022-07-04,480,1,0,0,0,0,0,0,0,0,0,0,0,0,0,0,479,0,0
Norway,2022-07-18,765,2,0,0,0,0,0,0,0,0,0,0,0,0,0,0,763,0,0
Norway,2022-08-01,678,3,0,0,0,0,0,0,0,0,0,0,0,0,0,0,675,0,0
Norway,2022-08-15,529,2,0,0,0,0,0,0,0,0,0,0,0,0,0,0,527,0,0
Norway,2022-08-29,376,3,0,0,0,0,0,0,0,0,0,0,0,0,0,0,373,0,0
Norway,2022-09-12,367,2,0,0,0,0,0,0,0,0,0,0,0,0,0,0,365,0,0
Norway,2022-09-26,379,2,0,0,0,0,0,0,0,0,0,0,0,0,0,0,377,0,0
Norway,2022-10-10,313,0,0,0,0,0,0,0,0,0,0,0,0,0,0,0,313,0,0
Norway,2022-10-24,450,1,0,0,0,0,0,0,0,0,0,0,0,0,0,0,449,0,0
Norway,2022-11-07,487,4,0,0,0,0,0,0,0,0,0,0,0,0,0,0,483,0,0
Norway,2022-11-21,474,6,0,0,0,0,0,0,0,0,0,0,0,0,0,0,468,0,0
Norway,2022-12-05,493,7,0,0,0,0,0,0,0,0,0,0,0,0,0,0,486,0,0
Norway,2022-12-19,510,11,0,0,0,0,0,0,0,0,0,0,0,0,0,0,499,0,0
Norway,2023-01-02,459,5,0,0,0,0,0,0,0,0,0,0,0,0,0,0,454,0,0
Norway,2023-01-16,204,4,0,0,0,0,0,0,0,0,0,0,0,0,0,0,200,0,0
Norway,2023-01-30,178,1,0,0,0,0,0,0,0,0,0,0,0,0,0,0,177,0,0
Norway,2023-02-13,203,7,0,0,0,0,0,0,0,0,0,0,0,0,0,0,196,0,0
Norway,2023-02-27,267,6,0,0,0,0,0,0,0,0,0,0,0,0,0,0,261,0,0
Norway,2023-03-13,251,6,0,0,0,0,0,0,0,0,0,0,0,0,0,0,245,0,0
Norway,2023-03-27,121,2,0,0,0,0,0,0,0,0,0,0,0,0,0,0,119,0,0
Norway,2023-04-10,191,1,0,0,0,0,0,0,0,0,0,0,0,0,0,0,190,0,0
Norway,2023-04-24,197,2,0,0,0,0,0,0,0,0,0,0,0,0,0,0,195,0,0
Norway,2023-05-08,94,2,0,0,0,0,0,0,0,0,0,0,0,0,0,0,92,0,0
Norway,2023-05-22,61,0,0,0,0,0,0,0,0,0,0,0,0,0,0,0,61,0,0
Norway,2023-06-05,26,0,0,0,0,0,0,0,0,0,0,0,0,0,0,0,26,0,0
Norway,2023-06-19,16,0,0,0,0,0,0,0,0,0,0,0,0,0,0,0,16,0,0
Norway,2023-07-03,15,0,0,0,0,0,0,0,0,0,0,0,0,0,0,0,15,0,0
Norway,2023-07-17,27,1,0,0,0,0,0,0,0,0,0,0,0,0,0,0,26,0,0
Norway,2023-07-31,53,1,0,0,0,0,0,0,0,0,0,0,0,0,0,0,52,0,0
Norway,2023-08-14,47,1,0,0,0,0,0,0,0,0,0,0,0,0,0,0,46,0,0
Norway,2023-08-28,56,3,0,0,0,0,0,0,0,0,0,0,0,0,0,0,53,0,0
Norway,2023-09-11,48,3,0,0,0,0,0,0,0,0,0,0,0,0,0,0,45,0,0
Norway,2023-09-25,66,0,0,0,0,0,0,0,0,0,0,0,0,0,0,0,66,0,0
Norway,2023-10-09,66,0,0,0,0,0,0,0,0,0,0,0,0,0,0,0,66,0,0
Norway,2023-10-23,99,5,0,0,0,0,0,0,0,0,0,0,0,0,0,0,94,0,0
Norway,2023-11-06,94,0,0,0,0,0,0,0,0,0,0,0,0,0,0,0,94,0,0
Norway,2023-11-20,73,1,0,0,0,0,0,0,0,0,0,0,0,0,0,0,72,0,0
Norway,2023-12-04,57,0,0,0,0,0,0,0,0,0,0,0,0,0,0,0,57,0,0
Norway,2023-12-18,48,0,0,0,0,0,0,0,0,0,0,0,0,0,0,0,48,0,0
Norway,2024-01-01,73,0,0,0,0,0,0,0,0,0,0,0,0,0,0,0,73,0,0
Norway,2024-01-15,53,1,0,0,0,0,0,0,0,0,0,0,0,0,0,0,52,0,0
Norway,2024-01-29,37,1,0,0,0,0,0,0,0,0,0,0,0,0,0,0,36,0,0
Norway,2024-02-12,25,1,0,0,0,0,0,0,0,0,0,0,0,0,0,0,24,0,0
Norway,2024-02-26,18,1,0,0,0,0,0,0,0,0,0,0,0,0,0,0,17,0,0
Norway,2024-03-11,16,1,0,0,0,0,0,0,0,0,0,0,0,0,0,0,15,0,0
Norway,2024-03-25,9,0,0,0,0,0,0,0,0,0,0,0,0,0,0,0,9,0,0
Norway,2024-04-08,13,1,0,0,0,0,0,0,0,0,0,0,0,0,0,0,12,0,0
Norway,2024-04-22,25,0,0,0,0,0,0,0,0,0,0,0,0,0,0,0,25,0,0
Norway,2024-05-06,16,0,0,0,0,0,0,0,0,0,0,0,0,0,0,0,16,0,0
Norway,2024-07-01,9,0,0,0,0,0,0,0,0,0,0,0,0,0,0,0,9,0,0
Norway,2024-07-15,49,0,0,0,0,0,0,0,0,0,0,0,0,0,0,0,49,0,0
Norway,2024-07-29,3,0,0,0,0,0,0,0,0,0,0,0,0,0,0,0,3,0,0
Oman,2020-04-27,21,0,0,0,0,0,0,0,0,0,0,3,0,1,0,0,0,0,17
Oman,2020-05-11,51,0,0,0,0,0,0,0,0,0,0,8,0,1,0,0,0,1,41
Oman,2020-05-25,25,0,0,0,0,0,0,0,0,0,0,4,0,1,0,0,0,0,20
Oman,2020-06-08,11,0,0,0,0,0,0,0,0,0,0,2,0,0,0,0,0,0,9
Oman,2020-06-22,8,0,0,0,0,0,0,0,0,0,0,1,0,0,0,0,0,0,7
Oman,2020-07-06,8,0,0,0,0,0,0,0,0,0,0,1,0,0,0,0,0,0,7
Oman,2020-07-20,1,0,0,0,0,0,0,0,0,0,0,0,0,0,0,0,0,0,1
Oman,2020-08-03,7,0,0,0,0,0,0,0,0,0,0,1,0,0,0,0,0,0,6
Oman,2020-08-17,1,0,0,0,0,0,0,0,0,0,0,0,0,0,0,0,0,0,1
Oman,2020-08-31,6,0,0,0,0,0,0,0,0,0,0,1,0,0,0,0,0,0,5
Oman,2020-09-14,6,0,0,0,0,0,0,0,0,0,0,1,0,0,0,0,0,0,5
Oman,2020-09-28,1,0,0,0,0,0,0,0,0,0,0,0,0,0,0,0,0,0,1
Oman,2020-10-12,1,0,0,0,0,0,0,0,0,0,0,0,0,0,0,0,0,0,1
Oman,2020-11-09,1,0,0,0,0,0,0,0,0,0,0,0,0,0,0,0,0,0,1
Oman,2020-12-21,3,0,0,0,0,1,0,2,0,0,0,0,0,0,0,0,0,0,0
Oman,2021-01-04,3,0,0,0,0,1,0,2,0,0,0,0,0,0,0,0,0,0,0
Oman,2021-01-18,7,0,1,0,0,0,1,3,0,0,0,0,0,0,0,0,0,0,2
Oman,2021-02-01,11,0,1,0,0,0,2,6,0,0,0,0,0,0,0,0,0,0,2
Oman,2021-02-15,6,0,0,0,0,1,0,4,0,0,0,0,0,0,0,0,0,0,1
Oman,2021-03-01,15,0,0,0,0,0,1,12,0,1,0,0,0,0,0,0,0,0,1
Oman,2021-03-15,8,0,0,0,0,1,0,7,0,0,0,0,0,0,0,0,0,0,0
Oman,2021-03-29,12,0,0,0,0,0,0,10,0,2,0,0,0,0,0,0,0,0,0
Oman,2021-04-12,54,0,0,0,0,0,3,43,0,7,1,0,0,0,0,0,0,0,0
Oman,2021-04-26,13,0,0,0,0,0,0,9,0,4,0,0,0,0,0,0,0,0,0
Oman,2021-05-10,19,0,0,0,0,0,0,13,0,4,1,0,1,0,0,0,0,0,0
Oman,2021-05-24,15,0,0,0,0,0,0,6,0,9,0,0,0,0,0,0,0,0,0
Oman,2021-06-07,59,0,0,0,0,0,0,9,0,50,0,0,0,0,0,0,0,0,0
Oman,2021-06-21,44,0,0,0,0,0,0,6,0,38,0,0,0,0,0,0,0,0,0
Oman,2021-07-05,6,0,0,0,0,0,0,4,0,1,0,0,1,0,0,0,0,0,0
Oman,2021-08-30,1,0,0,0,0,0,0,0,0,1,0,0,0,0,0,0,0,0,0
Oman,2021-11-22,1,0,0,0,0,0,0,0,0,0,0,0,0,0,0,0,1,0,0
Oman,2021-12-06,8,0,0,0,0,0,0,0,0,0,0,0,0,0,0,0,8,0,0
Oman,2021-12-20,19,0,0,0,0,0,0,0,0,0,0,0,0,0,0,0,19,0,0
Oman,2022-01-03,1,0,0,0,0,0,0,0,0,0,0,0,0,0,0,0,1,0,0
Oman,2022-01-17,28,0,0,0,0,0,0,0,0,0,0,0,0,0,0,0,28,0,0
Oman,2022-01-31,2,0,0,0,0,0,0,0,0,0,0,0,0,0,0,0,2,0,0
Oman,2022-03-14,6,0,0,0,0,0,0,0,0,0,0,0,0,0,0,0,6,0,0
Oman,2022-03-28,2,0,0,0,0,0,0,0,0,0,0,0,0,0,0,0,2,0,0
Oman,2022-04-11,2,0,0,0,0,0,0,0,0,0,0,0,0,0,0,0,2,0,0
Oman,2022-05-23,1,0,0,0,0,0,0,0,0,0,0,0,0,0,0,0,1,0,0
Oman,2022-06-06,1,0,0,0,0,0,0,0,0,0,0,0,0,0,0,0,1,0,0
Oman,2022-06-20,3,0,0,0,0,0,0,0,0,0,0,0,0,0,0,0,3,0,0
Oman,2022-09-26,1,0,0,0,0,0,0,0,0,0,0,0,0,0,0,0,1,0,0
Oman,2022-10-10,2,0,0,0,0,0,0,0,0,0,0,0,0,0,0,0,2,0,0
Oman,2022-10-24,5,0,0,0,0,0,0,0,0,0,0,0,0,0,0,0,5,0,0
Oman,2022-11-07,4,0,0,0,0,0,0,0,0,0,0,0,0,0,0,0,4,0,0
Oman,2022-11-21,8,0,0,0,0,0,0,0,0,0,0,0,0,0,0,0,8,0,0
Oman,2022-12-05,1,0,0,0,0,0,0,0,0,0,0,0,0,0,0,0,1,0,0
Oman,2022-12-19,1,0,0,0,0,0,0,0,0,0,0,0,0,0,0,0,1,0,0
Oman,2023-01-02,4,0,0,0,0,0,0,0,0,0,0,0,0,0,0,0,4,0,0
Oman,2023-01-16,6,0,0,0,0,0,0,0,0,0,0,0,0,0,0,0,6,0,0
Oman,2023-01-30,24,0,0,0,0,0,0,0,0,0,0,0,0,0,0,0,24,0,0
Oman,2023-02-13,50,0,0,0,0,0,0,0,0,0,0,0,0,0,0,0,50,0,0
Oman,2023-02-27,31,0,0,0,0,0,0,0,0,0,0,0,0,0,0,0,31,0,0
Oman,2023-03-13,30,0,0,0,0,0,0,0,0,0,0,0,0,0,0,0,30,0,0
Oman,2023-03-27,22,0,0,0,0,0,0,0,0,0,0,0,0,0,0,0,22,0,0
Oman,2023-04-10,5,0,0,0,0,0,0,0,0,0,0,0,0,0,0,0,5,0,0
Oman,2023-04-24,2,0,0,0,0,0,0,0,0,0,0,0,0,0,0,0,2,0,0
Oman,2023-05-08,5,0,0,0,0,0,0,0,0,0,0,0,0,0,0,0,5,0,0
Oman,2023-05-22,3,0,0,0,0,0,0,0,0,0,0,0,0,0,0,0,3,0,0
Oman,2023-06-05,3,0,0,0,0,0,0,0,0,0,0,0,0,0,0,0,3,0,0
Oman,2023-07-03,4,0,0,0,0,0,0,0,0,0,0,0,0,0,0,0,4,0,0
Oman,2023-07-17,4,0,0,0,0,0,0,0,0,0,0,0,0,0,0,0,4,0,0
Oman,2023-07-31,7,0,0,0,0,0,0,0,0,0,0,0,0,0,0,0,7,0,0
Oman,2023-08-14,14,0,0,0,0,0,0,0,0,0,0,0,0,0,0,0,14,0,0
Oman,2023-08-28,42,1,0,0,0,0,0,0,0,0,0,0,0,0,0,0,41,0,0
Oman,2023-09-11,24,0,0,0,0,0,0,0,0,0,0,0,0,0,0,0,24,0,0
Oman,2023-09-25,9,1,0,0,0,0,0,0,0,0,0,0,0,0,0,0,8,0,0
Oman,2023-10-09,7,0,0,0,0,0,0,0,0,0,0,0,0,0,0,0,7,0,0
Oman,2023-10-23,3,0,0,0,0,0,0,0,0,0,0,0,0,0,0,0,3,0,0
Oman,2023-11-06,2,0,0,0,0,0,0,0,0,0,0,0,0,0,0,0,2,0,0
Oman,2023-11-20,3,1,0,0,0,0,0,0,0,0,0,0,0,0,0,0,2,0,0
Oman,2023-12-04,7,1,0,0,0,0,0,0,0,0,0,0,0,0,0,0,6,0,0
Oman,2023-12-18,24,0,0,0,0,0,0,0,0,0,0,0,0,0,0,0,24,0,0
Oman,2024-01-01,43,1,0,0,0,0,0,0,0,0,0,0,0,0,0,0,42,0,0
Oman,2024-01-15,21,0,0,0,0,0,0,0,0,0,0,0,0,0,0,0,21,0,0
Oman,2024-01-29,28,0,0,0,0,0,0,0,0,0,0,0,0,0,0,0,28,0,0
Oman,2024-02-12,32,0,0,0,0,0,0,0,0,0,0,0,0,0,0,0,32,0,0
Oman,2024-02-26,36,1,0,0,0,0,0,0,0,0,0,0,0,0,0,0,35,0,0
Oman,2024-03-11,7,1,0,0,0,0,0,0,0,0,0,0,0,0,0,0,6,0,0
Oman,2024-03-25,7,0,0,0,0,0,0,0,0,0,0,0,0,0,0,0,7,0,0
Oman,2024-04-08,26,0,0,0,0,0,0,0,0,0,0,0,0,0,0,0,26,0,0
Oman,2024-04-22,23,0,0,0,0,0,0,0,0,0,0,0,0,0,0,0,23,0,0
Oman,2024-05-06,47,0,0,0,0,0,0,0,0,0,0,0,0,0,0,0,47,0,0
Oman,2024-07-01,12,0,0,0,0,0,0,0,0,0,0,0,0,0,0,0,12,0,0
Oman,2024-07-15,14,0,0,0,0,0,0,0,0,0,0,0,0,0,0,0,14,0,0
Oman,2024-07-29,18,0,0,0,0,0,0,0,0,0,0,0,0,0,0,0,18,0,0
Pakistan,2020-04-27,3,0,0,0,0,0,0,0,0,0,0,1,0,0,0,0,0,0,2
Pakistan,2020-05-11,11,0,0,0,0,0,0,0,0,0,0,2,0,0,0,0,0,0,9
Pakistan,2020-05-25,22,0,0,0,0,0,0,0,0,0,0,3,0,1,0,0,0,0,18
Pakistan,2020-06-08,27,0,0,0,0,0,0,0,0,0,0,4,0,1,0,0,0,1,21
Pakistan,2020-06-22,5,0,0,0,0,0,0,0,0,0,0,1,0,0,0,0,0,0,4
Pakistan,2020-07-06,6,0,0,0,0,0,0,0,0,0,0,1,0,0,0,0,0,0,5
Pakistan,2020-08-03,10,0,0,0,0,0,0,0,0,0,0,2,0,0,0,0,0,0,8
Pakistan,2020-08-31,3,0,0,0,0,0,0,0,0,0,0,1,0,0,0,0,0,0,2
Pakistan,2020-09-28,8,0,0,0,0,0,0,0,0,0,0,1,0,0,0,0,0,0,7
Pakistan,2020-10-12,1,0,0,0,0,0,0,0,0,0,0,0,0,0,0,0,0,0,1
Pakistan,2020-10-26,1,0,0,0,0,0,0,0,0,0,0,0,0,0,0,0,0,0,1
Pakistan,2020-11-09,8,0,0,0,0,0,0,0,0,0,0,1,0,0,0,0,0,0,7
Pakistan,2020-11-23,19,0,0,0,0,0,0,0,0,0,0,3,0,1,0,0,0,0,15
Pakistan,2020-12-07,25,0,0,0,0,0,0,0,0,0,0,4,0,1,0,0,0,0,20
Pakistan,2020-12-21,10,0,1,0,0,2,0,6,0,0,0,0,0,0,0,0,0,0,1
Pakistan,2021-01-04,5,0,0,0,0,0,0,0,0,0,0,1,0,0,0,0,0,0,4
Pakistan,2021-01-18,2,0,0,0,0,0,0,0,0,0,0,0,0,0,0,0,0,0,2
Pakistan,2021-02-01,6,0,1,0,0,2,0,2,0,0,0,0,0,0,0,0,0,0,1
Pakistan,2021-02-15,1,0,0,0,0,0,0,0,0,1,0,0,0,0,0,0,0,0,0
Pakistan,2021-03-01,52,0,0,0,0,1,0,50,0,0,0,0,0,0,0,0,0,0,1
Pakistan,2021-03-15,253,0,1,0,0,2,1,247,0,0,0,0,0,0,0,0,0,0,2
Pakistan,2021-03-29,105,0,0,0,0,0,3,97,0,5,0,0,0,0,0,0,0,0,0
Pakistan,2021-04-12,58,0,0,0,0,0,1,52,1,2,0,0,0,0,0,0,0,0,2
Pakistan,2021-04-26,46,0,0,0,0,0,4,32,1,7,0,0,0,0,0,0,0,0,2
Pakistan,2021-05-10,50,0,1,0,0,0,18,11,0,19,0,0,0,0,0,0,0,0,1
Pakistan,2021-05-24,206,0,0,0,0,0,33,101,1,68,0,0,1,0,0,0,0,0,2
Pakistan,2021-06-07,53,0,0,0,0,0,5,24,0,24,0,0,0,0,0,0,0,0,0
Pakistan,2021-06-21,111,0,0,0,0,0,8,30,0,73,0,0,0,0,0,0,0,0,0
Pakistan,2021-07-05,145,0,0,0,0,0,3,4,0,138,0,0,0,0,0,0,0,0,0
Pakistan,2021-07-19,80,0,0,0,0,0,2,3,0,75,0,0,0,0,0,0,0,0,0
Pakistan,2021-08-02,196,0,0,0,0,0,1,4,0,191,0,0,0,0,0,0,0,0,0
Pakistan,2021-08-16,269,0,0,0,0,0,1,3,2,261,0,0,0,0,0,1,0,0,1
Pakistan,2021-08-30,215,0,0,0,0,0,4,4,1,206,0,0,0,0,0,0,0,0,0
Pakistan,2021-09-13,266,0,0,0,0,0,0,1,0,265,0,0,0,0,0,0,0,0,0
Pakistan,2021-09-27,121,0,0,0,0,0,3,1,1,116,0,0,0,0,0,0,0,0,0
Pakistan,2021-10-11,72,0,0,0,0,0,1,0,0,71,0,0,0,0,0,0,0,0,0
Pakistan,2021-10-25,63,0,0,0,0,0,0,0,0,63,0,0,0,0,0,0,0,0,0
Pakistan,2021-11-08,9,0,0,0,0,0,0,0,0,9,0,0,0,0,0,0,0,0,0
Pakistan,2021-11-22,14,0,0,0,0,0,0,0,0,10,0,0,0,0,0,0,0,0,4
Pakistan,2021-12-06,44,0,0,0,0,0,0,0,0,39,0,0,0,0,0,0,2,0,3
Pakistan,2021-12-20,53,0,0,0,0,0,0,0,0,13,0,0,0,0,0,0,39,0,1
Pakistan,2022-01-03,90,0,0,0,0,0,0,0,0,3,0,0,0,0,0,0,85,0,2
Pakistan,2022-01-17,115,0,0,0,0,0,0,0,0,0,0,0,0,0,0,0,114,0,1
Pakistan,2022-01-31,162,0,0,0,0,0,0,0,0,12,0,0,0,0,0,0,146,0,4
Pakistan,2022-02-14,105,0,0,0,0,0,0,0,0,1,0,0,0,0,0,0,95,0,9
Pakistan,2022-02-28,68,0,0,0,0,0,0,0,0,0,0,0,0,0,0,0,66,0,2
Pakistan,2022-03-14,27,0,0,0,0,0,0,0,0,0,0,0,0,0,0,0,26,0,1
Pakistan,2022-03-28,43,1,1,0,0,0,0,0,0,0,0,0,0,0,0,0,41,0,0
Pakistan,2022-04-11,13,0,0,0,0,0,0,0,0,2,0,0,0,0,0,0,11,0,0
Pakistan,2022-04-25,10,0,0,0,0,0,0,0,0,0,0,0,0,0,0,0,10,0,0
Pakistan,2022-05-09,34,0,0,0,0,0,0,0,0,0,0,0,0,0,0,0,32,0,2
Pakistan,2022-05-23,42,0,0,0,0,0,0,0,0,0,0,0,0,0,0,0,41,0,1
Pakistan,2022-06-06,147,5,1,0,0,0,0,0,0,0,0,0,0,0,0,0,141,0,0
Pakistan,2022-06-20,265,0,0,0,0,0,0,0,0,0,0,0,0,0,0,0,264,0,1
Pakistan,2022-07-04,172,0,0,0,0,0,0,0,0,0,0,0,0,0,0,0,171,0,1
Pakistan,2022-07-18,175,0,0,0,0,0,0,0,0,0,0,0,0,0,0,0,169,0,6
Pakistan,2022-08-01,156,0,0,0,0,0,0,0,0,0,0,0,0,0,0,0,155,0,1
Pakistan,2022-08-15,139,0,0,0,0,0,0,0,0,0,0,0,0,0,0,0,127,0,12
Pakistan,2022-08-29,119,1,0,0,0,0,0,0,1,0,0,0,0,0,0,0,112,0,5
Pakistan,2022-09-12,67,0,0,0,0,0,0,0,0,2,0,0,0,0,0,0,64,0,1
Pakistan,2022-09-26,57,0,0,0,0,0,0,0,0,0,0,0,0,0,0,0,56,0,1
Pakistan,2022-10-10,33,0,0,0,0,0,0,0,0,0,0,0,0,0,0,0,32,0,1
Pakistan,2022-10-24,25,0,0,0,0,0,0,0,0,0,0,0,0,0,0,0,25,0,0
Pakistan,2022-11-07,13,0,0,0,0,0,0,0,0,0,0,0,0,0,0,0,13,0,0
Pakistan,2022-11-21,16,0,0,0,0,0,0,0,0,0,0,0,0,0,0,0,16,0,0
Pakistan,2022-12-05,11,0,0,0,0,0,0,0,0,0,0,0,0,0,0,0,11,0,0
Pakistan,2022-12-19,23,2,1,0,0,0,0,0,0,0,0,0,0,0,0,0,20,0,0
Pakistan,2023-01-02,15,0,0,0,0,0,0,0,0,0,0,0,0,0,0,0,15,0,0
Pakistan,2023-01-16,19,0,0,0,0,0,0,0,0,0,0,0,0,0,0,0,19,0,0
Pakistan,2023-01-30,24,1,2,0,0,0,0,0,0,0,0,0,0,0,0,0,21,0,0
Pakistan,2023-02-13,36,0,0,0,0,0,0,0,0,0,0,0,0,0,0,0,36,0,0
Pakistan,2023-02-27,92,1,0,0,0,0,0,0,0,0,0,0,0,0,0,0,91,0,0
Pakistan,2023-03-13,148,11,0,0,0,0,0,0,0,0,0,0,0,0,0,0,137,0,0
Pakistan,2023-03-27,61,1,0,0,0,0,0,0,0,0,0,0,0,0,0,0,60,0,0
Pakistan,2023-04-10,21,0,0,0,0,0,0,0,0,0,0,0,0,0,0,0,21,0,0
Pakistan,2023-04-24,21,1,0,0,0,0,0,0,0,0,0,0,0,0,0,0,20,0,0
Pakistan,2023-05-08,14,2,1,0,0,0,0,0,0,0,0,0,0,0,0,0,11,0,0
Pakistan,2023-05-22,9,0,0,0,0,0,0,0,0,0,0,0,0,0,0,0,9,0,0
Pakistan,2023-06-05,1,0,0,0,0,0,0,0,0,0,0,0,0,0,0,0,1,0,0
Pakistan,2023-06-19,2,0,0,0,0,0,0,0,0,0,0,0,0,0,0,0,2,0,0
Pakistan,2023-07-03,4,0,0,0,0,0,0,0,0,0,0,0,0,0,0,0,4,0,0
Pakistan,2023-07-17,6,0,0,0,0,0,0,0,0,0,0,0,0,0,0,0,6,0,0
Pakistan,2023-07-31,9,0,0,0,0,0,0,0,0,0,0,0,0,0,0,0,9,0,0
Pakistan,2023-08-14,21,0,0,0,0,0,0,0,0,0,0,0,0,0,0,0,21,0,0
Pakistan,2023-08-28,22,0,0,0,0,0,0,0,0,0,0,0,0,0,0,0,22,0,0
Pakistan,2023-09-11,11,8,0,0,0,0,0,0,0,0,0,0,0,0,0,0,3,0,0
Pakistan,2023-09-25,5,1,0,0,0,0,0,0,0,0,0,0,0,0,0,0,4,0,0
Pakistan,2023-10-09,3,0,0,0,0,0,0,0,0,0,0,0,0,0,0,0,3,0,0
Pakistan,2023-10-23,1,0,0,0,0,0,0,0,0,0,0,0,0,0,0,0,1,0,0
Pakistan,2023-11-06,1,0,0,0,0,0,0,0,0,0,0,0,0,0,0,0,1,0,0
Pakistan,2023-12-04,1,0,0,0,0,0,0,0,0,0,0,0,0,0,0,0,1,0,0
Pakistan,2023-12-18,6,0,0,0,0,0,0,0,0,0,0,0,0,0,0,0,6,0,0
Pakistan,2024-01-01,16,0,0,0,0,0,0,0,0,0,0,0,0,0,0,0,15,0,1
Pakistan,2024-01-15,10,0,0,0,0,0,0,0,0,0,0,0,0,0,0,0,10,0,0
Pakistan,2024-01-29,6,0,0,0,0,0,0,0,0,0,0,0,0,0,0,0,6,0,0
Pakistan,2024-02-12,4,0,0,0,0,0,0,0,0,0,0,0,0,0,0,0,4,0,0
Pakistan,2024-02-26,16,0,0,0,0,0,0,0,0,0,0,0,0,0,0,0,16,0,0
Pakistan,2024-03-11,43,0,0,0,0,0,0,0,0,0,0,0,0,0,0,0,43,0,0
Pakistan,2024-03-25,28,0,0,0,0,0,0,0,0,0,0,0,0,0,0,0,28,0,0
Pakistan,2024-04-08,4,0,0,0,0,0,0,0,0,0,0,0,0,0,0,0,4,0,0
Pakistan,2024-04-22,1,0,0,0,0,0,0,0,0,0,0,0,0,0,0,0,1,0,0
Pakistan,2024-07-01,3,0,0,0,0,0,0,0,0,0,0,0,0,0,0,0,3,0,0
Pakistan,2024-07-15,6,0,0,0,0,0,0,0,0,0,0,0,0,0,0,0,6,0,0
Pakistan,2024-07-29,6,0,0,0,0,0,0,0,0,0,0,0,0,0,0,0,6,0,0
Panama,2020-04-27,32,0,0,0,0,0,0,0,0,0,0,0,0,0,0,0,0,0,32
Panama,2020-05-11,39,0,0,0,0,0,0,0,0,0,0,0,0,0,0,0,0,0,39
Panama,2020-05-25,43,0,0,0,0,0,0,0,0,0,0,0,0,0,0,0,0,0,43
Panama,2020-06-08,65,0,0,0,0,0,0,0,0,0,0,0,0,0,0,0,0,0,65
Panama,2020-06-22,75,0,0,0,0,0,0,0,0,0,0,0,0,0,0,0,0,0,75
Panama,2020-07-06,46,0,0,0,0,0,0,0,0,0,0,0,0,0,0,0,0,0,46
Panama,2020-07-20,40,0,0,0,0,0,0,0,0,0,0,0,0,0,0,0,0,0,40
Panama,2020-08-03,46,0,0,0,0,0,0,0,0,0,0,0,0,0,0,0,0,0,46
Panama,2020-08-17,60,0,0,0,0,0,0,0,0,0,0,0,0,0,0,0,0,0,60
Panama,2020-08-31,44,0,0,0,0,0,0,0,0,0,0,0,0,0,0,0,0,0,44
Panama,2020-09-28,20,0,0,0,0,0,0,0,0,0,0,0,0,0,0,0,0,0,20
Panama,2020-10-12,17,0,0,0,0,0,0,0,0,0,0,0,0,0,0,0,0,0,17
Panama,2020-11-23,11,0,0,0,0,0,0,0,0,0,0,0,0,0,0,0,0,0,11
Panama,2020-12-07,45,0,1,0,0,0,0,0,0,0,0,0,0,0,0,0,0,1,43
Panama,2020-12-21,25,0,0,0,0,0,0,0,0,0,0,0,0,0,0,0,0,0,25
Panama,2021-01-04,53,0,11,1,0,10,2,0,0,0,0,0,0,0,0,0,0,0,29
Panama,2021-01-18,51,0,0,0,0,0,0,0,0,0,0,0,0,0,0,0,0,0,51
Panama,2021-02-01,56,0,0,0,0,0,0,0,0,0,0,0,0,0,0,0,0,0,56
Panama,2021-02-15,43,0,1,2,0,0,0,0,2,0,1,0,3,0,0,0,0,0,34
Panama,2021-03-01,81,0,2,4,0,0,0,0,2,0,2,0,5,0,0,0,0,0,66
Panama,2021-03-15,85,0,1,6,0,0,0,1,12,0,2,1,7,0,1,1,0,0,53
Panama,2021-03-29,90,0,1,5,0,0,0,8,12,0,1,1,6,0,2,6,0,0,48
Panama,2021-04-12,92,0,1,5,0,0,0,11,10,0,1,0,5,1,6,7,0,0,45
Panama,2021-04-26,95,0,1,4,0,0,0,22,8,1,1,0,4,1,11,5,0,0,37
Panama,2021-05-10,122,0,0,4,0,0,0,31,17,4,2,0,6,0,9,9,0,0,40
Panama,2021-05-24,119,0,0,2,0,0,0,23,28,0,1,0,3,0,21,21,0,0,20
Panama,2021-06-07,93,0,0,1,0,0,0,21,18,0,1,0,1,0,9,32,0,0,10
Panama,2021-06-21,95,0,0,1,0,0,0,23,10,1,0,0,2,0,11,33,0,0,14
Panama,2021-07-05,138,0,0,1,0,0,0,11,38,11,1,0,2,0,15,45,0,0,14
Panama,2021-07-19,122,0,0,1,0,0,0,17,19,11,0,0,1,0,17,51,0,0,5
Panama,2021-08-02,169,0,0,0,0,0,0,7,22,32,0,0,1,0,21,81,0,0,5
Panama,2021-08-16,102,0,0,0,0,0,0,4,8,30,0,0,0,0,6,51,0,0,3
Panama,2021-08-30,116,0,0,0,0,0,0,2,2,73,0,0,0,0,1,38,0,0,0
Panama,2021-09-13,119,0,0,0,0,0,0,2,1,85,0,0,0,0,0,31,0,0,0
Panama,2021-09-27,85,0,0,0,0,0,0,0,0,77,0,0,0,0,0,8,0,0,0
Panama,2021-10-11,101,0,0,0,0,0,0,0,1,91,0,0,0,0,1,8,0,0,0
Panama,2021-10-25,91,0,0,0,0,0,0,0,1,86,0,0,0,0,0,4,0,0,0
Panama,2021-11-08,74,0,0,0,0,0,0,0,1,72,0,0,0,0,0,1,0,0,0
Panama,2021-11-22,102,0,0,0,0,0,0,0,0,102,0,0,0,0,0,0,0,0,0
Panama,2021-12-06,160,0,0,0,0,0,0,0,0,151,0,0,0,0,0,0,9,0,0
Panama,2021-12-20,211,0,0,0,0,0,0,0,0,51,0,0,0,0,0,0,160,0,0
Panama,2022-01-03,190,0,0,0,0,0,0,0,0,17,0,0,0,0,0,0,173,0,0
Panama,2022-01-17,125,0,0,0,0,0,0,0,0,2,0,0,0,0,0,0,123,0,0
Panama,2022-01-31,137,0,0,0,0,0,0,0,0,1,0,0,0,0,0,0,136,0,0
Panama,2022-02-14,87,0,0,0,0,0,0,0,0,0,0,0,0,0,0,0,87,0,0
Panama,2022-02-28,62,0,0,0,0,0,0,0,0,0,0,0,0,0,0,0,62,0,0
Panama,2022-03-14,75,5,0,0,0,0,0,0,0,0,0,0,0,0,0,0,70,0,0
Panama,2022-03-28,65,14,0,0,0,0,0,0,0,0,0,0,0,0,0,0,51,0,0
Panama,2022-04-11,88,26,0,0,0,0,0,0,0,0,0,0,0,0,0,0,62,0,0
Panama,2022-04-25,153,61,0,0,0,0,0,0,0,0,0,0,0,0,0,0,92,0,0
Panama,2022-05-09,193,85,0,0,0,0,0,0,0,0,0,0,0,0,0,0,108,0,0
Panama,2022-05-23,162,74,0,0,0,0,0,0,0,0,0,0,0,0,0,0,88,0,0
Panama,2022-06-06,173,79,0,0,0,0,0,0,0,0,0,0,0,0,0,0,94,0,0
Panama,2022-06-20,174,38,0,0,0,0,0,0,0,0,0,0,0,0,0,0,136,0,0
Panama,2022-07-04,108,4,0,0,0,0,0,0,0,0,0,0,0,0,0,0,104,0,0
Panama,2022-07-18,55,0,0,0,0,0,0,0,0,0,0,0,0,0,0,0,55,0,0
Panama,2022-08-01,123,6,0,0,0,0,0,0,0,0,0,0,0,0,0,0,117,0,0
Panama,2022-08-15,110,0,0,0,0,0,0,0,0,0,0,0,0,0,0,0,110,0,0
Panama,2022-08-29,57,0,0,0,0,0,0,0,0,0,0,0,0,0,0,0,57,0,0
Panama,2022-09-12,32,0,0,0,0,0,0,0,0,0,0,0,0,0,0,0,32,0,0
Panama,2022-09-26,17,0,0,0,0,0,0,0,0,0,0,0,0,0,0,0,17,0,0
Panama,2022-10-10,8,0,0,0,0,0,0,0,0,0,0,0,0,0,0,0,8,0,0
Panama,2022-10-24,23,0,0,0,0,0,0,0,0,0,0,0,0,0,0,0,23,0,0
Panama,2022-11-07,87,0,0,0,0,0,0,0,0,0,0,0,0,0,0,0,87,0,0
Panama,2022-11-21,128,0,0,0,0,0,0,0,0,0,0,0,0,0,0,0,128,0,0
Panama,2022-12-05,58,0,0,0,0,0,0,0,0,0,0,0,0,0,0,0,58,0,0
Panama,2022-12-19,6,0,0,0,0,0,0,0,0,0,0,0,0,0,0,0,6,0,0
Panama,2023-01-02,2,0,0,0,0,0,0,0,0,0,0,0,0,0,0,0,2,0,0
Panama,2023-01-16,18,0,0,0,0,0,0,0,0,0,0,0,0,0,0,0,18,0,0
Panama,2023-01-30,6,0,0,0,0,0,0,0,0,0,0,0,0,0,0,0,6,0,0
Panama,2023-02-13,4,0,0,0,0,0,0,0,0,0,0,0,0,0,0,0,4,0,0
Panama,2023-02-27,1,0,0,0,0,0,0,0,0,0,0,0,0,0,0,0,1,0,0
Panama,2023-03-13,1,0,0,0,0,0,0,0,0,0,0,0,0,0,0,0,1,0,0
Panama,2023-03-27,6,0,0,0,0,0,0,0,0,0,0,0,0,0,0,0,6,0,0
Panama,2023-04-10,6,0,0,0,0,0,0,0,0,0,0,0,0,0,0,0,6,0,0
Panama,2023-04-24,2,0,0,0,0,0,0,0,0,0,0,0,0,0,0,0,2,0,0
Panama,2023-05-08,5,0,0,0,0,0,0,0,0,0,0,0,0,0,0,0,5,0,0
Panama,2023-06-05,6,0,0,0,0,0,0,0,0,0,0,0,0,0,0,0,6,0,0
Panama,2023-06-19,15,0,0,0,0,0,0,0,0,0,0,0,0,0,0,0,15,0,0
Panama,2023-07-03,4,0,0,0,0,0,0,0,0,0,0,0,0,0,0,0,4,0,0
Panama,2023-07-17,2,0,0,0,0,0,0,0,0,0,0,0,0,0,0,0,2,0,0
Panama,2023-09-25,1,0,0,0,0,0,0,0,0,0,0,0,0,0,0,0,1,0,0
Panama,2023-11-20,1,0,0,0,0,0,0,0,0,0,0,0,0,0,0,0,1,0,0
Panama,2024-07-01,1,0,0,0,0,0,0,0,0,0,0,0,0,0,0,0,1,0,0
Papua New Guinea,2020-07-06,4,4,0,0,0,0,0,0,0,0,0,0,0,0,0,0,0,0,0
Papua New Guinea,2020-07-20,29,28,0,0,0,0,0,0,0,0,0,0,0,0,0,0,0,0,1
Papua New Guinea,2020-08-03,44,43,0,0,0,0,0,0,0,0,0,0,0,0,0,0,0,0,1
Papua New Guinea,2020-08-17,5,5,0,0,0,0,0,0,0,0,0,0,0,0,0,0,0,0,0
Papua New Guinea,2020-08-31,2,2,0,0,0,0,0,0,0,0,0,0,0,0,0,0,0,0,0
Papua New Guinea,2020-09-14,2,2,0,0,0,0,0,0,0,0,0,0,0,0,0,0,0,0,0
Papua New Guinea,2020-09-28,6,6,0,0,0,0,0,0,0,0,0,0,0,0,0,0,0,0,0
Papua New Guinea,2020-11-23,22,21,0,0,0,0,0,0,0,0,0,0,0,0,0,0,0,0,1
Papua New Guinea,2020-12-07,7,7,0,0,0,0,0,0,0,0,0,0,0,0,0,0,0,0,0
Papua New Guinea,2020-12-21,11,11,0,0,0,0,0,0,0,0,0,0,0,0,0,0,0,0,0
Papua New Guinea,2021-01-04,2,2,0,0,0,0,0,0,0,0,0,0,0,0,0,0,0,0,0
Papua New Guinea,2021-01-18,6,0,0,0,0,0,0,3,1,1,0,0,0,0,0,0,0,0,1
Papua New Guinea,2021-02-01,30,29,0,0,0,0,0,0,0,0,0,0,0,0,0,0,0,0,1
Papua New Guinea,2021-02-15,74,72,0,0,0,0,0,0,0,0,0,0,0,0,0,0,0,0,2
Papua New Guinea,2021-03-01,316,306,0,0,0,0,0,1,0,0,0,2,0,0,0,0,0,0,7
Papua New Guinea,2021-03-15,333,323,0,0,0,0,0,1,0,0,0,2,0,0,0,0,0,0,7
Papua New Guinea,2021-03-29,345,334,0,0,0,0,0,1,0,0,0,2,0,0,0,0,0,0,8
Papua New Guinea,2021-04-12,77,75,0,0,0,0,0,0,0,0,0,0,0,0,0,0,0,0,2
Papua New Guinea,2021-04-26,139,135,0,0,0,0,0,0,0,0,0,1,0,0,0,0,0,0,3
Papua New Guinea,2021-05-10,49,48,0,0,0,0,0,0,0,0,0,0,0,0,0,0,0,0,1
Papua New Guinea,2021-05-24,6,6,0,0,0,0,0,0,0,0,0,0,0,0,0,0,0,0,0
Papua New Guinea,2021-06-07,10,10,0,0,0,0,0,0,0,0,0,0,0,0,0,0,0,0,0
Papua New Guinea,2021-06-21,2,2,0,0,0,0,0,0,0,0,0,0,0,0,0,0,0,0,0
Papua New Guinea,2021-07-05,18,0,0,0,0,0,0,3,1,13,0,0,0,0,0,0,0,0,1
Papua New Guinea,2021-07-19,14,0,0,0,0,0,0,4,1,8,0,0,0,0,0,0,0,0,1
Papua New Guinea,2021-08-02,19,0,0,0,0,0,0,1,0,18,0,0,0,0,0,0,0,0,0
Papua New Guinea,2021-08-16,226,0,0,0,0,0,0,1,0,225,0,0,0,0,0,0,0,0,0
Papua New Guinea,2021-08-30,224,0,0,0,0,0,0,0,0,224,0,0,0,0,0,0,0,0,0
Papua New Guinea,2021-09-13,224,0,0,0,0,0,0,0,0,224,0,0,0,0,0,0,0,0,0
Papua New Guinea,2021-09-27,414,0,0,0,0,0,0,0,0,414,0,0,0,0,0,0,0,0,0
Papua New Guinea,2021-10-11,249,0,0,0,0,0,0,0,0,249,0,0,0,0,0,0,0,0,0
Papua New Guinea,2021-10-25,81,0,0,0,0,0,0,0,0,81,0,0,0,0,0,0,0,0,0
Papua New Guinea,2021-11-08,73,0,0,0,0,0,0,0,0,73,0,0,0,0,0,0,0,0,0
Papua New Guinea,2021-11-22,17,0,0,0,0,0,0,0,0,17,0,0,0,0,0,0,0,0,0
Papua New Guinea,2021-12-06,11,0,0,0,0,0,0,0,0,11,0,0,0,0,0,0,0,0,0
Papua New Guinea,2021-12-20,9,0,0,0,0,0,0,0,0,8,0,0,0,0,0,0,1,0,0
Papua New Guinea,2022-01-03,29,0,0,0,0,0,0,0,0,5,0,0,0,0,0,0,24,0,0
Papua New Guinea,2022-01-17,79,0,0,0,0,0,0,0,0,0,0,0,0,0,0,0,79,0,0
Papua New Guinea,2022-01-31,147,0,0,0,0,0,0,0,0,1,0,0,0,0,0,0,146,0,0
Papua New Guinea,2022-02-14,67,0,0,0,0,0,0,0,0,0,0,0,0,0,0,0,67,0,0
Papua New Guinea,2022-02-28,16,0,0,0,0,0,0,0,0,0,0,0,0,0,0,0,16,0,0
Papua New Guinea,2022-03-28,6,0,0,0,0,0,0,0,0,0,0,0,0,0,0,0,6,0,0
Papua New Guinea,2022-04-11,1,0,0,0,0,0,0,0,0,0,0,0,0,0,0,0,1,0,0
Papua New Guinea,2022-05-09,1,0,0,0,0,0,0,0,0,0,0,0,0,0,0,0,1,0,0
Papua New Guinea,2022-06-06,3,0,0,0,0,0,0,0,0,0,0,0,0,0,0,0,3,0,0
Papua New Guinea,2022-07-04,152,0,0,0,0,0,0,0,0,0,0,0,0,0,0,0,152,0,0
Papua New Guinea,2022-07-18,7,0,0,0,0,0,0,0,0,0,0,0,0,0,0,0,7,0,0
Papua New Guinea,2022-08-01,8,0,0,0,0,0,0,0,0,0,0,0,0,0,0,0,8,0,0
Papua New Guinea,2022-08-15,2,0,0,0,0,0,0,0,0,0,0,0,0,0,0,0,2,0,0
Papua New Guinea,2022-08-29,10,0,0,0,0,0,0,0,0,0,0,0,0,0,0,0,10,0,0
Papua New Guinea,2022-09-12,10,0,0,0,0,0,0,0,0,0,0,0,0,0,0,0,10,0,0
Papua New Guinea,2022-09-26,18,0,0,0,0,0,0,0,0,0,0,0,0,0,0,0,18,0,0
Papua New Guinea,2022-10-10,32,0,0,0,0,0,0,0,0,0,0,0,0,0,0,0,32,0,0
Papua New Guinea,2022-10-24,29,0,0,0,0,0,0,0,0,0,0,0,0,0,0,0,29,0,0
Papua New Guinea,2022-11-07,15,0,0,0,0,0,0,0,0,0,0,0,0,0,0,0,15,0,0
Papua New Guinea,2022-12-05,8,0,0,0,0,0,0,0,0,0,0,0,0,0,0,0,8,0,0
Paraguay,2020-04-27,3,0,0,0,0,0,0,0,0,0,0,1,0,0,0,0,0,0,2
Paraguay,2020-05-11,2,0,0,0,0,0,0,0,0,0,0,0,0,0,0,0,0,0,2
Paraguay,2020-05-25,2,0,0,0,0,0,0,0,0,0,0,0,0,0,0,0,0,0,2
Paraguay,2020-06-08,1,0,0,0,0,0,0,0,0,0,0,0,0,0,0,0,0,0,1
Paraguay,2020-06-22,4,0,0,0,0,0,0,0,0,0,0,1,0,0,0,0,0,0,3
Paraguay,2020-07-06,4,0,0,0,0,0,0,0,0,0,0,1,0,0,0,0,0,0,3
Paraguay,2020-07-20,1,0,0,0,0,0,0,0,0,0,0,0,0,0,0,0,0,0,1
Paraguay,2020-08-03,4,0,0,0,0,0,0,0,0,0,0,1,0,0,0,0,0,0,3
Paraguay,2020-08-17,2,0,0,0,0,0,0,0,0,0,0,0,0,0,0,0,0,0,2
Paraguay,2020-08-31,1,0,0,0,0,0,0,0,0,0,0,0,0,0,0,0,0,0,1
Paraguay,2020-09-14,1,0,0,0,0,0,0,0,0,0,0,0,0,0,0,0,0,0,1
Paraguay,2020-09-28,3,0,0,0,0,0,0,0,0,0,0,1,0,0,0,0,0,0,2
Paraguay,2020-10-26,1,0,0,0,0,0,0,0,0,0,0,0,0,0,0,0,0,0,1
Paraguay,2020-11-09,1,0,0,0,0,0,0,0,0,0,0,0,0,0,0,0,0,0,1
Paraguay,2020-11-23,2,0,0,0,0,0,0,0,0,0,0,0,0,0,0,0,0,0,2
Paraguay,2020-12-07,12,0,0,0,0,0,0,0,0,0,0,2,0,0,0,0,0,0,10
Paraguay,2020-12-21,3,0,0,0,0,0,0,0,0,0,0,1,0,0,0,0,0,0,2
Paraguay,2021-01-04,21,0,0,0,0,0,0,0,0,0,0,3,0,1,0,0,0,0,17
Paraguay,2021-01-18,63,0,8,2,1,1,0,0,3,0,0,0,0,0,0,0,0,0,48
Paraguay,2021-02-01,10,0,0,0,0,0,0,0,2,0,0,1,1,1,0,0,0,0,5
Paraguay,2021-02-15,102,0,2,3,0,0,3,1,20,0,1,4,4,9,0,2,0,0,53
Paraguay,2021-03-01,22,0,0,1,0,0,0,1,11,0,0,1,1,2,0,0,0,0,5
Paraguay,2021-03-15,49,0,1,1,0,0,1,1,21,0,0,1,1,3,0,1,0,0,18
Paraguay,2021-03-29,14,0,0,0,0,0,0,2,7,1,0,0,1,1,0,0,0,0,2
Paraguay,2021-04-12,26,0,0,0,0,0,0,0,23,0,0,0,0,1,0,0,0,0,2
Paraguay,2021-04-26,30,0,0,0,0,0,0,1,27,0,0,0,0,0,0,0,0,0,2
Paraguay,2021-05-10,15,0,0,0,0,0,0,0,15,0,0,0,0,0,0,0,0,0,0
Paraguay,2021-05-24,31,0,0,0,0,0,0,0,31,0,0,0,0,0,0,0,0,0,0
Paraguay,2021-06-07,26,0,0,0,0,0,0,0,26,0,0,0,0,0,0,0,0,0,0
Paraguay,2021-06-21,22,0,0,0,0,0,0,0,21,0,0,0,0,0,0,0,0,0,1
Paraguay,2021-07-05,82,0,0,0,0,0,0,0,65,11,0,0,1,0,0,0,0,0,5
Paraguay,2021-07-19,28,0,0,0,0,0,0,1,21,5,0,0,0,0,0,0,0,0,1
Paraguay,2021-08-02,53,0,0,0,0,0,0,0,19,34,0,0,0,0,0,0,0,0,0
Paraguay,2021-08-16,68,0,0,0,0,0,0,0,14,54,0,0,0,0,0,0,0,0,0
Paraguay,2021-08-30,50,0,0,0,0,0,0,0,5,45,0,0,0,0,0,0,0,0,0
Paraguay,2021-09-13,6,0,0,0,0,0,0,0,1,4,0,0,0,0,0,1,0,0,0
Paraguay,2021-09-27,5,0,0,0,0,0,0,0,0,5,0,0,0,0,0,0,0,0,0
Paraguay,2021-10-11,17,0,0,0,0,0,0,0,0,17,0,0,0,0,0,0,0,0,0
Paraguay,2021-10-25,50,0,0,0,0,0,0,0,0,50,0,0,0,0,0,0,0,0,0
Paraguay,2021-11-08,30,0,0,0,0,0,0,0,0,30,0,0,0,0,0,0,0,0,0
Paraguay,2021-11-22,35,0,0,0,0,0,0,0,0,35,0,0,0,0,0,0,0,0,0
Paraguay,2021-12-06,50,0,0,0,0,0,0,0,1,40,0,0,0,0,0,0,9,0,0
Paraguay,2021-12-20,78,0,0,0,0,0,0,0,1,15,0,0,0,0,0,0,62,0,0
Paraguay,2022-01-03,84,0,0,0,0,0,0,0,0,10,0,0,0,0,0,0,74,0,0
Paraguay,2022-01-17,60,0,0,0,0,0,0,0,0,1,0,0,0,0,0,0,59,0,0
Paraguay,2022-01-31,83,0,0,0,0,0,0,0,0,1,0,0,0,0,0,0,82,0,0
Paraguay,2022-02-14,37,0,0,0,0,0,0,0,0,0,0,0,0,0,0,0,37,0,0
Paraguay,2022-02-28,31,0,0,0,0,0,0,0,0,1,0,0,0,0,0,0,30,0,0
Paraguay,2022-03-14,66,0,0,0,0,0,0,0,0,1,0,0,0,0,0,0,65,0,0
Paraguay,2022-03-28,11,0,0,0,0,0,0,0,0,0,0,0,0,0,0,0,11,0,0
Paraguay,2022-04-11,8,0,0,0,0,0,0,0,0,0,0,0,0,0,0,0,8,0,0
Paraguay,2022-04-25,29,0,0,0,0,0,0,0,0,0,0,0,0,0,0,0,29,0,0
Paraguay,2022-05-09,77,0,0,0,0,0,0,0,0,0,0,0,0,0,0,0,77,0,0
Paraguay,2022-05-23,83,0,0,0,0,0,0,0,0,0,0,0,0,0,0,0,83,0,0
Paraguay,2022-06-06,152,1,0,0,0,0,0,0,0,0,0,0,0,0,0,0,151,0,0
Paraguay,2022-06-20,111,0,0,0,0,0,0,0,0,0,0,0,0,0,0,0,111,0,0
Paraguay,2022-07-04,202,0,0,0,0,0,0,0,0,0,0,0,0,0,0,0,202,0,0
Paraguay,2022-07-18,146,0,0,0,0,0,0,0,0,0,0,0,0,0,0,0,146,0,0
Paraguay,2022-08-01,102,0,0,0,0,0,0,0,0,0,0,0,0,0,0,0,102,0,0
Paraguay,2022-08-15,49,0,0,0,0,0,0,0,0,0,0,0,0,0,0,0,49,0,0
Paraguay,2022-08-29,15,0,0,0,0,0,0,0,0,0,0,0,0,0,0,0,15,0,0
Paraguay,2022-09-12,1,0,0,0,0,0,0,0,0,0,0,0,0,0,0,0,1,0,0
Paraguay,2022-09-26,1,0,0,0,0,0,0,0,0,0,0,0,0,0,0,0,1,0,0
Paraguay,2022-10-10,1,0,0,0,0,0,0,0,0,0,0,0,0,0,0,0,1,0,0
Paraguay,2022-11-07,9,0,0,0,0,0,0,0,0,0,0,0,0,0,0,0,9,0,0
Paraguay,2022-11-21,104,0,0,0,0,0,0,0,0,0,0,0,0,0,0,0,104,0,0
Paraguay,2022-12-05,71,0,0,0,0,0,0,0,0,0,0,0,0,0,0,0,71,0,0
Paraguay,2022-12-19,62,0,0,0,0,0,0,0,0,0,0,0,0,0,0,0,62,0,0
Paraguay,2023-01-02,61,0,0,0,0,0,0,0,0,0,0,0,0,0,0,0,61,0,0
Paraguay,2023-01-16,4,0,0,0,0,0,0,0,0,0,0,0,0,0,0,0,4,0,0
Paraguay,2023-01-30,1,0,0,0,0,0,0,0,0,0,0,0,0,0,0,0,1,0,0
Paraguay,2023-02-13,2,0,0,0,0,0,0,0,0,0,0,0,0,0,0,0,2,0,0
Paraguay,2023-02-27,10,0,0,0,0,0,0,0,0,0,0,0,0,0,0,0,10,0,0
Paraguay,2023-03-13,6,0,0,0,0,0,0,0,0,0,0,0,0,0,0,0,6,0,0
Paraguay,2023-03-27,9,0,0,0,0,0,0,0,0,0,0,0,0,0,0,0,9,0,0
Paraguay,2023-04-10,8,0,0,0,0,0,0,0,0,0,0,0,0,0,0,0,8,0,0
Paraguay,2023-04-24,22,0,0,0,0,0,0,0,0,0,0,0,0,0,0,0,22,0,0
Paraguay,2023-05-08,9,0,0,0,0,0,0,0,0,0,0,0,0,0,0,0,9,0,0
Paraguay,2023-05-22,22,0,0,0,0,0,0,0,0,0,0,0,0,0,0,0,22,0,0
Paraguay,2023-06-05,11,0,0,0,0,0,0,0,0,0,0,0,0,0,0,0,11,0,0
Paraguay,2023-06-19,4,0,0,0,0,0,0,0,0,0,0,0,0,0,0,0,4,0,0
Paraguay,2023-07-03,2,0,0,0,0,0,0,0,0,0,0,0,0,0,0,0,2,0,0
Paraguay,2023-07-31,4,0,0,0,0,0,0,0,0,0,0,0,0,0,0,0,4,0,0
Paraguay,2023-08-14,5,0,0,0,0,0,0,0,0,0,0,0,0,0,0,0,5,0,0
Paraguay,2023-08-28,2,0,0,0,0,0,0,0,0,0,0,0,0,0,0,0,2,0,0
Paraguay,2023-09-11,2,0,0,0,0,0,0,0,0,0,0,0,0,0,0,0,2,0,0
Paraguay,2023-09-25,13,0,0,0,0,0,0,0,0,0,0,0,0,0,0,0,13,0,0
Paraguay,2023-10-09,10,0,0,0,0,0,0,0,0,0,0,0,0,0,0,0,10,0,0
Paraguay,2023-10-23,10,0,0,0,0,0,0,0,0,0,0,0,0,0,0,0,10,0,0
Paraguay,2023-11-06,14,0,0,0,0,0,0,0,0,0,0,0,0,0,0,0,14,0,0
Paraguay,2023-11-20,11,0,0,0,0,0,0,0,0,0,0,0,0,0,0,0,11,0,0
Paraguay,2023-12-04,13,0,0,0,0,0,0,0,0,0,0,0,0,0,0,0,13,0,0
Paraguay,2023-12-18,50,0,0,0,0,0,0,0,0,0,0,0,0,0,0,0,50,0,0
Paraguay,2024-01-01,42,1,0,0,0,0,0,0,0,0,0,0,0,0,0,0,41,0,0
Paraguay,2024-01-15,35,1,0,0,0,0,0,0,0,0,0,0,0,0,0,0,34,0,0
Paraguay,2024-01-29,29,0,0,0,0,0,0,0,0,0,0,0,0,0,0,0,29,0,0
Paraguay,2024-02-12,16,1,0,0,0,0,0,0,0,0,0,0,0,0,0,0,15,0,0
Paraguay,2024-02-26,3,0,0,0,0,0,0,0,0,0,0,0,0,0,0,0,3,0,0
Paraguay,2024-03-11,7,0,0,0,0,0,0,0,0,0,0,0,0,0,0,0,7,0,0
Paraguay,2024-03-25,7,0,0,0,0,0,0,0,0,0,0,0,0,0,0,0,7,0,0
Paraguay,2024-05-06,2,0,0,0,0,0,0,0,0,0,0,0,0,0,0,0,2,0,0
Paraguay,2024-07-01,1,0,0,0,0,0,0,0,0,0,0,0,0,0,0,0,1,0,0
Paraguay,2024-07-15,6,0,0,0,0,0,0,0,0,0,0,0,0,0,0,0,6,0,0
Paraguay,2024-07-29,3,0,0,0,0,0,0,0,0,0,0,0,0,0,0,0,3,0,0
Peru,2020-04-27,49,0,0,0,0,0,0,0,0,0,0,0,0,2,0,0,0,1,46
Peru,2020-05-11,50,0,0,0,0,0,0,0,0,0,0,0,0,2,0,0,0,1,47
Peru,2020-05-25,4,0,0,0,0,0,0,0,0,0,0,0,0,0,0,0,0,0,4
Peru,2020-06-08,92,0,0,0,0,0,0,0,0,0,0,0,0,3,0,0,0,2,87
Peru,2020-06-22,35,0,0,0,0,0,0,0,0,0,0,0,0,1,0,0,0,1,33
Peru,2020-07-06,10,0,0,0,0,0,0,0,0,0,0,0,0,0,0,0,0,0,10
Peru,2020-07-20,14,0,0,0,0,0,0,0,0,0,0,0,0,1,0,0,0,0,13
Peru,2020-08-03,74,0,0,0,0,0,0,0,0,0,0,0,0,2,0,0,0,2,70
Peru,2020-08-17,126,0,0,0,0,0,0,0,0,0,0,0,0,4,0,0,0,3,119
Peru,2020-08-31,83,0,0,0,0,0,0,0,0,0,0,0,0,2,0,0,0,2,79
Peru,2020-09-14,47,0,0,0,0,0,0,0,0,0,0,0,0,1,0,0,0,1,45
Peru,2020-09-28,17,0,0,0,0,0,0,0,0,0,0,0,0,1,0,0,0,0,16
Peru,2020-10-12,138,0,30,0,1,1,0,0,0,0,0,0,0,0,0,0,0,0,106
Peru,2020-10-26,4,0,0,0,0,0,0,0,0,0,0,0,0,0,0,0,0,0,4
Peru,2020-11-09,46,0,0,0,0,0,1,0,0,2,0,0,0,0,0,0,0,0,43
Peru,2020-11-23,65,0,14,0,1,1,0,0,0,0,0,0,0,0,0,0,0,0,49
Peru,2020-12-07,152,0,33,0,1,2,0,0,1,0,0,0,0,0,2,0,0,0,113
Peru,2020-12-21,122,0,20,0,0,3,5,1,11,1,1,0,6,5,3,0,0,0,66
Peru,2021-01-04,192,0,1,0,0,0,8,2,10,0,3,0,12,31,32,0,0,1,92
Peru,2021-01-18,146,0,2,0,0,0,3,0,7,0,1,0,6,11,49,0,0,0,67
Peru,2021-02-01,208,0,3,1,0,0,5,0,14,0,2,1,8,16,60,0,0,0,98
Peru,2021-02-15,179,0,2,1,0,2,3,0,19,0,1,1,4,9,84,0,0,0,53
Peru,2021-03-01,274,0,0,0,0,0,3,3,26,0,1,1,4,10,195,0,0,0,31
Peru,2021-03-15,202,0,0,0,0,0,1,2,33,0,0,0,1,2,151,0,0,0,12
Peru,2021-03-29,455,0,0,0,0,0,2,13,63,0,1,0,2,6,349,0,0,0,19
Peru,2021-04-12,341,0,1,0,0,0,1,2,60,0,0,0,1,2,259,0,0,0,15
Peru,2021-04-26,345,0,0,0,0,0,0,0,57,0,0,0,0,1,285,0,0,0,2
Peru,2021-05-10,368,0,0,0,0,0,0,2,77,3,0,0,1,1,275,3,0,0,6
Peru,2021-05-24,507,0,0,0,0,0,0,0,85,0,0,0,0,1,415,2,0,0,4
Peru,2021-06-07,691,0,0,0,0,0,0,0,160,5,0,0,0,1,518,4,0,0,3
Peru,2021-06-21,364,0,0,0,0,0,0,0,82,10,0,0,1,1,256,8,0,0,6
Peru,2021-07-05,654,0,0,0,0,0,0,0,219,34,0,0,0,0,380,18,0,0,3
Peru,2021-07-19,459,0,0,0,0,0,0,0,159,62,0,0,0,0,213,24,0,0,1
Peru,2021-08-02,773,1,0,0,0,0,0,0,289,167,0,0,0,1,258,54,0,0,3
Peru,2021-08-16,616,0,0,0,0,0,0,0,206,213,0,0,0,0,159,38,0,0,0
Peru,2021-08-30,684,0,0,0,0,0,0,0,193,335,0,0,0,0,125,29,0,0,2
Peru,2021-09-13,980,0,0,0,0,0,0,0,186,665,0,0,0,0,89,40,0,0,0
Peru,2021-09-27,877,0,0,0,0,0,0,0,94,713,0,0,0,0,35,35,0,0,0
Peru,2021-10-11,831,0,0,0,0,0,0,0,35,777,0,0,0,0,10,9,0,0,0
Peru,2021-10-25,787,0,0,0,0,0,0,0,27,744,0,0,0,0,6,10,0,0,0
Peru,2021-11-08,898,0,0,0,0,0,0,0,19,865,0,0,0,0,4,10,0,0,0
Peru,2021-11-22,740,0,0,0,0,0,0,0,23,712,0,0,0,0,1,3,1,0,0
Peru,2021-12-06,1140,0,0,0,0,0,0,0,3,1051,0,0,0,0,1,0,85,0,0
Peru,2021-12-20,1042,0,0,0,0,0,0,0,1,482,0,0,0,0,1,0,558,0,0
Peru,2022-01-03,1338,0,0,0,0,0,0,0,1,186,0,0,0,0,0,0,1151,0,0
Peru,2022-01-17,862,0,0,0,0,0,0,0,0,11,0,0,0,0,0,0,851,0,0
Peru,2022-01-31,1307,0,0,0,0,0,0,0,0,2,0,0,0,0,0,0,1305,0,0
Peru,2022-02-14,1006,0,0,0,0,0,0,0,0,1,0,0,0,0,0,0,1005,0,0
Peru,2022-02-28,584,0,0,0,0,0,0,0,0,1,0,0,0,0,0,0,583,0,0
Peru,2022-03-14,320,0,0,0,0,0,0,0,0,3,0,0,0,0,0,0,317,0,0
Peru,2022-03-28,153,0,0,0,0,0,0,0,0,1,0,0,0,0,0,0,152,0,0
Peru,2022-04-11,146,0,0,0,0,0,0,0,0,0,0,0,0,0,0,0,146,0,0
Peru,2022-04-25,208,3,0,0,0,0,0,0,0,0,0,0,0,0,0,0,205,0,0
Peru,2022-05-09,533,3,0,0,0,0,0,0,0,0,0,0,0,0,0,0,530,0,0
Peru,2022-05-23,886,11,0,0,0,0,0,0,0,0,0,0,0,0,0,0,875,0,0
Peru,2022-06-06,1399,11,0,0,0,0,0,0,0,0,0,0,0,0,0,0,1388,0,0
Peru,2022-06-20,2236,5,0,0,0,0,0,0,0,0,0,0,0,0,0,0,2231,0,0
Peru,2022-07-04,2604,2,0,0,0,0,0,0,0,0,0,0,0,0,0,0,2602,0,0
Peru,2022-07-18,2353,1,0,0,0,0,0,0,0,0,0,0,0,0,0,0,2352,0,0
Peru,2022-08-01,1889,1,0,0,0,0,0,0,0,0,0,0,0,0,0,0,1888,0,0
Peru,2022-08-15,1417,0,0,0,0,0,0,0,0,0,0,0,0,0,0,0,1417,0,0
Peru,2022-08-29,1273,0,0,0,0,0,0,0,0,0,0,0,0,0,0,0,1273,0,0
Peru,2022-09-12,712,0,0,0,0,0,0,0,0,0,0,0,0,0,0,0,712,0,0
Peru,2022-09-26,339,0,0,0,0,0,0,0,0,0,0,0,0,0,0,0,339,0,0
Peru,2022-10-10,242,0,0,0,0,0,0,0,0,0,0,0,0,0,0,0,242,0,0
Peru,2022-10-24,485,0,0,0,0,0,0,0,0,0,0,0,0,0,0,0,485,0,0
Peru,2022-11-07,1427,0,0,0,0,0,0,0,0,0,0,0,0,0,0,0,1427,0,0
Peru,2022-11-21,2780,0,0,0,0,0,0,0,0,0,0,0,0,0,0,0,2780,0,0
Peru,2022-12-05,3392,0,0,0,0,0,0,0,0,0,0,0,0,0,0,0,3392,0,0
Peru,2022-12-19,1569,0,0,0,0,0,0,0,0,0,0,0,0,0,0,0,1569,0,0
Peru,2023-01-02,608,0,0,0,0,0,0,0,0,0,0,0,0,0,0,0,608,0,0
Peru,2023-01-16,176,0,0,0,0,0,0,0,0,0,0,0,0,0,0,0,176,0,0
Peru,2023-01-30,79,0,0,0,0,0,0,0,0,0,0,0,0,0,0,0,79,0,0
Peru,2023-02-13,107,0,0,0,0,0,0,0,0,0,0,0,0,0,0,0,107,0,0
Peru,2023-02-27,163,0,0,0,0,0,0,0,0,0,0,0,0,0,0,0,163,0,0
Peru,2023-03-13,233,0,0,0,0,0,0,0,0,0,0,0,0,0,0,0,233,0,0
Peru,2023-03-27,376,1,0,0,0,0,0,0,0,0,0,0,0,0,0,0,375,0,0
Peru,2023-04-10,359,0,0,0,0,0,0,0,0,0,0,0,0,0,0,0,359,0,0
Peru,2023-04-24,237,0,0,0,0,0,0,0,0,0,0,0,0,0,0,0,237,0,0
Peru,2023-05-08,209,0,0,0,0,0,0,0,0,0,0,0,0,0,0,0,209,0,0
Peru,2023-05-22,204,0,0,0,0,0,0,0,0,0,0,0,0,0,0,0,204,0,0
Peru,2023-06-05,177,0,0,0,0,0,0,0,0,0,0,0,0,0,0,0,177,0,0
Peru,2023-06-19,203,0,0,0,0,0,0,0,0,0,0,0,0,0,0,0,203,0,0
Peru,2023-07-03,133,0,0,0,0,0,0,0,0,0,0,0,0,0,0,0,133,0,0
Peru,2023-07-17,110,0,0,0,0,0,0,0,0,0,0,0,0,0,0,0,110,0,0
Peru,2023-07-31,105,0,0,0,0,0,0,0,0,0,0,0,0,0,0,0,105,0,0
Peru,2023-08-14,137,0,0,0,0,0,0,0,0,0,0,0,0,0,0,0,137,0,0
Peru,2023-08-28,218,1,0,0,0,0,0,0,0,0,0,0,0,0,0,0,217,0,0
Peru,2023-09-11,213,0,0,0,0,0,0,0,0,0,0,0,0,0,0,0,213,0,0
Peru,2023-09-25,208,0,0,0,0,0,0,0,0,0,0,0,0,0,0,0,208,0,0
Peru,2023-10-09,138,2,0,0,0,0,0,0,0,0,0,0,0,0,0,0,136,0,0
Peru,2023-10-23,159,0,0,0,0,0,0,0,0,0,0,0,0,0,0,0,159,0,0
Peru,2023-11-06,295,0,0,0,0,0,0,0,0,0,0,0,0,0,0,0,295,0,0
Peru,2023-11-20,284,1,0,0,0,0,0,0,0,0,0,0,0,0,0,0,283,0,0
Peru,2023-12-04,525,0,0,0,0,0,0,0,0,0,0,0,0,0,0,0,525,0,0
Peru,2023-12-18,460,1,0,0,0,0,0,0,0,0,0,0,0,0,0,0,459,0,0
Peru,2024-01-01,1842,0,0,0,0,0,0,0,0,0,0,0,0,0,0,0,1842,0,0
Peru,2024-01-15,229,0,0,0,0,0,0,0,0,0,0,0,0,0,0,0,229,0,0
Peru,2024-01-29,75,0,0,0,0,0,0,0,0,0,0,0,0,0,0,0,75,0,0
Peru,2024-02-12,19,0,0,0,0,0,0,0,0,0,0,0,0,0,0,0,19,0,0
Peru,2024-02-26,15,0,0,0,0,0,0,0,0,0,0,0,0,0,0,0,15,0,0
Peru,2024-03-11,9,2,0,0,0,0,0,0,0,0,0,0,0,0,0,0,7,0,0
Peru,2024-03-25,9,0,0,0,0,0,0,0,0,0,0,0,0,0,0,0,9,0,0
Peru,2024-04-08,2,0,0,0,0,0,0,0,0,0,0,0,0,0,0,0,2,0,0
Peru,2024-04-22,5,0,0,0,0,0,0,0,0,0,0,0,0,0,0,0,5,0,0
Peru,2024-05-06,13,0,0,0,0,0,0,0,0,0,0,0,0,0,0,0,13,0,0
Peru,2024-07-01,45,0,0,0,0,0,0,0,0,0,0,0,0,0,0,0,45,0,0
Peru,2024-07-15,25,0,0,0,0,0,0,0,0,0,0,0,0,0,0,0,25,0,0
Peru,2024-07-29,42,0,0,0,0,0,0,0,0,0,0,0,0,0,0,0,42,0,0
Philippines,2020-05-11,2,0,0,0,0,0,0,0,0,0,0,0,0,0,0,0,0,0,2
Philippines,2020-05-25,1,0,0,0,0,0,0,0,0,0,0,0,0,0,0,0,0,0,1
Philippines,2020-06-08,5,0,0,0,0,0,0,0,0,0,0,1,0,0,0,0,0,0,4
Philippines,2020-06-22,17,0,0,0,0,0,0,0,0,0,0,3,0,0,0,0,0,0,14
Philippines,2020-07-06,65,0,0,0,0,0,0,0,0,0,0,10,0,2,0,0,0,1,52
Philippines,2020-07-20,28,0,0,0,0,0,0,0,0,0,0,4,0,1,0,0,0,1,22
Philippines,2020-08-03,35,0,0,0,0,0,0,0,0,0,0,5,0,1,0,0,0,1,28
Philippines,2020-08-17,29,0,0,0,0,0,0,0,0,0,0,4,0,1,0,0,0,1,23
Philippines,2020-08-31,8,0,0,0,0,0,0,0,0,0,0,1,0,0,0,0,0,0,7
Philippines,2020-09-14,15,0,0,0,0,0,0,0,0,0,0,3,0,0,0,0,0,0,12
Philippines,2020-09-28,6,0,0,0,0,0,0,0,0,0,0,1,0,0,0,0,0,0,5
Philippines,2020-10-12,11,0,0,0,0,0,0,0,0,0,0,2,0,0,0,0,0,0,9
Philippines,2020-10-26,118,0,0,0,0,0,0,0,0,0,0,18,0,3,0,0,0,3,94
Philippines,2020-11-09,163,0,0,0,4,2,0,0,0,0,0,0,0,0,0,0,0,0,157
Philippines,2020-11-23,212,0,0,0,0,0,0,0,0,0,0,33,0,5,0,0,0,5,169
Philippines,2020-12-07,265,0,2,0,0,0,0,1,0,0,0,1,0,0,0,0,0,1,260
Philippines,2020-12-21,204,0,1,0,0,0,0,4,0,0,11,3,0,1,0,2,0,0,182
Philippines,2021-01-04,452,0,0,0,0,2,0,31,0,0,34,10,1,3,1,2,0,0,368
Philippines,2021-01-18,560,0,0,0,0,0,1,23,0,0,110,2,0,8,2,70,0,0,344
Philippines,2021-02-01,380,0,0,0,0,0,19,24,0,0,5,31,2,20,0,1,0,3,275
Philippines,2021-02-15,334,0,1,0,0,0,74,61,1,0,1,38,0,31,1,1,0,5,120
Philippines,2021-03-01,559,0,2,0,0,0,242,183,1,0,2,19,0,18,0,1,0,2,89
Philippines,2021-03-15,791,0,0,0,0,0,407,298,0,0,1,12,1,12,0,1,0,1,58
Philippines,2021-03-29,732,0,0,5,0,0,407,273,0,0,0,10,1,6,0,0,0,2,28
Philippines,2021-04-12,288,0,0,0,0,0,128,116,0,2,1,10,0,10,0,1,0,1,19
Philippines,2021-04-26,391,0,0,0,0,0,187,182,0,11,1,2,0,3,0,0,0,0,5
Philippines,2021-05-10,255,0,0,0,0,0,124,122,0,1,0,2,0,2,0,0,0,0,4
Philippines,2021-05-24,498,0,0,0,0,0,246,226,0,3,1,5,1,5,0,0,0,1,10
Philippines,2021-06-07,497,0,0,0,0,0,266,211,0,5,0,4,0,4,0,0,0,0,7
Philippines,2021-06-21,831,0,0,0,0,0,389,314,0,97,1,2,0,8,1,3,0,0,16
Philippines,2021-07-05,1018,0,0,0,0,0,308,272,0,367,1,2,0,7,2,18,0,0,41
Philippines,2021-07-19,1168,0,0,0,0,0,164,186,0,775,0,1,0,3,2,17,0,0,20
Philippines,2021-08-02,1107,0,0,0,0,0,62,67,0,959,0,0,0,1,1,9,0,0,8
Philippines,2021-08-16,732,0,0,0,0,0,20,15,0,695,0,0,0,0,0,1,0,0,1
Philippines,2021-08-30,171,0,0,0,0,0,1,1,0,167,0,0,0,0,0,1,0,0,1
Philippines,2021-09-13,9,0,0,0,0,0,0,0,0,8,0,0,0,0,0,0,0,0,1
Philippines,2021-09-27,11,0,0,0,0,0,0,0,0,11,0,0,0,0,0,0,0,0,0
Philippines,2021-10-11,33,0,0,0,0,0,0,0,0,33,0,0,0,0,0,0,0,0,0
Philippines,2021-10-25,14,0,0,0,0,0,0,0,0,14,0,0,0,0,0,0,0,0,0
Philippines,2021-11-08,17,0,0,0,0,0,0,0,0,16,0,0,0,0,0,0,1,0,0
Philippines,2021-11-22,6,0,0,0,0,0,0,0,0,0,0,0,0,0,0,0,6,0,0
Philippines,2021-12-06,26,0,0,0,0,0,0,0,0,1,0,0,0,0,0,0,25,0,0
Philippines,2021-12-20,778,0,0,0,0,0,0,0,0,2,0,0,0,0,0,0,776,0,0
Philippines,2022-01-03,2774,1,0,0,0,0,0,0,0,0,0,0,0,0,0,0,2773,0,0
Philippines,2022-01-17,1114,0,0,0,0,0,0,0,0,0,0,0,0,0,0,0,1114,0,0
Philippines,2022-01-31,989,1,0,0,0,0,0,0,0,0,0,0,0,0,0,0,988,0,0
Philippines,2022-02-14,411,0,0,0,0,0,0,0,0,0,0,0,0,0,0,0,411,0,0
Philippines,2022-02-28,156,1,0,0,0,0,0,0,0,0,0,0,0,0,0,0,155,0,0
Philippines,2022-03-14,66,0,0,0,0,0,0,0,0,0,0,0,0,0,0,0,66,0,0
Philippines,2022-03-28,67,0,0,0,0,0,0,0,0,0,0,0,0,0,0,0,67,0,0
Philippines,2022-04-11,39,1,0,0,0,0,0,0,0,1,0,0,0,0,0,0,37,0,0
Philippines,2022-04-25,61,0,0,0,0,0,0,0,0,0,0,0,0,0,0,0,61,0,0
Philippines,2022-05-09,69,0,0,0,0,0,0,0,0,0,0,0,0,0,0,0,69,0,0
Philippines,2022-05-23,115,0,0,0,0,0,0,0,0,0,0,0,0,0,0,0,115,0,0
Philippines,2022-06-06,174,1,0,0,0,0,0,0,0,0,0,0,0,0,0,0,173,0,0
Philippines,2022-06-20,277,0,0,0,0,0,0,0,0,0,0,0,0,0,0,0,277,0,0
Philippines,2022-07-04,365,1,0,0,0,0,0,0,0,0,0,0,0,0,0,0,364,0,0
Philippines,2022-07-18,819,0,0,0,0,0,0,0,0,0,0,0,0,0,0,0,819,0,0
Philippines,2022-08-01,846,0,0,0,0,0,0,0,0,0,0,0,0,0,0,0,846,0,0
Philippines,2022-08-15,595,14,0,0,0,0,0,0,0,0,0,0,0,0,0,0,581,0,0
Philippines,2022-08-29,398,48,0,0,0,0,0,0,0,0,0,0,0,0,0,0,350,0,0
Philippines,2022-09-12,297,102,0,0,0,0,0,0,0,0,0,0,0,0,0,0,195,0,0
Philippines,2022-09-26,306,19,0,0,0,0,0,0,0,0,0,0,0,0,0,0,287,0,0
Philippines,2022-10-10,478,36,0,0,0,0,0,0,0,0,0,0,0,0,0,0,442,0,0
Philippines,2022-10-24,393,39,0,0,0,0,0,0,0,0,0,0,0,0,0,0,354,0,0
Philippines,2022-11-07,344,44,0,0,0,0,0,0,0,0,0,0,0,0,0,0,300,0,0
Philippines,2022-11-21,248,10,0,0,0,0,0,0,0,0,0,0,0,0,0,0,238,0,0
Philippines,2022-12-05,105,8,0,0,0,0,0,0,0,0,0,0,0,0,0,0,97,0,0
Philippines,2022-12-19,41,2,0,0,0,0,0,0,0,0,0,0,0,0,0,0,39,0,0
Philippines,2023-01-02,41,1,0,0,0,0,0,0,0,0,0,0,0,0,0,0,40,0,0
Philippines,2023-01-16,36,0,0,0,0,0,0,0,0,0,0,0,0,0,0,0,36,0,0
Philippines,2023-01-30,57,1,0,0,0,0,0,0,0,0,0,0,0,0,0,0,56,0,0
Philippines,2023-02-13,81,3,0,0,0,0,0,0,0,0,0,0,0,0,0,0,78,0,0
Philippines,2023-02-27,72,2,0,0,0,0,0,0,0,0,0,0,0,0,0,0,70,0,0
Philippines,2023-03-13,23,0,0,0,0,0,0,0,0,0,0,0,0,0,0,0,23,0,0
Philippines,2023-03-27,160,10,0,0,0,0,0,0,0,0,0,0,0,0,0,0,150,0,0
Philippines,2023-04-10,238,5,0,0,0,0,0,0,0,0,0,0,0,0,0,0,233,0,0
Philippines,2023-04-24,238,3,0,0,0,0,0,0,0,0,0,0,0,0,0,0,235,0,0
Philippines,2023-05-08,341,1,0,0,0,0,0,0,0,0,0,0,0,0,0,0,340,0,0
Philippines,2023-05-22,252,1,0,0,0,0,0,0,0,0,0,0,0,0,0,0,251,0,0
Philippines,2023-06-05,76,0,0,0,0,0,0,0,0,0,0,0,0,0,0,0,76,0,0
Philippines,2023-06-19,53,1,0,0,0,0,0,0,0,0,0,0,0,0,0,0,52,0,0
Philippines,2023-07-03,27,0,0,0,0,0,0,0,0,0,0,0,0,0,0,0,27,0,0
Philippines,2023-07-17,4,0,0,0,0,0,0,0,0,0,0,0,0,0,0,0,4,0,0
Philippines,2023-07-31,15,0,0,0,0,0,0,0,0,0,0,0,0,0,0,0,15,0,0
Philippines,2023-08-14,3,0,0,0,0,0,0,0,0,0,0,0,0,0,0,0,3,0,0
Philippines,2023-08-28,13,1,0,0,0,0,0,0,0,0,0,0,0,0,0,0,12,0,0
Philippines,2023-09-11,4,1,0,0,0,0,0,0,0,0,0,0,0,0,0,0,3,0,0
Philippines,2023-09-25,25,2,0,0,0,0,0,0,0,0,0,0,0,0,0,0,23,0,0
Philippines,2023-10-09,16,3,0,0,0,0,0,0,0,0,0,0,0,0,0,0,13,0,0
Philippines,2023-10-23,6,0,0,0,0,0,0,0,0,0,0,0,0,0,0,0,6,0,0
Philippines,2023-11-06,32,15,0,0,0,0,0,0,0,0,0,0,0,0,0,0,17,0,0
Philippines,2023-11-20,10,1,0,0,0,0,0,0,0,0,0,0,0,0,0,0,9,0,0
Philippines,2023-12-04,28,4,0,0,0,0,0,0,0,0,0,0,0,0,0,0,24,0,0
Philippines,2023-12-18,25,1,0,0,0,0,0,0,0,0,0,0,0,0,0,0,24,0,0
Philippines,2024-01-01,16,1,0,0,0,0,0,0,0,0,0,0,0,0,0,0,15,0,0
Philippines,2024-01-15,9,0,0,0,0,0,0,0,0,0,0,0,0,0,0,0,9,0,0
Philippines,2024-01-29,1,0,0,0,0,0,0,0,0,0,0,0,0,0,0,0,1,0,0
Philippines,2024-02-12,2,0,0,0,0,0,0,0,0,0,0,0,0,0,0,0,2,0,0
Philippines,2024-04-08,2,0,0,0,0,0,0,0,0,0,0,0,0,0,0,0,2,0,0
Philippines,2024-04-22,9,0,0,0,0,0,0,0,0,0,0,0,0,0,0,0,9,0,0
Philippines,2024-05-06,4,0,0,0,0,0,0,0,0,0,0,0,0,0,0,0,4,0,0
Philippines,2024-07-01,3,0,0,0,0,0,0,0,0,0,0,0,0,0,0,0,3,0,0
Philippines,2024-07-15,5,0,0,0,0,0,0,0,0,0,0,0,0,0,0,0,5,0,0
Poland,2020-04-27,61,0,0,0,0,0,0,0,0,0,0,10,0,1,0,0,0,0,50
Poland,2020-05-11,26,0,0,0,0,0,0,0,0,0,0,4,0,1,0,0,0,0,21
Poland,2020-05-25,23,0,0,0,0,0,0,0,0,0,0,4,0,0,0,0,0,0,19
Poland,2020-06-08,4,0,0,0,0,0,0,0,0,0,0,1,0,0,0,0,0,0,3
Poland,2020-08-03,1,0,0,1,0,0,0,0,0,0,0,0,0,0,0,0,0,0,0
Poland,2020-08-17,3,0,0,2,0,0,0,0,0,0,0,0,0,0,0,0,0,0,1
Poland,2020-08-31,6,0,0,3,0,0,0,0,0,0,0,0,0,0,0,0,0,0,3
Poland,2020-09-14,9,0,0,4,0,0,0,0,0,0,0,1,0,0,0,0,0,0,4
Poland,2020-09-28,4,0,3,0,0,0,0,0,0,0,0,0,0,0,0,0,0,0,1
Poland,2020-10-12,7,0,2,3,0,0,0,0,0,0,0,0,0,0,0,0,0,0,2
Poland,2020-10-26,9,0,3,0,0,0,0,0,0,0,0,0,0,0,0,0,0,0,6
Poland,2020-11-09,7,0,3,2,0,0,0,0,0,0,0,0,0,0,0,0,0,0,2
Poland,2020-11-23,37,0,14,3,0,2,0,0,0,0,0,0,0,0,0,0,0,0,18
Poland,2020-12-07,65,0,34,6,0,5,0,0,0,0,0,0,0,0,0,0,0,0,20
Poland,2020-12-21,132,0,58,4,0,12,0,1,0,1,0,0,0,0,0,0,0,0,56
Poland,2021-01-04,189,0,77,2,0,16,0,18,0,0,0,0,0,0,0,0,0,1,75
Poland,2021-01-18,324,0,140,0,0,25,0,34,0,0,0,0,0,0,0,0,0,0,125
Poland,2021-02-01,453,0,122,4,0,27,3,168,0,0,0,2,0,0,0,0,0,0,127
Poland,2021-02-15,1198,0,157,3,0,25,4,794,0,0,6,4,4,1,0,0,0,0,200
Poland,2021-03-01,1990,0,81,2,0,26,4,1749,0,0,12,3,5,1,0,0,0,0,107
Poland,2021-03-15,1700,0,23,0,0,6,5,1625,0,0,6,1,0,1,0,0,0,0,33
Poland,2021-03-29,2096,0,7,0,0,2,4,2063,4,0,4,0,0,0,0,0,0,0,12
Poland,2021-04-12,3027,0,4,0,0,1,5,2999,5,1,3,0,0,0,0,0,0,0,9
Poland,2021-04-26,2577,0,2,0,0,0,11,2518,0,40,1,0,0,0,0,0,0,0,5
Poland,2021-05-10,2192,0,1,0,0,1,4,2144,1,38,1,0,0,0,0,0,0,0,2
Poland,2021-05-24,975,0,3,0,0,0,2,937,7,21,1,0,0,0,0,0,0,0,4
Poland,2021-06-07,345,0,0,0,0,0,1,303,4,35,0,0,0,0,0,0,0,0,2
Poland,2021-06-21,161,0,0,0,0,0,0,77,0,81,0,0,0,1,1,0,0,0,1
Poland,2021-07-05,157,0,0,0,0,0,2,17,1,131,0,0,0,1,0,2,0,0,3
Poland,2021-07-19,314,0,0,0,0,0,0,14,0,289,0,0,0,1,0,3,0,0,7
Poland,2021-08-02,329,0,0,0,0,0,0,3,1,323,0,0,0,0,0,1,0,0,1
Poland,2021-08-16,968,0,0,0,0,0,0,2,0,966,0,0,0,0,0,0,0,0,0
Poland,2021-08-30,1111,0,0,0,0,0,0,0,0,1111,0,0,0,0,0,0,0,0,0
Poland,2021-09-13,1627,0,1,0,0,0,0,0,0,1625,0,0,0,0,0,0,0,0,1
Poland,2021-09-27,2041,0,0,0,0,0,0,1,0,2040,0,0,0,0,0,0,0,0,0
Poland,2021-10-11,2429,0,0,0,0,0,0,0,0,2429,0,0,0,0,0,0,0,0,0
Poland,2021-10-25,3543,0,0,0,0,0,0,0,0,3542,0,0,0,0,0,0,0,0,1
Poland,2021-11-08,2915,0,0,0,0,0,0,0,0,2915,0,0,0,0,0,0,0,0,0
Poland,2021-11-22,2813,0,0,0,0,0,0,0,0,2813,0,0,0,0,0,0,0,0,0
Poland,2021-12-06,3551,0,0,0,0,0,0,0,0,3526,0,0,0,0,0,0,24,0,1
Poland,2021-12-20,4023,0,0,0,0,0,0,0,0,3486,0,0,0,0,0,0,530,0,7
Poland,2022-01-03,8268,0,0,0,0,0,0,1,0,3018,0,1,0,1,0,0,5116,0,131
Poland,2022-01-17,9800,0,0,0,0,0,0,0,0,511,0,2,0,2,0,0,9141,0,144
Poland,2022-01-31,9105,1,0,0,0,0,0,0,0,55,0,0,0,1,0,0,8963,0,85
Poland,2022-02-14,3579,2,0,0,0,0,0,0,0,6,0,2,0,0,0,0,3543,0,26
Poland,2022-02-28,1966,4,0,0,0,0,0,0,0,2,0,2,0,0,0,0,1944,0,14
Poland,2022-03-14,1296,7,0,0,1,0,0,0,0,0,0,0,0,0,0,0,1288,0,0
Poland,2022-03-28,935,6,0,0,0,0,0,0,0,0,0,0,0,0,0,0,924,0,5
Poland,2022-04-11,325,2,0,0,0,0,0,0,0,0,0,0,0,0,0,0,323,0,0
Poland,2022-04-25,223,6,0,0,0,0,0,0,0,0,0,0,0,0,0,0,217,0,0
Poland,2022-05-09,183,2,0,0,0,0,0,0,0,0,0,0,0,0,0,0,181,0,0
Poland,2022-05-23,115,2,0,0,0,0,0,0,0,0,0,0,0,0,0,0,113,0,0
Poland,2022-06-06,109,2,0,0,0,0,0,0,0,0,0,0,0,0,0,0,107,0,0
Poland,2022-06-20,160,0,0,0,0,0,0,0,0,0,0,0,0,0,0,0,160,0,0
Poland,2022-07-04,290,0,0,0,0,0,0,0,0,0,0,0,0,0,0,0,290,0,0
Poland,2022-07-18,577,4,0,0,0,0,0,0,0,0,0,0,0,0,0,0,573,0,0
Poland,2022-08-01,855,2,0,0,0,0,0,0,0,0,0,0,0,0,0,0,853,0,0
Poland,2022-08-15,605,1,0,0,0,0,0,0,0,0,0,0,0,0,0,0,604,0,0
Poland,2022-08-29,454,0,0,0,0,0,0,0,0,0,0,0,0,0,0,0,454,0,0
Poland,2022-09-12,569,1,0,0,0,0,0,0,0,0,0,0,0,0,0,0,568,0,0
Poland,2022-09-26,650,2,0,0,0,0,0,0,0,0,0,0,0,0,0,0,648,0,0
Poland,2022-10-10,299,0,0,0,0,0,0,0,0,0,0,0,0,0,0,0,299,0,0
Poland,2022-10-24,248,0,0,0,0,0,0,0,0,0,0,0,0,0,0,0,248,0,0
Poland,2022-11-07,104,0,0,0,0,0,0,0,0,0,0,0,0,0,0,0,104,0,0
Poland,2022-11-21,93,0,0,0,0,0,0,0,0,0,0,0,0,0,0,0,93,0,0
Poland,2022-12-05,201,0,0,0,0,0,0,0,0,0,0,0,0,0,0,0,201,0,0
Poland,2022-12-19,107,0,0,0,0,0,0,0,0,0,0,0,0,0,0,0,107,0,0
Poland,2023-01-02,155,1,0,0,0,0,0,0,0,0,0,0,0,0,0,0,154,0,0
Poland,2023-01-16,168,2,0,0,0,0,0,0,0,0,0,0,0,0,0,0,166,0,0
Poland,2023-01-30,251,10,0,0,0,0,0,0,0,0,0,0,0,0,0,0,241,0,0
Poland,2023-02-13,461,11,0,0,0,0,0,0,0,0,0,0,0,0,0,0,450,0,0
Poland,2023-02-27,802,7,0,0,0,0,0,0,0,0,0,0,0,0,0,0,795,0,0
Poland,2023-03-13,687,5,0,0,0,0,0,0,0,0,0,0,0,0,0,0,682,0,0
Poland,2023-03-27,280,3,0,0,0,0,0,0,0,0,0,0,0,0,0,0,277,0,0
Poland,2023-04-10,144,0,0,0,0,0,0,0,0,0,0,0,0,0,0,0,144,0,0
Poland,2023-04-24,60,0,0,0,0,0,0,0,0,0,0,0,0,0,0,0,60,0,0
Poland,2023-05-08,60,0,0,0,0,0,0,0,0,0,0,0,0,0,0,0,60,0,0
Poland,2023-05-22,27,0,0,0,0,0,0,0,0,0,0,0,0,0,0,0,27,0,0
Poland,2023-06-05,8,0,0,0,0,0,0,0,0,0,0,0,0,0,0,0,8,0,0
Poland,2023-06-19,5,0,0,0,0,0,0,0,0,0,0,0,0,0,0,0,5,0,0
Poland,2023-07-03,3,0,0,0,0,0,0,0,0,0,0,0,0,0,0,0,3,0,0
Poland,2023-07-31,4,0,0,0,0,0,0,0,0,0,0,0,0,0,0,0,4,0,0
Poland,2023-08-14,14,0,0,0,0,0,0,0,0,0,0,0,0,0,0,0,14,0,0
Poland,2023-08-28,25,0,0,0,0,0,0,0,0,0,0,0,0,0,0,0,25,0,0
Poland,2023-09-11,46,0,0,0,0,0,0,0,0,0,0,0,0,0,0,0,46,0,0
Poland,2023-09-25,100,0,0,0,0,0,0,0,0,0,0,0,0,0,0,0,100,0,0
Poland,2023-10-09,117,0,0,0,0,0,0,0,0,0,0,0,0,0,0,0,117,0,0
Poland,2023-10-23,221,3,0,0,0,0,0,0,0,0,0,0,0,0,0,0,218,0,0
Poland,2023-11-06,291,6,0,0,0,0,0,0,0,0,0,0,0,0,0,0,285,0,0
Poland,2023-11-20,447,8,0,0,0,0,0,0,0,0,0,0,0,0,0,0,439,0,0
Poland,2023-12-04,470,8,0,0,0,0,0,0,0,0,0,0,0,0,0,0,462,0,0
Poland,2023-12-18,164,0,0,0,0,0,0,0,0,0,0,0,0,0,0,0,164,0,0
Poland,2024-01-01,203,9,0,0,0,0,0,0,0,0,0,0,0,0,0,0,194,0,0
Poland,2024-01-15,72,0,0,0,0,0,0,0,0,0,0,0,0,0,0,0,72,0,0
Poland,2024-01-29,39,0,0,0,0,0,0,0,0,0,0,0,0,0,0,0,39,0,0
Poland,2024-02-12,42,1,0,0,0,0,0,0,0,0,0,0,0,0,0,0,41,0,0
Poland,2024-02-26,43,1,0,0,0,0,0,0,0,0,0,0,0,0,0,0,42,0,0
Poland,2024-03-11,10,0,0,0,0,0,0,0,0,0,0,0,0,0,0,0,10,0,0
Poland,2024-03-25,5,0,0,0,0,0,0,0,0,0,0,0,0,0,0,0,5,0,0
Poland,2024-04-08,3,0,0,0,0,0,0,0,0,0,0,0,0,0,0,0,3,0,0
Poland,2024-05-06,5,0,0,0,0,0,0,0,0,0,0,0,0,0,0,0,5,0,0
Poland,2024-07-01,9,0,0,0,0,0,0,0,0,0,0,0,0,0,0,0,9,0,0
Poland,2024-07-15,19,0,0,0,0,0,0,0,0,0,0,0,0,0,0,0,19,0,0
Poland,2024-07-29,35,0,0,0,0,0,0,0,0,0,0,0,0,0,0,0,35,0,0
Portugal,2020-04-27,27,0,0,0,0,0,0,0,0,0,0,4,0,0,0,0,0,1,22
Portugal,2020-05-11,28,0,0,0,0,1,0,0,0,0,0,0,0,0,0,0,0,0,27
Portugal,2020-05-25,93,0,0,0,0,0,0,0,0,0,0,15,0,0,0,0,0,2,76
Portugal,2020-06-08,40,0,0,0,0,0,0,0,0,0,0,6,0,0,0,0,0,1,33
Portugal,2020-06-22,58,0,0,0,0,0,0,0,0,0,0,10,0,0,0,0,0,1,47
Portugal,2020-07-06,26,0,0,0,0,0,0,0,0,0,0,4,0,0,0,0,0,1,21
Portugal,2020-07-20,1,0,0,0,0,0,0,0,0,0,0,0,0,0,0,0,0,0,1
Portugal,2020-08-03,8,0,0,0,0,0,0,0,0,0,0,1,0,0,0,0,0,0,7
Portugal,2020-08-17,58,0,0,0,0,0,0,0,0,0,0,10,0,0,0,0,0,1,47
Portugal,2020-08-31,29,0,0,1,4,0,0,0,0,0,0,0,0,0,0,0,0,0,24
Portugal,2020-09-14,10,0,0,0,0,2,0,0,0,0,0,0,0,0,0,0,0,0,8
Portugal,2020-09-28,2,0,0,0,0,1,0,0,0,0,0,0,0,0,0,0,0,0,1
Portugal,2020-10-12,4,0,0,0,0,3,0,0,0,0,0,0,0,0,0,0,0,0,1
Portugal,2020-10-26,47,0,2,0,0,28,0,0,0,0,0,0,0,0,0,0,0,0,17
Portugal,2020-11-09,370,0,53,1,4,264,0,1,0,0,0,0,0,0,0,0,0,0,47
Portugal,2020-11-23,34,0,2,0,2,23,0,0,0,0,0,0,0,0,0,0,0,0,7
Portugal,2020-12-07,40,0,4,0,0,10,0,22,0,0,0,0,0,0,0,0,0,0,4
Portugal,2020-12-21,300,0,40,0,0,138,1,76,0,0,0,0,0,0,0,0,0,1,44
Portugal,2021-01-04,915,0,167,1,0,522,2,121,0,0,0,0,0,0,0,0,0,1,101
Portugal,2021-01-18,206,0,27,0,0,75,0,80,0,0,0,0,0,0,0,0,0,0,24
Portugal,2021-02-01,901,0,67,1,3,234,1,497,7,0,0,1,0,0,0,0,0,1,89
Portugal,2021-02-15,99,0,6,1,0,10,7,66,2,0,0,0,0,0,0,0,0,0,7
Portugal,2021-03-01,1067,0,24,5,0,92,37,865,13,0,0,0,3,2,0,0,0,0,26
Portugal,2021-03-15,49,0,1,1,0,3,4,21,13,0,0,0,1,0,0,0,0,0,5
Portugal,2021-03-29,1162,0,3,3,0,10,14,1074,45,0,4,0,2,0,1,0,0,0,6
Portugal,2021-04-12,468,0,2,1,0,3,13,410,21,2,2,0,3,0,0,0,0,0,11
Portugal,2021-04-26,776,0,1,1,0,4,14,686,22,27,0,0,10,0,0,0,0,0,11
Portugal,2021-05-10,346,0,13,1,0,0,8,229,10,69,0,1,1,0,0,0,0,0,14
Portugal,2021-05-24,596,0,0,0,0,0,2,266,24,292,0,0,3,0,0,6,0,0,3
Portugal,2021-06-07,1049,0,0,0,0,0,1,338,12,679,0,0,4,0,1,10,0,0,4
Portugal,2021-06-21,1257,1,0,0,0,0,4,123,6,1117,0,0,1,0,0,5,0,0,0
Portugal,2021-07-05,1343,0,0,0,0,0,0,28,2,1309,0,0,2,0,0,1,0,0,1
Portugal,2021-07-19,957,0,0,0,0,0,1,8,1,945,0,0,0,0,0,1,0,0,1
Portugal,2021-08-02,1010,0,0,0,0,1,0,2,2,1005,0,0,0,0,0,0,0,0,0
Portugal,2021-08-16,1029,0,0,0,0,0,0,0,0,1029,0,0,0,0,0,0,0,0,0
Portugal,2021-08-30,1095,0,0,0,0,0,0,0,4,1091,0,0,0,0,0,0,0,0,0
Portugal,2021-09-13,1058,0,0,0,0,0,0,0,5,1053,0,0,0,0,0,0,0,0,0
Portugal,2021-09-27,944,0,0,0,0,0,0,0,0,944,0,0,0,0,0,0,0,0,0
Portugal,2021-10-11,889,0,0,0,0,0,0,0,0,889,0,0,0,0,0,0,0,0,0
Portugal,2021-10-25,1004,0,0,0,0,0,0,0,0,1003,0,0,0,0,0,1,0,0,0
Portugal,2021-11-08,1074,0,0,0,0,0,0,0,0,1073,0,0,0,0,0,0,1,0,0
Portugal,2021-11-22,1169,0,0,0,0,0,0,0,0,1132,0,0,0,0,0,0,37,0,0
Portugal,2021-12-06,870,0,0,0,0,0,0,0,0,741,0,0,0,0,0,0,129,0,0
Portugal,2021-12-20,854,0,0,0,0,0,0,0,0,270,0,0,0,0,0,0,584,0,0
Portugal,2022-01-03,1083,0,0,0,0,0,0,0,0,85,0,0,0,0,0,0,998,0,0
Portugal,2022-01-17,1042,0,0,0,0,0,0,0,0,38,0,0,0,0,0,0,1004,0,0
Portugal,2022-01-31,1055,0,0,0,0,0,0,0,0,6,0,0,0,0,0,0,1049,0,0
Portugal,2022-02-14,924,0,0,0,0,0,0,0,0,2,0,0,0,0,0,0,922,0,0
Portugal,2022-02-28,979,1,0,0,0,0,0,0,0,1,0,0,0,0,0,0,976,0,1
Portugal,2022-03-14,1123,1,0,0,0,0,0,0,0,1,0,0,0,0,0,0,1120,0,1
Portugal,2022-03-28,1145,6,0,0,0,0,0,0,0,2,0,0,0,0,0,0,1137,0,0
Portugal,2022-04-11,1086,9,0,0,0,0,0,0,0,0,0,0,0,0,0,0,1077,0,0
Portugal,2022-04-25,1109,3,0,0,0,0,0,0,0,0,0,0,0,0,0,0,1106,0,0
Portugal,2022-05-09,1128,9,0,0,0,0,0,0,0,0,0,0,0,0,0,0,1119,0,0
Portugal,2022-05-23,968,7,0,0,0,0,0,0,0,0,0,0,0,0,0,0,961,0,0
Portugal,2022-06-06,745,6,0,0,0,0,0,0,0,0,0,0,0,0,0,0,739,0,0
Portugal,2022-06-20,1225,10,0,0,0,0,0,0,0,0,0,0,0,0,0,0,1215,0,0
Portugal,2022-07-04,748,7,0,0,0,0,0,0,0,0,0,0,0,0,0,0,741,0,0
Portugal,2022-07-18,545,1,0,0,0,0,0,0,0,0,0,0,0,0,0,0,544,0,0
Portugal,2022-08-01,482,1,0,0,0,0,0,0,0,0,0,0,0,0,0,0,481,0,0
Portugal,2022-08-15,505,2,0,0,0,0,0,0,0,0,0,0,0,0,0,0,503,0,0
Portugal,2022-08-29,539,3,0,0,0,0,0,0,0,0,0,0,0,0,0,0,536,0,0
Portugal,2022-09-12,560,3,0,0,0,0,0,0,0,0,0,0,0,0,0,0,557,0,0
Portugal,2022-09-26,538,1,0,0,0,0,0,0,0,0,0,0,0,0,0,0,537,0,0
Portugal,2022-10-10,244,0,0,0,0,0,0,0,0,0,0,0,0,0,0,0,244,0,0
Portugal,2022-10-24,245,1,0,0,0,0,0,0,0,0,0,0,0,0,0,0,244,0,0
Portugal,2022-11-07,291,0,0,0,0,0,0,0,0,0,0,0,0,0,0,0,291,0,0
Portugal,2022-11-21,413,0,0,0,0,0,0,0,0,0,0,0,0,0,0,0,413,0,0
Portugal,2022-12-05,335,1,0,0,0,0,0,0,0,0,0,0,0,0,0,0,334,0,0
Portugal,2022-12-19,264,0,0,0,0,0,0,0,0,0,0,0,0,0,0,0,264,0,0
Portugal,2023-01-02,308,0,0,0,0,0,0,0,0,0,0,0,0,0,0,0,308,0,0
Portugal,2023-01-16,197,5,0,0,0,0,0,0,0,0,0,0,0,0,0,0,192,0,0
Portugal,2023-01-30,195,4,0,0,0,0,0,0,0,0,0,0,0,0,0,0,191,0,0
Portugal,2023-02-13,226,7,0,0,0,0,0,0,0,0,0,0,0,0,0,0,219,0,0
Portugal,2023-02-27,245,5,0,0,0,0,0,0,0,0,0,0,0,0,0,0,240,0,0
Portugal,2023-03-13,247,6,0,0,0,0,0,0,0,0,0,0,0,0,0,0,241,0,0
Portugal,2023-03-27,239,4,0,0,0,0,0,0,0,0,0,0,0,0,0,0,235,0,0
Portugal,2023-04-10,241,3,0,0,0,0,0,0,0,0,0,0,0,0,0,0,238,0,0
Portugal,2023-04-24,239,1,0,0,0,0,0,0,0,0,0,0,0,0,0,0,238,0,0
Portugal,2023-05-08,218,2,0,0,0,0,0,0,0,0,0,0,0,0,0,0,216,0,0
Portugal,2023-05-22,189,3,0,0,0,0,0,0,0,0,0,0,0,0,0,0,186,0,0
Portugal,2023-06-05,184,1,0,0,0,0,0,0,0,0,0,0,0,0,0,0,183,0,0
Portugal,2023-06-19,21,0,0,0,0,0,0,0,0,0,0,0,0,0,0,0,21,0,0
Portugal,2023-07-03,126,8,0,0,0,0,0,0,0,0,0,0,0,0,0,0,118,0,0
Portugal,2023-07-17,25,1,0,0,0,0,0,0,0,0,0,0,0,0,0,0,24,0,0
Portugal,2023-07-31,390,13,0,0,0,0,0,0,0,0,0,0,0,0,0,0,377,0,0
Portugal,2023-08-14,62,2,0,0,0,0,0,0,0,0,0,0,0,0,0,0,60,0,0
Portugal,2023-08-28,260,7,0,0,0,0,0,0,0,0,0,0,0,0,0,0,253,0,0
Portugal,2023-09-11,48,2,0,0,0,0,0,0,0,0,0,0,0,0,0,0,46,0,0
Portugal,2023-09-25,168,3,0,0,0,0,0,0,0,0,0,0,0,0,0,0,165,0,0
Portugal,2023-10-09,25,0,0,0,0,0,0,0,0,0,0,0,0,0,0,0,25,0,0
Portugal,2023-10-23,79,4,0,0,0,0,0,0,0,0,0,0,0,0,0,0,75,0,0
Portugal,2023-11-06,18,0,0,0,0,0,0,0,0,0,0,0,0,0,0,0,18,0,0
Portugal,2023-11-20,98,1,0,0,0,0,0,0,0,0,0,0,0,0,0,0,97,0,0
Portugal,2023-12-04,17,0,0,0,0,0,0,0,0,0,0,0,0,0,0,0,17,0,0
Portugal,2023-12-18,181,1,0,0,0,0,0,0,0,0,0,0,0,0,0,0,180,0,0
Portugal,2024-01-01,27,0,0,0,0,0,0,0,0,0,0,0,0,0,0,0,27,0,0
Portugal,2024-01-15,68,0,0,0,0,0,0,0,0,0,0,0,0,0,0,0,68,0,0
Portugal,2024-01-29,7,0,0,0,0,0,0,0,0,0,0,0,0,0,0,0,7,0,0
Portugal,2024-02-12,28,3,0,0,0,0,0,0,0,0,0,0,0,0,0,0,25,0,0
Portugal,2024-02-26,5,0,0,0,0,0,0,0,0,0,0,0,0,0,0,0,5,0,0
Portugal,2024-03-11,16,1,0,0,0,0,0,0,0,0,0,0,0,0,0,0,15,0,0
Portugal,2024-03-25,2,0,0,0,0,0,0,0,0,0,0,0,0,0,0,0,2,0,0
Portugal,2024-04-08,17,1,0,0,0,0,0,0,0,0,0,0,0,0,0,0,16,0,0
Portugal,2024-04-22,26,0,0,0,0,0,0,0,0,0,0,0,0,0,0,0,26,0,0
Portugal,2024-05-06,87,1,0,0,0,0,0,0,0,0,0,0,0,0,0,0,86,0,0
Portugal,2024-07-01,146,0,0,0,0,0,0,0,0,0,0,0,0,0,0,0,146,0,0
Portugal,2024-07-15,112,1,0,0,0,0,0,0,0,0,0,0,0,0,0,0,111,0,0
Portugal,2024-07-29,115,0,0,0,0,0,0,0,0,0,0,0,0,0,0,0,115,0,0
Qatar,2020-04-27,128,0,0,0,0,0,0,0,0,0,0,21,0,3,0,0,0,0,104
Qatar,2020-05-11,79,0,0,0,0,0,0,0,0,0,0,13,0,2,0,0,0,0,64
Qatar,2020-05-25,148,0,0,0,0,0,0,0,0,0,0,24,0,3,0,0,0,0,121
Qatar,2020-06-08,107,0,0,0,0,0,0,0,0,0,0,17,0,3,0,0,0,0,87
Qatar,2020-06-22,72,0,0,0,0,0,0,0,0,0,0,11,0,2,0,0,0,0,59
Qatar,2020-07-06,52,0,0,0,0,0,0,0,0,0,0,8,0,1,0,0,0,0,43
Qatar,2020-07-20,6,0,0,0,0,0,0,0,0,0,0,1,0,0,0,0,0,0,5
Qatar,2020-08-03,84,0,0,0,0,0,0,0,0,0,0,14,0,2,0,0,0,0,68
Qatar,2020-08-17,40,0,0,0,0,0,0,0,0,0,0,6,0,1,0,0,0,0,33
Qatar,2020-08-31,6,0,0,0,0,0,0,0,0,0,0,1,0,0,0,0,0,0,5
Qatar,2020-09-14,1,0,0,0,0,0,0,0,0,0,0,0,0,0,0,0,0,0,1
Qatar,2020-09-28,18,0,0,0,0,0,0,0,0,0,0,3,0,0,0,0,0,0,15
Qatar,2020-10-12,19,0,0,0,0,0,0,0,0,0,0,3,0,0,0,0,0,0,16
Qatar,2020-10-26,13,0,0,0,0,0,0,0,0,0,0,2,0,0,0,0,0,0,11
Qatar,2020-11-09,18,0,0,0,0,0,0,0,0,0,0,3,0,0,0,0,0,0,15
Qatar,2020-11-23,16,0,0,0,0,0,0,0,0,0,0,3,0,0,0,0,0,0,13
Qatar,2020-12-21,65,0,0,3,0,3,1,3,6,0,0,13,0,6,0,0,0,1,29
Qatar,2021-01-04,19,0,0,1,0,1,1,7,2,0,0,2,0,2,0,0,0,0,3
Qatar,2021-01-18,5,0,0,0,0,0,1,4,0,0,0,0,0,0,0,0,0,0,0
Qatar,2021-02-01,69,0,1,1,0,6,17,24,4,0,0,2,0,2,0,0,0,0,12
Qatar,2021-02-15,109,0,1,2,0,3,33,49,5,0,0,2,0,2,0,0,0,0,12
Qatar,2021-03-01,78,0,0,0,0,0,37,40,0,0,0,0,0,0,0,0,0,0,1
Qatar,2021-03-15,115,0,0,0,0,0,84,29,1,0,0,0,0,0,0,0,0,0,1
Qatar,2021-03-29,33,0,0,0,0,0,26,4,1,0,0,0,1,0,0,0,0,0,1
Qatar,2021-04-12,227,0,0,0,0,0,154,25,10,29,2,0,1,1,0,1,0,0,4
Qatar,2021-04-26,234,0,0,0,0,0,134,25,11,57,0,0,0,1,0,2,0,0,4
Qatar,2021-05-10,89,0,0,0,0,0,28,14,18,19,0,1,0,2,0,2,0,0,5
Qatar,2021-05-24,59,0,0,0,0,0,10,4,1,44,0,0,0,0,0,0,0,0,0
Qatar,2021-06-07,5,0,0,0,0,0,0,0,0,5,0,0,0,0,0,0,0,0,0
Qatar,2021-07-19,1,0,0,0,0,0,0,0,0,1,0,0,0,0,0,0,0,0,0
Qatar,2021-08-02,173,0,0,0,0,0,0,0,0,173,0,0,0,0,0,0,0,0,0
Qatar,2021-08-16,594,0,0,0,0,0,0,0,0,594,0,0,0,0,0,0,0,0,0
Qatar,2021-08-30,292,0,0,0,0,0,0,0,0,292,0,0,0,0,0,0,0,0,0
Qatar,2021-09-13,126,0,0,0,0,0,0,0,0,126,0,0,0,0,0,0,0,0,0
Qatar,2021-09-27,25,0,0,0,0,0,0,0,0,25,0,0,0,0,0,0,0,0,0
Qatar,2021-10-11,34,0,0,0,0,0,0,1,0,33,0,0,0,0,0,0,0,0,0
Qatar,2021-10-25,51,0,0,0,0,0,0,0,0,51,0,0,0,0,0,0,0,0,0
Qatar,2021-11-08,81,0,0,0,0,0,0,0,0,81,0,0,0,0,0,0,0,0,0
Qatar,2021-11-22,55,0,0,0,0,0,0,0,0,54,0,0,0,0,0,0,1,0,0
Qatar,2021-12-06,97,0,0,0,0,0,0,0,0,84,0,0,0,0,0,0,12,0,1
Qatar,2021-12-20,67,0,0,0,0,0,0,0,0,6,0,0,0,0,0,0,61,0,0
Qatar,2022-01-03,120,0,0,0,0,0,0,0,0,3,0,0,0,0,0,0,117,0,0
Qatar,2022-01-17,52,0,0,0,0,0,0,0,0,0,0,0,0,0,0,0,41,0,11
Qatar,2022-01-31,6,0,0,0,0,0,0,0,0,0,0,0,0,0,0,0,6,0,0
Qatar,2022-02-28,3,0,0,0,0,0,0,0,0,0,0,0,0,0,0,0,3,0,0
Qatar,2022-03-14,3,0,0,0,0,0,0,0,0,0,0,0,0,0,0,0,3,0,0
Qatar,2022-03-28,3,0,0,0,0,0,0,0,0,0,0,0,0,0,0,0,3,0,0
Qatar,2022-04-11,1,0,0,0,0,0,0,0,0,0,0,0,0,0,0,0,1,0,0
Qatar,2022-04-25,8,0,0,0,0,0,0,0,0,0,0,0,0,0,0,0,8,0,0
Qatar,2022-05-09,33,0,0,0,0,0,0,0,0,0,0,0,0,0,0,0,33,0,0
Qatar,2022-05-23,20,0,0,0,0,0,0,0,0,0,0,0,0,0,0,0,20,0,0
Qatar,2022-06-06,96,0,0,0,0,0,0,0,0,0,0,0,0,0,0,0,96,0,0
Qatar,2022-06-20,38,0,0,0,0,0,0,0,0,0,0,0,0,0,0,0,38,0,0
Qatar,2022-07-04,93,0,0,0,0,0,0,0,0,0,0,0,0,0,0,0,93,0,0
Qatar,2022-07-18,171,0,0,0,0,0,0,0,0,0,0,0,0,0,0,0,171,0,0
Qatar,2022-08-01,160,0,0,0,0,0,0,0,0,0,0,0,0,0,0,0,160,0,0
Qatar,2022-08-15,51,0,0,0,0,0,0,0,0,0,0,0,0,0,0,0,51,0,0
Qatar,2022-08-29,125,0,0,0,0,0,0,0,0,0,0,0,0,0,0,0,125,0,0
Qatar,2022-09-12,153,0,0,0,0,0,0,0,0,0,0,0,0,0,0,0,153,0,0
Qatar,2022-09-26,147,1,0,0,0,0,0,0,0,0,0,0,0,0,0,0,146,0,0
Qatar,2022-10-10,83,1,0,0,0,0,0,0,0,0,0,0,0,0,0,0,82,0,0
Qatar,2023-02-27,1,0,0,0,0,0,0,0,0,0,0,0,0,0,0,0,1,0,0
Qatar,2023-07-31,13,0,0,0,0,0,0,0,0,0,0,0,0,0,0,0,13,0,0
Qatar,2023-08-28,1,0,0,0,0,0,0,0,0,0,0,0,0,0,0,0,1,0,0
Qatar,2023-09-25,33,1,0,0,0,0,0,0,0,0,0,0,0,0,0,0,32,0,0
Qatar,2023-10-09,19,2,0,0,0,0,0,0,0,0,0,0,0,0,0,0,17,0,0
Qatar,2023-10-23,39,7,0,0,0,0,0,0,0,0,0,0,0,0,0,0,32,0,0
Qatar,2023-11-06,39,11,0,0,0,0,0,0,0,0,0,0,0,0,0,0,28,0,0
Qatar,2023-11-20,19,3,0,0,0,0,0,0,0,0,0,0,0,0,0,0,16,0,0
Qatar,2024-03-11,9,1,0,0,0,0,0,0,0,0,0,0,0,0,0,0,8,0,0
Qatar,2024-03-25,17,0,0,0,0,0,0,0,0,0,0,0,0,0,0,0,17,0,0
Romania,2020-04-27,34,0,2,0,0,0,0,0,0,0,0,0,0,0,0,0,0,0,32
Romania,2020-05-11,17,0,1,0,0,0,0,0,0,0,0,0,0,0,0,0,0,0,16
Romania,2020-05-25,18,0,1,0,0,0,0,0,0,0,0,0,0,0,0,0,0,0,17
Romania,2020-06-08,17,0,2,0,0,0,0,0,0,0,0,0,0,0,0,0,0,0,15
Romania,2020-06-22,10,0,10,0,0,0,0,0,0,0,0,0,0,0,0,0,0,0,0
Romania,2020-07-06,23,0,12,0,0,0,0,0,0,0,0,0,0,0,0,0,0,0,11
Romania,2020-07-20,83,0,59,0,0,0,0,0,0,0,0,0,0,0,0,0,0,0,24
Romania,2020-08-03,15,0,8,0,0,0,0,0,0,0,0,0,0,0,0,0,0,0,7
Romania,2020-08-17,79,0,52,0,0,0,0,0,0,0,0,0,0,0,0,0,0,0,27
Romania,2020-08-31,51,0,27,0,0,0,0,0,0,0,0,0,0,0,0,0,0,0,24
Romania,2020-09-14,67,0,41,0,0,1,0,0,0,0,0,0,0,0,0,0,0,0,25
Romania,2020-09-28,18,0,4,0,0,0,0,1,0,0,0,0,0,0,0,0,0,0,13
Romania,2020-10-12,54,0,38,0,0,0,0,0,0,0,0,0,0,0,0,0,0,0,16
Romania,2020-10-26,84,0,67,0,0,2,0,1,0,0,0,0,0,0,0,0,0,0,14
Romania,2020-11-09,134,0,105,0,0,4,0,0,0,0,0,0,0,0,0,0,0,0,25
Romania,2020-11-23,172,0,93,0,0,7,0,0,0,0,0,0,0,0,0,0,0,0,72
Romania,2020-12-07,99,0,56,0,0,12,0,1,0,0,0,0,0,0,0,0,0,0,30
Romania,2020-12-21,99,0,64,0,0,14,0,0,0,0,0,0,0,0,0,0,0,0,21
Romania,2021-01-04,112,0,56,0,0,11,0,16,0,0,0,0,0,0,0,0,0,0,29
Romania,2021-01-18,108,0,30,0,0,21,0,47,0,0,0,0,0,0,0,0,0,0,10
Romania,2021-02-01,160,0,35,0,0,4,0,110,0,0,0,0,1,0,0,0,0,0,10
Romania,2021-02-15,237,0,23,0,0,12,0,195,1,0,0,0,1,0,0,0,0,0,5
Romania,2021-03-01,311,0,22,1,0,8,0,265,1,0,0,0,2,0,0,0,0,0,12
Romania,2021-03-15,223,0,7,0,0,3,1,207,0,1,0,0,2,0,0,0,0,0,2
Romania,2021-03-29,310,0,5,1,0,1,1,287,1,9,0,0,2,0,0,0,0,0,3
Romania,2021-04-12,169,0,1,1,0,0,1,161,1,0,0,0,1,2,0,0,0,0,1
Romania,2021-04-26,152,0,0,0,0,0,2,133,2,12,1,0,1,0,0,0,0,0,1
Romania,2021-05-10,118,0,0,0,0,0,2,107,4,5,0,0,0,0,0,0,0,0,0
Romania,2021-05-24,139,0,2,0,0,0,1,114,4,18,0,0,0,0,0,0,0,0,0
Romania,2021-06-07,106,0,0,0,0,0,0,86,3,17,0,0,0,0,0,0,0,0,0
Romania,2021-06-21,59,0,0,0,0,1,0,24,0,33,0,0,0,0,0,0,0,0,1
Romania,2021-07-05,52,0,0,0,0,0,0,8,0,44,0,0,0,0,0,0,0,0,0
Romania,2021-07-19,176,0,0,0,0,0,0,17,0,158,0,0,0,0,0,1,0,0,0
Romania,2021-08-02,298,0,0,0,0,0,0,4,0,294,0,0,0,0,0,0,0,0,0
Romania,2021-08-16,368,0,0,0,0,0,0,3,0,365,0,0,0,0,0,0,0,0,0
Romania,2021-08-30,850,0,0,0,0,0,0,1,0,849,0,0,0,0,0,0,0,0,0
Romania,2021-09-13,1045,0,0,0,0,0,0,0,0,1045,0,0,0,0,0,0,0,0,0
Romania,2021-09-27,1071,0,0,0,0,0,0,0,0,1071,0,0,0,0,0,0,0,0,0
Romania,2021-10-11,679,0,0,0,0,0,0,0,0,679,0,0,0,0,0,0,0,0,0
Romania,2021-10-25,425,0,0,0,0,0,0,0,0,425,0,0,0,0,0,0,0,0,0
Romania,2021-11-08,267,0,0,0,0,0,0,0,0,267,0,0,0,0,0,0,0,0,0
Romania,2021-11-22,145,0,0,0,0,0,0,0,0,141,0,0,0,0,0,0,4,0,0
Romania,2021-12-06,246,0,0,0,0,0,0,0,0,227,0,0,0,0,0,0,19,0,0
Romania,2021-12-20,342,0,0,0,0,0,0,0,0,168,0,0,0,0,0,0,174,0,0
Romania,2022-01-03,802,0,0,0,0,0,0,0,0,126,0,0,0,0,0,0,676,0,0
Romania,2022-01-17,809,1,0,0,0,0,0,0,0,35,0,0,0,0,0,0,773,0,0
Romania,2022-01-31,812,1,0,0,0,0,0,0,0,27,0,0,0,0,0,0,784,0,0
Romania,2022-02-14,757,1,0,0,0,0,0,0,0,3,0,0,0,0,0,0,753,0,0
Romania,2022-02-28,528,1,0,0,0,0,0,0,0,0,0,0,0,0,0,0,527,0,0
Romania,2022-03-14,571,1,0,0,0,0,0,0,0,1,0,0,0,0,0,0,569,0,0
Romania,2022-03-28,478,0,0,0,0,0,0,0,0,0,0,0,0,0,0,0,478,0,0
Romania,2022-04-11,242,5,0,0,0,0,0,0,0,0,0,0,0,0,0,0,237,0,0
Romania,2022-04-25,134,1,0,0,0,0,0,0,0,0,0,0,0,0,0,0,133,0,0
Romania,2022-05-09,142,1,0,0,0,0,0,0,0,0,0,0,0,0,0,0,141,0,0
Romania,2022-05-23,115,2,0,0,0,0,0,0,0,0,0,0,0,0,0,0,113,0,0
Romania,2022-06-06,120,0,0,0,0,0,0,0,0,0,0,0,0,0,0,0,120,0,0
Romania,2022-06-20,127,1,0,0,0,0,0,0,0,0,0,0,0,0,0,0,126,0,0
Romania,2022-07-04,423,0,0,0,0,0,0,0,0,0,0,0,0,0,0,0,423,0,0
Romania,2022-07-18,604,5,0,0,0,0,0,0,0,0,0,0,0,0,0,0,599,0,0
Romania,2022-08-01,553,1,0,0,0,0,0,0,0,0,0,0,0,0,0,0,552,0,0
Romania,2022-08-15,307,1,0,0,0,0,0,0,0,0,0,0,0,0,0,0,306,0,0
Romania,2022-08-29,295,0,0,0,0,0,0,0,0,0,0,0,0,0,0,0,295,0,0
Romania,2022-09-12,150,0,0,0,0,0,0,0,0,0,0,0,0,0,0,0,150,0,0
Romania,2022-09-26,139,2,0,0,0,0,0,0,0,0,0,0,0,0,0,0,137,0,0
Romania,2022-10-10,125,1,0,0,0,0,0,0,0,0,0,0,0,0,0,0,124,0,0
Romania,2022-10-24,82,0,0,0,0,0,0,0,0,0,0,0,0,0,0,0,82,0,0
Romania,2022-11-07,123,0,0,0,0,0,0,0,0,0,0,0,0,0,0,0,123,0,0
Romania,2022-11-21,60,0,0,0,0,0,0,0,0,0,0,0,0,0,0,0,60,0,0
Romania,2022-12-05,113,0,0,0,0,0,0,0,0,0,0,0,0,0,0,0,113,0,0
Romania,2022-12-19,93,1,0,0,0,0,0,0,0,0,0,0,0,0,0,0,92,0,0
Romania,2023-01-02,142,1,0,0,0,0,0,0,0,0,0,0,0,0,0,0,141,0,0
Romania,2023-01-16,116,5,0,0,0,0,0,0,0,0,0,0,0,0,0,0,111,0,0
Romania,2023-01-30,136,5,0,0,0,0,0,0,0,0,0,0,0,0,0,0,131,0,0
Romania,2023-02-13,165,4,0,0,0,0,0,0,0,0,0,0,0,0,0,0,161,0,0
Romania,2023-02-27,165,6,0,0,0,0,0,0,0,0,0,0,0,0,0,0,159,0,0
Romania,2023-03-13,139,3,0,0,0,0,0,0,0,0,0,0,0,0,0,0,136,0,0
Romania,2023-03-27,145,3,0,0,0,0,0,0,0,0,0,0,0,0,0,0,142,0,0
Romania,2023-04-10,127,1,0,0,0,0,0,0,0,0,0,0,0,0,0,0,126,0,0
Romania,2023-04-24,110,0,0,0,0,0,0,0,0,0,0,0,0,0,0,0,110,0,0
Romania,2023-05-08,74,1,0,0,0,0,0,0,0,0,0,0,0,0,0,0,73,0,0
Romania,2023-05-22,41,0,0,0,0,0,0,0,0,0,0,0,0,0,0,0,41,0,0
Romania,2023-06-05,27,0,0,0,0,0,0,0,0,0,0,0,0,0,0,0,27,0,0
Romania,2023-06-19,16,0,0,0,0,0,0,0,0,0,0,0,0,0,0,0,16,0,0
Romania,2023-07-03,16,0,0,0,0,0,0,0,0,0,0,0,0,0,0,0,16,0,0
Romania,2023-07-17,12,0,0,0,0,0,0,0,0,0,0,0,0,0,0,0,12,0,0
Romania,2023-07-31,19,0,0,0,0,0,0,0,0,0,0,0,0,0,0,0,19,0,0
Romania,2023-08-14,67,2,0,0,0,0,0,0,0,0,0,0,0,0,0,0,65,0,0
Romania,2023-08-28,70,1,0,0,0,0,0,0,0,0,0,0,0,0,0,0,69,0,0
Romania,2023-09-11,83,0,0,0,0,0,0,0,0,0,0,0,0,0,0,0,83,0,0
Romania,2023-09-25,171,2,0,0,0,0,0,0,0,0,0,0,0,0,0,0,169,0,0
Romania,2023-10-09,85,1,0,0,0,0,0,0,0,0,0,0,0,0,0,0,84,0,0
Romania,2023-10-23,34,0,0,0,0,0,0,0,0,0,0,0,0,0,0,0,34,0,0
Romania,2023-11-06,18,0,0,0,0,0,0,0,0,0,0,0,0,0,0,0,18,0,0
Romania,2023-11-20,17,0,0,0,0,0,0,0,0,0,0,0,0,0,0,0,17,0,0
Romania,2023-12-04,10,0,0,0,0,0,0,0,0,0,0,0,0,0,0,0,10,0,0
Romania,2023-12-18,3,0,0,0,0,0,0,0,0,0,0,0,0,0,0,0,3,0,0
Romania,2024-01-01,25,0,0,0,0,0,0,0,0,0,0,0,0,0,0,0,25,0,0
Romania,2024-01-15,21,0,0,0,0,0,0,0,0,0,0,0,0,0,0,0,21,0,0
Romania,2024-01-29,19,1,0,0,0,0,0,0,0,0,0,0,0,0,0,0,18,0,0
Romania,2024-02-12,7,0,0,0,0,0,0,0,0,0,0,0,0,0,0,0,7,0,0
Romania,2024-02-26,6,0,0,0,0,0,0,0,0,0,0,0,0,0,0,0,6,0,0
Romania,2024-03-11,6,0,0,0,0,0,0,0,0,0,0,0,0,0,0,0,6,0,0
Romania,2024-03-25,3,0,0,0,0,0,0,0,0,0,0,0,0,0,0,0,3,0,0
Romania,2024-04-08,12,0,0,0,0,0,0,0,0,0,0,0,0,0,0,0,12,0,0
Romania,2024-05-06,2,0,0,0,0,0,0,0,0,0,0,0,0,0,0,0,2,0,0
Romania,2024-07-01,7,0,0,0,0,0,0,0,0,0,0,0,0,0,0,0,7,0,0
Romania,2024-07-15,20,0,0,0,0,0,0,0,0,0,0,0,0,0,0,0,20,0,0
Romania,2024-07-29,31,0,0,0,0,0,0,0,0,0,0,0,0,0,0,0,31,0,0
Russia,2020-04-27,66,0,0,0,0,0,0,0,0,0,0,11,0,0,0,0,0,1,54
Russia,2020-05-11,140,0,0,0,0,0,0,0,0,0,0,23,0,0,0,0,0,3,114
Russia,2020-05-25,252,0,0,0,0,0,0,0,0,0,0,40,0,0,0,0,0,6,206
Russia,2020-06-08,109,0,0,0,0,0,0,0,0,0,0,18,0,0,0,0,0,2,89
Russia,2020-06-22,81,0,0,0,0,0,0,0,0,0,0,13,0,0,0,0,0,2,66
Russia,2020-07-06,84,0,0,0,0,0,0,0,0,0,0,13,0,0,0,0,0,2,69
Russia,2020-07-20,56,0,0,0,0,0,0,0,0,0,0,9,0,0,0,0,0,1,46
Russia,2020-08-03,208,0,0,0,0,0,0,0,0,0,0,33,0,0,0,0,0,5,170
Russia,2020-08-17,312,0,0,0,0,0,0,0,0,0,0,50,0,0,0,0,0,7,255
Russia,2020-08-31,311,0,0,0,0,0,0,0,0,0,0,50,0,0,0,0,0,7,254
Russia,2020-09-14,393,0,0,0,0,0,0,0,0,0,0,63,0,0,0,0,0,9,321
Russia,2020-09-28,592,0,2,1,0,0,0,0,0,0,0,1,0,0,0,0,0,1,587
Russia,2020-10-12,351,0,1,1,0,0,0,0,0,0,0,0,0,0,0,0,0,1,348
Russia,2020-10-26,288,0,0,0,0,0,0,0,0,0,0,46,0,0,0,0,0,7,235
Russia,2020-11-09,422,0,0,0,0,0,0,0,0,0,0,68,0,0,0,0,0,10,344
Russia,2020-11-23,181,0,0,0,0,0,0,0,0,0,0,29,0,0,0,0,0,4,148
Russia,2020-12-07,233,0,0,0,0,0,0,0,0,0,0,38,0,0,0,0,0,5,190
Russia,2020-12-21,267,0,0,62,0,0,0,1,0,0,27,2,0,0,0,34,0,0,141
Russia,2021-01-04,233,0,0,1,6,1,0,0,0,0,0,0,0,0,0,0,0,1,224
Russia,2021-01-18,46,0,0,8,0,0,1,5,0,0,7,0,0,0,0,4,0,0,21
Russia,2021-02-01,282,0,0,53,0,0,1,8,0,0,46,1,0,0,0,29,0,0,144
Russia,2021-02-15,274,0,0,49,0,1,5,22,0,1,35,3,0,0,0,16,0,0,142
Russia,2021-03-01,353,0,0,58,0,0,7,58,0,1,50,1,1,0,0,32,0,0,145
Russia,2021-03-15,310,0,0,45,0,0,6,76,0,0,38,1,0,0,0,24,0,0,120
Russia,2021-03-29,539,0,1,78,0,0,6,129,1,1,67,2,0,0,1,43,0,0,210
Russia,2021-04-12,881,0,0,32,0,0,17,221,0,14,137,3,7,1,0,84,0,0,365
Russia,2021-04-26,430,0,0,8,0,0,9,77,2,47,10,15,4,0,0,51,0,1,206
Russia,2021-05-10,489,0,0,2,0,0,7,74,0,224,2,2,4,0,0,80,0,0,94
Russia,2021-05-24,602,0,0,1,0,0,5,49,0,386,1,0,1,0,0,86,0,0,73
Russia,2021-06-07,1108,0,0,0,0,0,3,16,0,1014,0,0,4,0,0,26,0,0,45
Russia,2021-06-21,703,0,0,0,0,0,0,12,0,676,0,0,0,0,0,8,0,0,7
Russia,2021-07-05,939,0,0,0,0,0,1,3,0,922,0,0,0,0,0,4,0,0,9
Russia,2021-07-19,650,0,0,0,0,0,0,2,0,637,0,0,0,0,0,3,0,0,8
Russia,2021-08-02,747,0,0,0,0,0,0,0,0,738,0,0,0,0,0,1,0,0,8
Russia,2021-08-16,697,0,0,0,0,0,0,0,0,694,0,0,0,0,0,0,0,0,3
Russia,2021-08-30,498,0,0,0,0,0,0,0,0,496,0,0,0,0,0,0,0,0,2
Russia,2021-09-13,779,0,0,0,0,0,0,0,0,778,0,0,0,0,0,0,0,0,1
Russia,2021-09-27,674,0,0,0,0,0,0,0,0,674,0,0,0,0,0,0,0,0,0
Russia,2021-10-11,1170,0,0,0,0,0,0,0,0,1170,0,0,0,0,0,0,0,0,0
Russia,2021-10-25,1239,0,0,0,0,0,0,0,0,1239,0,0,0,0,0,0,0,0,0
Russia,2021-11-08,1144,0,0,0,0,0,0,1,0,1142,0,0,0,0,0,0,0,0,1
Russia,2021-11-22,1380,0,0,0,0,0,0,0,0,1367,0,0,0,0,0,0,12,0,1
Russia,2021-12-06,3211,0,0,0,0,0,0,0,0,3128,0,0,0,0,0,0,83,0,0
Russia,2021-12-20,2953,0,0,0,0,0,0,0,0,2624,0,0,0,0,0,0,329,0,0
Russia,2022-01-03,2622,0,0,0,0,0,0,0,0,1143,0,0,0,0,0,0,1478,0,1
Russia,2022-01-17,1525,0,0,0,0,0,0,0,0,141,0,0,0,0,0,0,1381,0,3
Russia,2022-01-31,1134,1,0,0,0,0,0,0,0,22,0,0,0,0,0,0,1111,0,0
Russia,2022-02-14,1148,0,0,0,0,0,0,0,0,8,0,0,0,0,0,0,1140,0,0
Russia,2022-02-28,713,5,0,0,0,0,0,0,0,2,0,0,0,0,0,0,706,0,0
Russia,2022-03-14,335,7,0,0,0,0,0,0,0,0,0,0,0,0,0,0,328,0,0
Russia,2022-03-28,385,9,0,0,0,0,0,0,0,1,0,0,0,0,0,0,375,0,0
Russia,2022-04-11,281,8,0,0,0,0,0,0,0,1,0,0,0,0,0,0,272,0,0
Russia,2022-04-25,260,8,0,0,0,0,0,0,0,0,0,0,0,0,0,0,252,0,0
Russia,2022-05-09,257,14,0,0,0,0,0,0,0,0,0,0,0,0,0,0,243,0,0
Russia,2022-05-23,182,11,0,0,0,0,0,0,0,0,0,0,0,0,0,0,171,0,0
Russia,2022-06-06,129,4,0,0,0,0,0,0,0,0,0,0,0,0,0,0,125,0,0
Russia,2022-06-20,432,17,0,0,0,0,0,0,0,1,0,0,0,0,0,0,414,0,0
Russia,2022-07-04,1486,20,0,0,0,0,0,0,0,1,0,0,0,0,0,0,1465,0,0
Russia,2022-07-18,3190,17,0,0,0,0,0,0,0,0,0,0,0,0,0,0,3173,0,0
Russia,2022-08-01,3653,30,0,0,0,0,0,0,0,1,0,0,0,0,0,0,3622,0,0
Russia,2022-08-15,3665,23,0,0,0,0,0,0,0,0,0,0,0,0,0,0,3642,0,0
Russia,2022-08-29,3545,10,0,0,0,0,0,0,0,0,0,0,0,0,0,0,3535,0,0
Russia,2022-09-12,3098,7,0,0,0,0,0,0,0,0,0,0,0,0,0,0,3091,0,0
Russia,2022-09-26,2254,9,0,0,0,0,0,0,0,0,0,0,0,0,0,0,2245,0,0
Russia,2022-10-10,1602,1,0,0,0,0,0,0,0,0,0,0,0,0,0,0,1601,0,0
Russia,2022-10-24,1114,1,0,0,0,0,0,0,0,0,0,0,0,0,0,0,1113,0,0
Russia,2022-11-07,1336,1,0,0,0,0,0,0,0,0,0,0,0,0,0,0,1335,0,0
Russia,2022-11-21,1722,0,0,0,0,0,0,0,0,0,0,0,0,0,0,0,1722,0,0
Russia,2022-12-05,882,0,0,0,0,0,0,0,0,0,0,0,0,0,0,0,882,0,0
Russia,2022-12-19,204,1,0,0,0,0,0,0,0,0,0,0,0,0,0,0,203,0,0
Russia,2023-01-02,324,3,0,0,0,0,0,0,0,0,0,0,0,0,0,0,321,0,0
Russia,2023-01-16,630,2,0,0,0,0,0,0,0,1,0,0,0,0,0,0,627,0,0
Russia,2023-01-30,998,6,0,0,0,0,0,0,0,0,0,0,0,0,0,0,992,0,0
Russia,2023-02-13,464,0,0,0,0,0,0,0,0,0,0,0,0,0,0,0,464,0,0
Russia,2023-02-27,429,0,0,0,0,0,0,0,0,0,0,0,0,0,0,0,429,0,0
Russia,2023-03-13,610,0,0,0,0,0,0,0,0,0,0,0,0,0,0,0,610,0,0
Russia,2023-03-27,423,0,0,0,0,0,0,0,0,0,0,0,0,0,0,0,423,0,0
Russia,2023-04-10,475,2,0,0,0,0,0,0,0,0,0,0,0,0,0,0,473,0,0
Russia,2023-04-24,347,4,0,0,0,0,0,0,0,0,0,0,0,0,0,0,343,0,0
Russia,2023-05-08,188,1,0,0,0,0,0,0,0,0,0,0,0,0,0,0,187,0,0
Russia,2023-05-22,153,0,0,0,0,0,0,0,0,0,0,0,0,0,0,0,153,0,0
Russia,2023-06-05,92,0,0,0,0,0,0,0,0,0,0,0,0,0,0,0,92,0,0
Russia,2023-06-19,82,1,0,0,0,0,0,0,0,0,0,0,0,0,0,0,81,0,0
Russia,2023-07-03,52,0,0,0,0,0,0,0,0,0,0,0,0,0,0,0,52,0,0
Russia,2023-07-17,50,0,0,0,0,0,0,0,0,0,0,0,0,0,0,0,50,0,0
Russia,2023-07-31,37,0,0,0,0,0,0,0,0,0,0,0,0,0,0,0,37,0,0
Russia,2023-08-14,63,0,0,0,0,0,0,0,0,0,0,0,0,0,0,0,63,0,0
Russia,2023-08-28,186,1,0,0,0,0,0,0,0,0,0,0,0,0,0,0,185,0,0
Russia,2023-09-11,319,1,0,0,0,0,0,0,0,0,0,0,0,0,0,0,318,0,0
Russia,2023-09-25,734,2,0,0,0,0,0,0,0,0,0,0,0,0,0,0,732,0,0
Russia,2023-10-09,878,4,0,1,0,0,0,0,0,0,0,0,0,0,0,0,873,0,0
Russia,2023-10-23,1006,4,0,0,0,0,0,0,0,0,0,0,0,0,0,0,1002,0,0
Russia,2023-11-06,1252,14,0,0,0,0,0,0,0,0,0,0,0,0,0,0,1237,0,1
Russia,2023-11-20,1036,34,0,0,0,0,0,0,0,0,0,0,0,0,0,0,1002,0,0
Russia,2023-12-04,507,13,0,0,0,0,0,0,0,0,0,0,0,0,0,0,494,0,0
Russia,2023-12-18,38,0,0,0,0,0,0,0,0,0,0,0,0,0,0,0,38,0,0
Russia,2024-01-01,132,5,0,0,0,0,0,0,0,0,0,0,0,0,0,0,127,0,0
Russia,2024-01-15,252,9,0,0,0,0,0,0,0,0,0,0,0,0,0,0,243,0,0
Russia,2024-01-29,381,5,0,0,0,0,0,0,0,0,0,0,0,0,0,0,376,0,0
Russia,2024-02-12,222,2,0,0,0,0,0,0,0,0,0,0,0,0,0,0,220,0,0
Russia,2024-02-26,86,3,0,0,0,0,0,0,0,0,0,0,0,0,0,0,83,0,0
Russia,2024-03-11,209,3,0,0,0,0,0,0,0,0,0,0,0,0,0,0,206,0,0
Russia,2024-03-25,217,1,0,0,0,0,0,0,0,0,0,0,0,0,0,0,216,0,0
Russia,2024-04-08,222,1,0,0,0,0,0,0,0,0,0,0,0,0,0,0,221,0,0
Russia,2024-04-22,178,7,0,0,0,0,0,0,0,0,0,0,0,0,0,0,171,0,0
Russia,2024-05-06,188,4,0,0,0,0,0,0,0,0,0,0,0,0,0,0,184,0,0
Russia,2024-07-01,129,8,0,0,0,0,0,0,0,0,0,0,0,0,0,0,121,0,0
Russia,2024-07-15,94,12,0,0,0,0,0,0,0,0,0,0,0,0,0,0,82,0,0
Russia,2024-07-29,141,16,0,0,0,0,0,0,0,0,0,0,0,0,0,0,125,0,0
Rwanda,2020-05-25,1,0,0,0,0,0,0,0,0,0,0,0,0,0,0,0,0,0,1
Rwanda,2020-06-08,1,0,0,0,0,0,0,0,0,0,0,0,0,0,0,0,0,0,1
Rwanda,2020-07-20,2,0,0,0,0,0,0,0,0,0,0,0,0,0,0,0,0,0,2
Rwanda,2020-08-03,11,0,0,0,0,0,0,0,0,0,0,2,0,0,0,0,0,0,9
Rwanda,2020-08-17,59,0,0,0,0,0,0,0,0,0,0,9,0,2,0,0,0,1,47
Rwanda,2020-08-31,3,0,0,0,0,0,0,0,0,0,0,1,0,0,0,0,0,0,2
Rwanda,2020-10-12,10,0,0,0,0,0,0,0,0,0,0,2,0,0,0,0,0,0,8
Rwanda,2020-10-26,8,0,0,0,0,0,0,0,0,0,0,1,0,0,0,0,0,0,7
Rwanda,2020-11-23,2,0,0,0,0,0,0,0,0,0,0,0,0,0,0,0,0,0,2
Rwanda,2020-12-07,46,0,0,0,0,0,0,0,0,0,0,7,0,1,0,0,0,1,37
Rwanda,2020-12-21,24,0,2,1,0,0,1,1,1,0,0,2,0,1,0,0,0,0,15
Rwanda,2021-01-04,48,0,11,0,0,1,2,1,0,0,0,1,0,0,0,0,0,0,32
Rwanda,2021-01-18,37,0,1,1,0,0,7,1,2,0,0,2,5,0,0,0,0,0,18
Rwanda,2021-02-01,17,0,2,0,0,0,5,0,1,0,0,0,0,0,0,0,0,0,9
Rwanda,2021-02-15,17,0,1,0,0,0,10,0,1,0,0,0,0,0,0,0,0,0,5
Rwanda,2021-03-01,2,0,0,0,0,0,0,0,0,0,0,0,0,0,0,0,0,0,2
Rwanda,2021-03-15,17,0,2,0,0,0,3,0,0,1,0,0,0,0,0,0,0,0,11
Rwanda,2021-03-29,7,0,0,0,0,0,0,0,0,0,0,1,0,0,0,0,0,0,6
Rwanda,2021-04-12,5,0,1,0,0,0,1,0,0,0,0,0,0,0,0,0,0,0,3
Rwanda,2021-04-26,6,0,1,0,0,0,1,0,0,0,0,0,0,0,0,0,0,0,4
Rwanda,2021-05-10,5,0,0,0,0,0,1,2,0,1,0,0,0,0,0,0,0,0,1
Rwanda,2021-05-24,1,0,0,0,0,0,1,0,0,0,0,0,0,0,0,0,0,0,0
Rwanda,2021-06-07,47,0,0,0,0,0,3,0,1,38,0,0,0,0,0,0,0,0,5
Rwanda,2021-06-21,80,0,0,0,0,0,11,2,3,62,0,0,0,0,0,1,0,0,1
Rwanda,2021-07-05,50,0,0,0,0,0,5,0,0,43,0,0,0,0,0,0,0,0,2
Rwanda,2021-07-19,52,0,0,0,0,0,0,3,0,49,0,0,0,0,0,0,0,0,0
Rwanda,2021-08-02,10,0,0,0,0,0,0,0,0,10,0,0,0,0,0,0,0,0,0
Rwanda,2021-08-16,13,0,0,0,0,0,0,0,0,12,0,0,0,0,0,0,0,0,1
Rwanda,2021-08-30,2,0,0,0,0,0,0,0,0,2,0,0,0,0,0,0,0,0,0
Rwanda,2021-10-11,1,0,0,0,0,0,0,0,0,1,0,0,0,0,0,0,0,0,0
Rwanda,2021-10-25,2,0,0,0,0,0,0,0,0,2,0,0,0,0,0,0,0,0,0
Rwanda,2021-12-06,13,0,0,0,0,0,0,0,0,0,0,0,0,0,0,0,13,0,0
Rwanda,2021-12-20,13,0,0,0,0,0,0,0,0,0,0,0,0,0,0,0,12,0,1
Rwanda,2022-01-03,30,0,0,0,0,0,0,0,0,0,0,0,0,0,0,0,30,0,0
Rwanda,2022-01-17,15,0,0,0,0,0,0,0,0,0,0,0,0,0,0,0,15,0,0
Rwanda,2023-07-03,2,0,0,0,0,0,0,0,0,0,0,0,0,0,0,0,2,0,0
Rwanda,2023-07-17,6,0,0,0,0,0,0,0,0,0,0,0,0,0,0,0,6,0,0
Rwanda,2023-07-31,10,0,0,0,0,0,0,0,0,0,0,0,0,0,0,0,10,0,0
Rwanda,2023-08-14,7,0,0,0,0,0,0,0,0,0,0,0,0,0,0,0,7,0,0
Rwanda,2023-08-28,8,1,0,0,0,0,0,0,0,0,0,0,0,0,0,0,7,0,0
Rwanda,2023-09-11,9,2,0,0,0,0,0,0,0,0,0,0,0,0,0,0,7,0,0
Rwanda,2023-09-25,11,1,0,0,0,0,0,0,0,0,0,0,0,0,0,0,10,0,0
Rwanda,2023-10-09,8,0,0,0,0,0,0,0,0,0,0,0,0,0,0,0,8,0,0
Rwanda,2023-10-23,13,0,0,0,0,0,0,0,0,0,0,0,0,0,0,0,13,0,0
Rwanda,2023-11-06,12,0,0,0,0,0,0,0,0,0,0,0,0,0,0,0,12,0,0
Rwanda,2023-11-20,8,0,0,0,0,0,0,0,0,0,0,0,0,0,0,0,8,0,0
Rwanda,2023-12-04,5,0,0,0,0,0,0,0,0,0,0,0,0,0,0,0,5,0,0
Rwanda,2023-12-18,10,1,0,0,0,0,0,0,0,0,0,0,0,0,0,0,9,0,0
Rwanda,2024-01-01,6,0,0,0,0,0,0,0,0,0,0,0,0,0,0,0,6,0,0
Rwanda,2024-01-15,8,0,0,0,0,0,0,0,0,0,0,0,0,0,0,0,8,0,0
Saudi Arabia,2020-04-27,44,0,0,0,0,0,0,0,0,0,0,7,0,1,0,0,0,1,35
Saudi Arabia,2020-05-11,53,0,0,0,0,0,0,0,0,0,0,9,0,1,0,0,0,1,42
Saudi Arabia,2020-05-25,47,0,0,0,0,0,0,0,0,0,0,7,0,1,0,0,0,1,38
Saudi Arabia,2020-06-08,134,0,0,0,0,0,0,0,0,0,0,21,0,3,0,0,0,3,107
Saudi Arabia,2020-06-22,106,0,0,0,0,0,0,0,0,0,0,17,0,3,0,0,0,2,84
Saudi Arabia,2020-07-06,13,0,0,0,0,0,0,0,0,0,0,2,0,0,0,0,0,0,11
Saudi Arabia,2020-07-20,15,0,0,0,0,0,0,0,0,0,0,3,0,0,0,0,0,0,12
Saudi Arabia,2020-08-03,15,0,0,0,0,0,0,0,0,0,0,3,0,0,0,0,0,0,12
Saudi Arabia,2020-08-17,14,0,0,0,0,0,0,0,0,0,0,2,0,1,0,0,0,0,11
Saudi Arabia,2020-11-09,1,0,0,0,0,0,0,0,0,0,0,0,0,0,0,0,0,0,1
Saudi Arabia,2020-11-23,8,0,0,0,0,0,0,0,0,0,0,1,0,0,0,0,0,0,7
Saudi Arabia,2020-12-07,8,0,0,0,0,0,0,0,0,0,0,1,0,0,0,0,0,0,7
Saudi Arabia,2020-12-21,2,0,0,0,0,0,0,0,0,0,0,0,0,0,0,0,0,0,2
Saudi Arabia,2021-01-04,5,0,0,0,0,0,0,0,0,0,0,1,0,0,0,0,0,0,4
Saudi Arabia,2021-01-18,9,0,0,0,0,0,0,0,0,0,0,2,0,0,0,0,0,0,7
Saudi Arabia,2021-02-01,92,0,0,0,0,0,0,0,0,0,0,15,0,2,0,0,0,2,73
Saudi Arabia,2021-02-15,24,0,0,0,0,0,0,0,0,0,0,4,0,1,0,0,0,0,19
Saudi Arabia,2021-03-29,6,0,0,0,0,0,0,6,0,0,0,0,0,0,0,0,0,0,0
Saudi Arabia,2021-04-12,13,0,1,0,0,1,2,5,0,0,1,0,0,0,0,0,0,0,3
Saudi Arabia,2021-04-26,5,0,1,0,0,1,0,2,0,0,0,0,0,0,0,0,0,0,1
Saudi Arabia,2021-05-10,18,0,1,0,0,0,6,5,1,2,0,0,0,0,0,0,0,0,3
Saudi Arabia,2021-05-24,5,0,1,0,0,0,2,1,0,0,0,0,0,0,0,0,0,0,1
Saudi Arabia,2021-06-07,3,0,0,0,0,0,2,0,0,0,0,0,1,0,0,0,0,0,0
Saudi Arabia,2021-06-21,2,0,0,0,0,0,0,0,0,2,0,0,0,0,0,0,0,0,0
Saudi Arabia,2021-07-05,4,0,0,0,0,0,1,0,0,3,0,0,0,0,0,0,0,0,0
Saudi Arabia,2021-07-19,1,0,0,0,0,0,0,0,0,1,0,0,0,0,0,0,0,0,0
Saudi Arabia,2021-08-02,1,0,0,0,0,0,0,0,0,1,0,0,0,0,0,0,0,0,0
Saudi Arabia,2021-08-30,2,0,0,0,0,0,0,0,0,1,0,0,1,0,0,0,0,0,0
Saudi Arabia,2021-11-22,1,0,0,0,0,0,0,0,0,1,0,0,0,0,0,0,0,0,0
Saudi Arabia,2021-12-06,21,0,0,0,0,0,0,0,0,8,0,0,0,0,0,0,13,0,0
Saudi Arabia,2021-12-20,68,0,0,0,0,0,0,0,0,0,0,0,0,0,0,0,68,0,0
Saudi Arabia,2022-01-03,87,0,0,0,0,0,0,0,0,0,0,0,0,0,0,0,87,0,0
Saudi Arabia,2022-01-17,35,0,0,0,0,0,0,0,0,0,0,0,0,0,0,0,35,0,0
Saudi Arabia,2022-01-31,62,0,0,0,0,0,0,0,0,0,0,0,0,0,0,0,62,0,0
Saudi Arabia,2022-02-14,17,0,0,0,0,0,0,0,0,0,0,0,0,0,0,0,17,0,0
Saudi Arabia,2022-02-28,13,0,0,0,0,0,0,0,0,0,0,0,0,0,0,0,13,0,0
Saudi Arabia,2022-03-14,41,0,0,0,0,0,0,0,0,0,0,0,0,0,0,0,41,0,0
Saudi Arabia,2022-03-28,18,0,0,0,0,0,0,0,0,0,0,0,0,0,0,0,18,0,0
Saudi Arabia,2022-04-11,5,0,0,0,0,0,0,0,0,0,0,0,0,0,0,0,5,0,0
Saudi Arabia,2022-04-25,3,0,0,0,0,0,0,0,0,0,0,0,0,0,0,0,3,0,0
Saudi Arabia,2022-05-09,10,1,0,0,0,0,0,0,0,0,0,0,0,0,0,0,9,0,0
Saudi Arabia,2022-06-06,35,0,0,0,0,0,0,0,0,0,0,0,0,0,0,0,35,0,0
Saudi Arabia,2022-06-20,20,0,0,0,0,0,0,0,0,0,0,0,0,0,0,0,20,0,0
Saudi Arabia,2022-07-04,24,0,0,0,0,0,0,0,0,0,0,0,0,0,0,0,24,0,0
Saudi Arabia,2022-07-18,23,0,0,0,0,0,0,0,0,0,0,0,0,0,0,0,23,0,0
Saudi Arabia,2022-08-01,11,0,0,0,0,0,0,0,0,0,0,0,0,0,0,0,11,0,0
Saudi Arabia,2022-08-15,3,0,0,0,0,0,0,0,0,0,0,0,0,0,0,0,3,0,0
Saudi Arabia,2022-08-29,1,0,0,0,0,0,0,0,0,0,0,0,0,0,0,0,1,0,0
Saudi Arabia,2022-09-12,8,0,0,0,0,0,0,0,0,0,0,0,0,0,0,0,8,0,0
Saudi Arabia,2022-09-26,1,0,0,0,0,0,0,0,0,0,0,0,0,0,0,0,1,0,0
Saudi Arabia,2022-10-10,15,0,0,0,0,0,0,0,0,0,0,0,0,0,0,0,15,0,0
Saudi Arabia,2022-10-24,12,0,0,0,0,0,0,0,0,0,0,0,0,0,0,0,12,0,0
Saudi Arabia,2022-11-07,1,0,0,0,0,0,0,0,0,0,0,0,0,0,0,0,1,0,0
Saudi Arabia,2022-11-21,4,0,0,0,0,0,0,0,0,0,0,0,0,0,0,0,4,0,0
Saudi Arabia,2022-12-05,1,0,0,0,0,0,0,0,0,0,0,0,0,0,0,0,1,0,0
Saudi Arabia,2022-12-19,4,1,0,0,0,0,0,0,0,0,0,0,0,0,0,0,3,0,0
Saudi Arabia,2023-01-02,3,0,0,0,0,0,0,0,0,0,0,0,0,0,0,0,3,0,0
Saudi Arabia,2024-04-22,3,0,0,0,0,0,0,0,0,0,0,0,0,0,0,0,3,0,0
Senegal,2020-04-27,14,14,0,0,0,0,0,0,0,0,0,0,0,0,0,0,0,0,0
Senegal,2020-05-11,9,9,0,0,0,0,0,0,0,0,0,0,0,0,0,0,0,0,0
Senegal,2020-05-25,20,20,0,0,0,0,0,0,0,0,0,0,0,0,0,0,0,0,0
Senegal,2020-06-08,100,0,0,1,2,1,0,0,0,0,0,0,0,0,0,0,0,0,96
Senegal,2020-06-22,15,15,0,0,0,0,0,0,0,0,0,0,0,0,0,0,0,0,0
Senegal,2020-07-06,17,17,0,0,0,0,0,0,0,0,0,0,0,0,0,0,0,0,0
Senegal,2020-07-20,27,26,0,0,0,0,0,0,0,0,0,0,0,0,0,0,0,0,1
Senegal,2020-08-03,28,27,0,0,0,0,0,0,0,0,0,0,0,0,0,0,0,0,1
Senegal,2020-08-17,15,15,0,0,0,0,0,0,0,0,0,0,0,0,0,0,0,0,0
Senegal,2020-08-31,5,5,0,0,0,0,0,0,0,0,0,0,0,0,0,0,0,0,0
Senegal,2020-09-14,12,0,0,0,0,2,0,1,0,0,0,0,0,0,0,0,0,0,9
Senegal,2020-09-28,7,0,1,0,0,0,0,0,0,0,0,0,0,0,0,0,0,0,6
Senegal,2020-10-12,5,5,0,0,0,0,0,0,0,0,0,0,0,0,0,0,0,0,0
Senegal,2020-10-26,9,0,0,0,0,1,0,0,0,0,0,0,0,0,0,0,0,0,8
Senegal,2020-11-09,13,0,1,1,0,1,0,0,0,0,0,0,0,0,0,0,0,0,10
Senegal,2020-11-23,24,0,0,0,1,1,0,0,0,0,0,0,0,0,0,0,0,0,22
Senegal,2020-12-07,69,0,2,1,0,0,0,2,0,0,0,2,0,0,0,0,0,1,61
Senegal,2020-12-21,139,0,3,3,0,1,0,4,1,0,0,6,2,0,0,0,0,2,117
Senegal,2021-01-04,103,0,1,3,0,1,1,5,4,0,1,11,1,1,0,0,0,2,72
Senegal,2021-01-18,96,0,0,4,0,0,1,10,11,0,1,13,1,5,0,0,0,2,48
Senegal,2021-02-01,41,0,0,2,0,0,1,9,3,0,0,7,0,4,0,0,0,1,14
Senegal,2021-02-15,32,0,0,2,0,0,0,10,2,0,0,5,0,4,0,0,0,1,8
Senegal,2021-03-01,215,0,1,6,0,1,0,71,20,1,1,22,7,6,0,0,0,3,76
Senegal,2021-03-15,45,0,1,1,0,0,0,26,1,0,0,3,3,1,0,0,0,0,9
Senegal,2021-03-29,59,0,0,0,0,0,0,34,3,3,0,1,13,0,0,0,0,0,5
Senegal,2021-04-12,113,0,1,1,0,0,0,42,3,0,0,5,40,1,0,0,0,1,19
Senegal,2021-04-26,60,0,1,1,0,0,1,11,4,3,0,1,28,0,0,0,0,0,10
Senegal,2021-05-10,75,0,1,0,0,0,0,13,3,2,0,1,48,0,0,0,0,0,7
Senegal,2021-05-24,75,0,0,0,0,0,0,3,9,15,0,0,44,0,0,1,0,0,3
Senegal,2021-06-07,69,0,1,0,0,0,0,4,4,19,0,0,39,0,0,1,0,0,1
Senegal,2021-06-21,136,1,0,0,0,0,0,2,5,96,0,0,25,0,0,4,0,0,3
Senegal,2021-07-05,173,0,0,0,0,0,0,0,0,162,0,0,7,0,0,0,0,0,4
Senegal,2021-07-19,112,0,0,0,0,0,0,0,0,110,0,0,0,0,0,0,0,0,2
Senegal,2021-08-02,108,0,0,0,0,0,0,0,0,95,0,0,0,0,0,1,0,0,12
Senegal,2021-08-16,32,0,0,0,0,0,0,0,0,28,0,0,0,0,0,0,0,0,4
Senegal,2021-08-30,12,0,0,0,0,0,0,0,0,10,0,0,0,0,0,0,0,0,2
Senegal,2021-10-11,2,0,0,0,0,0,0,0,0,2,0,0,0,0,0,0,0,0,0
Senegal,2021-10-25,1,0,0,0,0,0,0,0,0,1,0,0,0,0,0,0,0,0,0
Senegal,2021-11-08,1,1,0,0,0,0,0,0,0,0,0,0,0,0,0,0,0,0,0
Senegal,2021-11-22,4,0,0,0,0,0,0,0,0,1,0,0,0,0,0,0,3,0,0
Senegal,2021-12-06,11,0,0,0,0,0,0,0,0,4,0,0,0,0,0,0,7,0,0
Senegal,2021-12-20,141,0,0,0,0,0,0,0,0,8,0,0,0,0,0,0,133,0,0
Senegal,2022-01-03,255,0,0,0,0,0,0,0,0,0,0,0,0,0,0,0,255,0,0
Senegal,2022-01-17,92,0,0,0,0,0,0,0,0,0,0,0,0,0,0,0,92,0,0
Senegal,2022-01-31,39,0,0,0,0,0,0,0,0,0,0,0,0,0,0,0,39,0,0
Senegal,2022-02-14,39,0,0,0,0,0,0,0,0,0,0,0,0,0,0,0,39,0,0
Senegal,2022-02-28,16,0,0,0,0,0,0,0,0,0,0,0,0,0,0,0,16,0,0
Senegal,2022-03-14,12,0,0,0,0,0,0,0,0,0,0,0,0,0,0,0,12,0,0
Senegal,2022-03-28,4,0,0,0,0,0,0,0,0,0,0,0,0,0,0,0,4,0,0
Senegal,2022-04-11,1,0,0,0,0,0,0,0,0,0,0,0,0,0,0,0,1,0,0
Senegal,2022-04-25,3,0,0,0,0,0,0,0,0,0,0,0,0,0,0,0,3,0,0
Senegal,2022-05-09,8,0,0,0,0,0,0,0,0,0,0,0,0,0,0,0,8,0,0
Senegal,2022-05-23,10,0,0,0,0,0,0,0,0,0,0,0,0,0,0,0,10,0,0
Senegal,2022-06-20,5,0,0,0,0,0,0,0,0,0,0,0,0,0,0,0,5,0,0
Senegal,2022-07-04,30,0,0,0,0,0,0,0,0,0,0,0,0,0,0,0,30,0,0
Senegal,2022-07-18,5,0,0,0,0,0,0,0,0,0,0,0,0,0,0,0,5,0,0
Senegal,2022-08-01,12,0,0,0,0,0,0,0,0,0,0,0,0,0,0,0,12,0,0
Senegal,2022-08-15,1,0,0,0,0,0,0,0,0,0,0,0,0,0,0,0,1,0,0
Senegal,2022-09-12,9,0,0,0,0,0,0,0,0,0,0,0,0,0,0,0,9,0,0
Senegal,2022-09-26,31,0,0,0,0,0,0,0,0,0,0,0,0,0,0,0,31,0,0
Senegal,2022-10-10,1,0,0,0,0,0,0,0,0,0,0,0,0,0,0,0,1,0,0
Senegal,2023-02-13,1,0,0,0,0,0,0,0,0,0,0,0,0,0,0,0,1,0,0
Senegal,2023-02-27,3,0,0,0,0,0,0,0,0,0,0,0,0,0,0,0,3,0,0
Senegal,2023-03-13,8,0,0,0,0,0,0,0,0,0,0,0,0,0,0,0,8,0,0
Senegal,2023-03-27,4,0,0,0,0,0,0,0,0,0,0,0,0,0,0,0,4,0,0
Senegal,2023-04-10,2,0,0,0,0,0,0,0,0,0,0,0,0,0,0,0,2,0,0
Senegal,2023-04-24,2,0,0,0,0,0,0,0,0,0,0,0,0,0,0,0,2,0,0
Senegal,2023-05-08,1,0,0,0,0,0,0,0,0,0,0,0,0,0,0,0,1,0,0
Senegal,2023-07-03,3,0,0,0,0,0,0,0,0,0,0,0,0,0,0,0,3,0,0
Senegal,2023-07-17,2,0,0,0,0,0,0,0,0,0,0,0,0,0,0,0,2,0,0
Senegal,2023-07-31,5,0,0,0,0,0,0,0,0,0,0,0,0,0,0,0,5,0,0
Senegal,2023-08-14,2,0,0,0,0,0,0,0,0,0,0,0,0,0,0,0,2,0,0
Senegal,2023-08-28,1,0,0,0,0,0,0,0,0,0,0,0,0,0,0,0,1,0,0
Senegal,2023-09-25,6,0,0,0,0,0,0,0,0,0,0,0,0,0,0,0,6,0,0
Senegal,2023-10-09,1,0,0,0,0,0,0,0,0,0,0,0,0,0,0,0,1,0,0
Senegal,2023-11-06,2,0,0,0,0,0,0,0,0,0,0,0,0,0,0,0,2,0,0
Senegal,2023-12-04,3,0,0,0,0,0,0,0,0,0,0,0,0,0,0,0,3,0,0
Senegal,2023-12-18,5,0,0,0,0,0,0,0,0,0,0,0,0,0,0,0,5,0,0
Senegal,2024-01-01,7,0,0,0,0,0,0,0,0,0,0,0,0,0,0,0,7,0,0
Senegal,2024-01-15,6,0,0,0,0,0,0,0,0,0,0,0,0,0,0,0,6,0,0
Senegal,2024-01-29,2,0,0,0,0,0,0,0,0,0,0,0,0,0,0,0,2,0,0
Senegal,2024-02-12,1,0,0,0,0,0,0,0,0,0,0,0,0,0,0,0,1,0,0
Senegal,2024-02-26,1,0,0,0,0,0,0,0,0,0,0,0,0,0,0,0,1,0,0
Senegal,2024-03-11,2,0,0,0,0,0,0,0,0,0,0,0,0,0,0,0,2,0,0
Senegal,2024-03-25,1,0,0,0,0,0,0,0,0,0,0,0,0,0,0,0,1,0,0
Senegal,2024-04-22,1,0,0,0,0,0,0,0,0,0,0,0,0,0,0,0,1,0,0
Senegal,2024-05-06,2,0,0,0,0,0,0,0,0,0,0,0,0,0,0,0,2,0,0
Senegal,2024-07-01,6,0,0,0,0,0,0,0,0,0,0,0,0,0,0,0,6,0,0
Senegal,2024-07-15,8,0,0,0,0,0,0,0,0,0,0,0,0,0,0,0,8,0,0
Senegal,2024-07-29,7,0,0,0,0,0,0,0,0,0,0,0,0,0,0,0,7,0,0
Serbia,2020-04-27,30,0,0,0,0,0,0,0,0,0,0,5,0,1,0,0,0,0,24
Serbia,2020-05-11,8,0,0,0,0,0,0,0,0,0,0,1,0,0,0,0,0,0,7
Serbia,2020-05-25,3,0,0,0,0,0,0,0,0,0,0,1,0,0,0,0,0,0,2
Serbia,2020-06-08,11,0,0,0,0,0,0,0,0,0,0,2,0,0,0,0,0,0,9
Serbia,2020-06-22,13,0,0,0,0,0,0,0,0,0,0,2,0,0,0,0,0,0,11
Serbia,2020-07-06,27,0,0,0,0,0,0,0,0,0,0,4,0,1,0,0,0,1,21
Serbia,2020-07-20,33,0,0,0,0,0,0,0,0,0,0,5,0,1,0,0,0,1,26
Serbia,2020-08-03,21,0,0,0,0,0,0,0,0,0,0,3,0,1,0,0,0,0,17
Serbia,2020-08-17,3,0,0,0,0,0,0,0,0,0,0,1,0,0,0,0,0,0,2
Serbia,2020-08-31,2,0,0,0,0,0,0,0,0,0,0,0,0,0,0,0,0,0,2
Serbia,2020-09-14,18,0,2,0,0,0,0,0,0,0,0,0,0,0,0,0,0,0,16
Serbia,2020-09-28,30,0,6,1,0,3,0,0,0,0,0,0,0,0,0,0,0,0,20
Serbia,2020-10-12,18,0,3,0,0,0,0,0,0,0,0,0,0,0,0,0,0,0,15
Serbia,2020-10-26,6,0,0,0,0,0,0,0,0,0,0,1,0,0,0,0,0,0,5
Serbia,2020-11-09,14,0,3,0,0,3,0,0,0,0,0,0,0,0,0,0,0,0,8
Serbia,2020-11-23,13,0,3,0,0,1,0,0,0,0,0,0,0,0,0,0,0,0,9
Serbia,2020-12-07,9,0,2,0,0,0,0,1,0,0,0,0,0,0,0,0,0,0,6
Serbia,2020-12-21,16,0,2,0,0,1,0,0,0,0,0,0,0,0,0,0,0,0,13
Serbia,2021-01-04,20,0,3,1,0,3,0,0,0,0,0,0,0,0,0,0,0,0,13
Serbia,2021-01-18,7,0,0,0,0,1,0,1,0,0,0,1,0,0,0,0,0,0,4
Serbia,2021-02-01,9,0,3,0,0,0,0,2,0,0,0,0,0,0,0,0,0,0,4
Serbia,2021-02-15,14,0,2,0,0,1,0,11,0,0,0,0,0,0,0,0,0,0,0
Serbia,2021-03-01,22,0,2,0,0,0,0,19,0,0,0,0,0,0,0,0,0,0,1
Serbia,2021-03-15,3,0,0,0,0,0,0,3,0,0,0,0,0,0,0,0,0,0,0
Serbia,2021-03-29,8,0,0,0,0,0,0,8,0,0,0,0,0,0,0,0,0,0,0
Serbia,2021-04-12,11,0,0,0,0,0,0,11,0,0,0,0,0,0,0,0,0,0,0
Serbia,2021-04-26,27,0,0,0,0,0,0,26,0,0,0,0,0,0,0,0,0,0,1
Serbia,2021-05-10,34,0,0,0,0,0,0,34,0,0,0,0,0,0,0,0,0,0,0
Serbia,2021-05-24,6,0,0,0,0,0,0,6,0,0,0,0,0,0,0,0,0,0,0
Serbia,2021-06-07,4,0,0,0,0,0,0,4,0,0,0,0,0,0,0,0,0,0,0
Serbia,2021-06-21,10,0,0,0,0,0,0,2,0,8,0,0,0,0,0,0,0,0,0
Serbia,2021-07-05,14,0,0,0,0,0,0,1,0,13,0,0,0,0,0,0,0,0,0
Serbia,2021-07-19,19,0,0,0,0,0,0,0,0,19,0,0,0,0,0,0,0,0,0
Serbia,2021-08-02,10,0,0,0,0,0,0,1,0,9,0,0,0,0,0,0,0,0,0
Serbia,2021-08-16,8,0,0,0,0,0,0,0,0,8,0,0,0,0,0,0,0,0,0
Serbia,2021-08-30,16,0,0,0,0,0,0,0,0,16,0,0,0,0,0,0,0,0,0
Serbia,2021-09-27,25,0,0,0,0,0,0,0,0,25,0,0,0,0,0,0,0,0,0
Serbia,2021-10-11,3,0,0,0,0,0,0,0,0,3,0,0,0,0,0,0,0,0,0
Serbia,2021-10-25,20,0,0,0,0,0,0,0,0,20,0,0,0,0,0,0,0,0,0
Serbia,2021-11-08,2,0,0,0,0,0,0,0,0,2,0,0,0,0,0,0,0,0,0
Serbia,2021-11-22,30,0,0,0,0,0,0,0,0,30,0,0,0,0,0,0,0,0,0
Serbia,2021-12-06,18,0,0,0,0,0,0,0,0,15,0,0,0,0,0,0,3,0,0
Serbia,2021-12-20,20,0,0,0,0,0,0,0,0,5,0,0,0,0,0,0,15,0,0
Serbia,2022-01-03,22,0,0,0,0,0,0,0,0,0,0,0,0,0,0,0,22,0,0
Serbia,2022-01-17,16,0,0,0,0,0,0,0,0,0,0,0,0,0,0,0,16,0,0
Serbia,2022-01-31,3,0,0,0,0,0,0,0,0,0,0,0,0,0,0,0,3,0,0
Serbia,2022-02-14,10,0,0,0,0,0,0,0,0,0,0,0,0,0,0,0,10,0,0
Serbia,2022-02-28,7,0,0,0,0,0,0,0,0,0,0,0,0,0,0,0,7,0,0
Serbia,2022-03-14,3,0,0,0,0,0,0,0,0,0,0,0,0,0,0,0,3,0,0
Serbia,2022-03-28,93,1,0,0,0,0,0,0,0,0,0,0,0,0,0,0,92,0,0
Serbia,2022-04-11,20,0,0,0,0,0,0,0,0,0,0,0,0,0,0,0,20,0,0
Serbia,2022-04-25,106,2,0,0,0,0,0,0,0,0,0,0,0,0,0,0,104,0,0
Serbia,2022-05-09,112,0,0,0,0,0,0,0,0,0,0,0,0,0,0,0,112,0,0
Serbia,2022-05-23,88,0,0,0,0,0,0,0,0,0,0,0,0,0,0,0,88,0,0
Serbia,2022-06-06,109,0,0,0,0,0,0,0,0,0,0,0,0,0,0,0,109,0,0
Serbia,2022-06-20,79,0,0,0,0,0,0,0,0,0,0,0,0,0,0,0,79,0,0
Serbia,2022-07-04,216,1,0,0,0,0,0,0,0,0,0,0,0,0,0,0,215,0,0
Serbia,2022-07-18,50,1,0,0,0,0,0,0,0,0,0,0,0,0,0,0,49,0,0
Serbia,2022-08-01,27,0,0,0,0,0,0,0,0,0,0,0,0,0,0,0,27,0,0
Serbia,2022-08-15,40,0,0,0,0,0,0,0,0,0,0,0,0,0,0,0,40,0,0
Serbia,2022-08-29,94,0,0,0,0,0,0,0,0,0,0,0,0,0,0,0,94,0,0
Serbia,2022-09-12,101,0,0,0,0,0,0,0,0,0,0,0,0,0,0,0,101,0,0
Serbia,2022-09-26,23,1,0,0,0,0,0,0,0,0,0,0,0,0,0,0,22,0,0
Serbia,2022-10-10,45,0,0,0,0,0,0,0,0,0,0,0,0,0,0,0,45,0,0
Serbia,2022-10-24,61,0,0,0,0,0,0,0,0,0,0,0,0,0,0,0,61,0,0
Serbia,2022-11-07,117,1,0,0,0,0,0,0,0,0,0,0,0,0,0,0,116,0,0
Serbia,2022-11-21,35,0,0,0,0,0,0,0,0,0,0,0,0,0,0,0,35,0,0
Serbia,2022-12-19,6,0,0,0,0,0,0,0,0,0,0,0,0,0,0,0,6,0,0
Serbia,2023-01-02,63,1,0,0,0,0,0,0,0,0,0,0,0,0,0,0,62,0,0
Serbia,2023-01-16,65,1,0,0,0,0,0,0,0,0,0,0,0,0,0,0,64,0,0
Seychelles,2020-09-28,1,0,0,0,0,0,0,0,0,0,0,0,0,0,0,0,0,0,1
Seychelles,2020-12-21,1,0,0,0,0,0,0,0,0,0,0,0,0,0,0,0,0,0,1
Seychelles,2021-02-01,3,0,0,0,0,0,3,0,0,0,0,0,0,0,0,0,0,0,0
Seychelles,2021-04-12,3,0,0,0,0,0,2,0,0,0,1,0,0,0,0,0,0,0,0
Seychelles,2021-04-26,1,0,0,0,0,0,1,0,0,0,0,0,0,0,0,0,0,0,0
Seychelles,2021-05-10,20,0,0,0,0,0,12,3,0,5,0,0,0,0,0,0,0,0,0
Seychelles,2021-05-24,43,0,0,0,0,0,5,0,0,38,0,0,0,0,0,0,0,0,0
Seychelles,2021-06-07,15,0,0,0,0,0,0,1,0,14,0,0,0,0,0,0,0,0,0
Seychelles,2021-06-21,7,0,0,0,0,0,0,0,0,7,0,0,0,0,0,0,0,0,0
Seychelles,2021-07-05,6,0,0,0,0,0,0,0,0,6,0,0,0,0,0,0,0,0,0
Seychelles,2021-07-19,4,0,0,0,0,0,0,0,0,4,0,0,0,0,0,0,0,0,0
Seychelles,2021-08-02,60,0,0,0,0,0,0,0,0,60,0,0,0,0,0,0,0,0,0
Seychelles,2021-08-16,62,0,0,0,0,0,0,0,0,62,0,0,0,0,0,0,0,0,0
Seychelles,2021-08-30,45,0,0,0,0,0,0,0,0,45,0,0,0,0,0,0,0,0,0
Seychelles,2021-09-13,81,0,0,0,0,0,0,0,0,81,0,0,0,0,0,0,0,0,0
Seychelles,2021-09-27,21,0,0,0,0,0,0,0,0,21,0,0,0,0,0,0,0,0,0
Seychelles,2021-10-11,28,0,0,0,0,0,0,0,0,28,0,0,0,0,0,0,0,0,0
Seychelles,2021-10-25,19,0,0,0,0,0,0,0,0,19,0,0,0,0,0,0,0,0,0
Seychelles,2021-11-08,60,0,0,0,0,0,0,0,0,60,0,0,0,0,0,0,0,0,0
Seychelles,2021-11-22,67,0,0,0,0,0,0,0,0,65,0,0,0,0,0,0,2,0,0
Seychelles,2021-12-06,78,0,0,0,0,0,0,0,0,65,0,0,0,0,0,0,13,0,0
Seychelles,2021-12-20,176,0,0,0,0,0,0,0,0,50,0,0,0,0,0,0,126,0,0
Seychelles,2022-01-03,111,0,0,0,0,0,0,0,0,8,0,0,0,0,0,0,103,0,0
Seychelles,2022-01-17,43,0,0,0,0,0,0,0,0,0,0,0,0,0,0,0,43,0,0
Seychelles,2022-01-31,43,0,0,0,0,0,0,0,0,0,0,0,0,0,0,0,43,0,0
Seychelles,2022-02-14,5,0,0,0,0,0,0,0,0,0,0,0,0,0,0,0,5,0,0
Seychelles,2022-02-28,12,1,0,0,0,0,0,0,0,0,0,0,0,0,0,0,11,0,0
Seychelles,2022-03-14,13,0,0,0,0,0,0,0,0,0,0,0,0,0,0,0,13,0,0
Seychelles,2022-03-28,32,6,0,0,0,0,0,0,0,0,0,0,0,0,0,0,26,0,0
Seychelles,2022-04-11,15,0,0,0,0,0,0,0,0,0,0,0,0,0,0,0,15,0,0
Seychelles,2022-04-25,13,0,0,0,0,0,0,0,0,0,0,0,0,0,0,0,13,0,0
Seychelles,2022-05-23,1,0,0,0,0,0,0,0,0,0,0,0,0,0,0,0,1,0,0
Seychelles,2022-06-06,14,0,0,0,0,0,0,0,0,0,0,0,0,0,0,0,14,0,0
Seychelles,2022-06-20,13,0,0,0,0,0,0,0,0,0,0,0,0,0,0,0,13,0,0
Seychelles,2022-07-04,4,0,0,0,0,0,0,0,0,0,0,0,0,0,0,0,4,0,0
Seychelles,2022-07-18,4,0,0,0,0,0,0,0,0,0,0,0,0,0,0,0,4,0,0
Seychelles,2022-08-01,5,0,0,0,0,0,0,0,0,0,0,0,0,0,0,0,5,0,0
Seychelles,2022-08-15,6,0,0,0,0,0,0,0,0,0,0,0,0,0,0,0,6,0,0
Seychelles,2022-08-29,5,0,0,0,0,0,0,0,0,0,0,0,0,0,0,0,5,0,0
Seychelles,2022-09-12,3,0,0,0,0,0,0,0,0,0,0,0,0,0,0,0,3,0,0
Seychelles,2022-09-26,3,0,0,0,0,0,0,0,0,0,0,0,0,0,0,0,3,0,0
Singapore,2020-04-27,110,0,0,0,0,0,0,0,0,0,0,0,0,0,0,0,0,3,107
Singapore,2020-05-11,70,0,0,0,0,0,0,0,0,0,0,0,0,0,0,0,0,2,68
Singapore,2020-05-25,59,0,0,0,0,0,0,0,0,0,0,0,0,0,0,0,0,2,57
Singapore,2020-06-08,48,0,0,0,0,0,0,0,0,0,0,0,0,0,0,0,0,1,47
Singapore,2020-06-22,70,0,0,0,0,0,0,0,0,0,0,0,0,0,0,0,0,2,68
Singapore,2020-07-06,73,0,0,0,0,0,0,0,0,0,0,0,0,0,0,0,0,2,71
Singapore,2020-07-20,21,0,0,0,0,0,0,0,0,0,0,0,0,0,0,0,0,1,20
Singapore,2020-08-03,18,0,0,0,0,0,0,0,0,0,0,0,0,0,0,0,0,0,18
Singapore,2020-08-17,28,0,0,0,0,0,0,0,0,0,0,0,0,0,0,0,0,1,27
Singapore,2020-08-31,24,0,0,0,0,0,0,0,0,0,0,0,0,0,0,0,0,1,23
Singapore,2020-09-14,11,0,0,0,0,0,0,0,0,0,0,0,0,0,0,0,0,0,11
Singapore,2020-09-28,27,0,1,0,1,0,0,0,0,0,0,0,0,0,0,0,0,0,25
Singapore,2020-10-12,23,0,0,0,0,2,0,0,0,0,0,0,0,0,0,0,0,0,21
Singapore,2020-10-26,23,0,2,1,0,5,0,0,0,0,0,0,0,0,0,0,0,0,15
Singapore,2020-11-09,26,0,0,0,0,1,0,0,0,0,0,0,0,0,0,0,0,0,25
Singapore,2020-11-23,24,0,0,0,0,0,0,0,0,0,0,0,0,0,0,0,0,1,23
Singapore,2020-12-07,35,0,1,2,0,0,0,3,0,0,0,0,0,0,0,0,0,0,29
Singapore,2020-12-21,61,0,0,14,0,0,0,6,0,0,0,1,0,0,0,8,0,0,32
Singapore,2021-01-04,68,0,1,7,0,2,0,11,0,0,0,0,0,0,0,0,0,0,47
Singapore,2021-01-18,66,0,0,9,0,0,0,19,0,0,0,0,1,3,1,1,0,1,31
Singapore,2021-02-01,67,0,0,7,0,2,1,17,0,0,0,2,0,0,0,0,0,0,38
Singapore,2021-02-15,29,0,0,2,0,0,2,8,0,0,1,0,0,0,0,2,0,0,14
Singapore,2021-03-01,31,0,0,1,0,0,8,5,0,0,0,0,1,0,0,0,0,0,16
Singapore,2021-03-15,87,0,2,1,0,0,32,30,0,0,5,1,0,1,0,0,0,0,15
Singapore,2021-03-29,189,0,0,2,0,0,91,39,3,7,22,0,2,2,0,0,0,0,21
Singapore,2021-04-12,177,0,1,0,0,0,32,27,2,71,18,0,4,0,1,7,0,0,14
Singapore,2021-04-26,165,0,0,0,0,0,13,14,1,114,3,0,1,0,1,10,0,0,8
Singapore,2021-05-10,335,0,0,0,0,0,10,3,0,310,1,0,0,0,1,5,0,0,5
Singapore,2021-05-24,275,0,0,0,0,0,6,2,0,257,0,0,0,0,0,4,0,0,6
Singapore,2021-06-07,146,0,0,0,0,0,2,2,2,136,0,0,0,0,0,2,0,0,2
Singapore,2021-06-21,138,0,0,0,0,0,2,0,0,134,0,0,0,0,0,0,0,0,2
Singapore,2021-07-05,401,0,0,0,0,0,1,2,0,396,0,0,0,0,0,1,0,0,1
Singapore,2021-07-19,942,0,0,0,0,0,0,0,0,942,0,0,0,0,0,0,0,0,0
Singapore,2021-08-02,717,0,0,0,0,0,0,0,0,717,0,0,0,0,0,0,0,0,0
Singapore,2021-08-16,865,0,0,0,0,0,0,0,0,864,0,0,0,0,0,0,0,0,1
Singapore,2021-08-30,832,0,0,0,0,0,0,0,0,832,0,0,0,0,0,0,0,0,0
Singapore,2021-09-13,641,0,0,0,0,0,0,0,0,641,0,0,0,0,0,0,0,0,0
Singapore,2021-09-27,619,0,0,0,0,0,0,0,0,619,0,0,0,0,0,0,0,0,0
Singapore,2021-10-11,528,0,0,0,0,0,0,0,0,528,0,0,0,0,0,0,0,0,0
Singapore,2021-10-25,546,0,0,0,0,0,0,0,0,546,0,0,0,0,0,0,0,0,0
Singapore,2021-11-08,492,0,0,0,0,0,0,0,0,492,0,0,0,0,0,0,0,0,0
Singapore,2021-11-22,416,0,0,0,0,0,0,0,0,409,0,0,0,0,0,0,7,0,0
Singapore,2021-12-06,554,0,0,0,0,0,0,0,0,325,0,0,0,0,0,0,229,0,0
Singapore,2021-12-20,595,0,0,0,0,0,0,0,0,266,0,0,0,0,0,0,329,0,0
Singapore,2022-01-03,729,0,0,0,0,0,0,0,0,84,0,0,0,0,0,0,645,0,0
Singapore,2022-01-17,462,0,0,0,0,0,0,0,0,14,0,0,0,0,0,0,448,0,0
Singapore,2022-01-31,435,0,0,0,0,0,0,0,0,1,0,0,0,0,0,0,434,0,0
Singapore,2022-02-14,557,0,0,0,0,0,0,0,0,0,0,0,0,0,0,0,557,0,0
Singapore,2022-02-28,589,0,0,0,0,0,0,0,0,0,0,0,0,0,0,0,589,0,0
Singapore,2022-03-14,467,1,0,0,0,0,0,0,0,0,0,0,0,0,0,0,466,0,0
Singapore,2022-03-28,559,2,0,0,0,0,0,0,0,0,0,0,0,0,0,0,557,0,0
Singapore,2022-04-11,564,1,0,0,0,0,0,0,0,0,0,0,0,0,0,0,563,0,0
Singapore,2022-04-25,538,3,0,0,0,0,0,0,0,0,0,0,0,0,0,0,535,0,0
Singapore,2022-05-09,676,0,0,0,0,0,0,0,0,0,0,0,0,0,0,0,676,0,0
Singapore,2022-05-23,652,0,0,0,0,0,0,0,0,0,0,0,0,0,0,0,652,0,0
Singapore,2022-06-06,794,1,0,0,0,0,0,0,0,0,0,0,0,0,0,0,793,0,0
Singapore,2022-06-20,919,0,0,0,0,0,0,0,0,0,0,0,0,0,0,0,919,0,0
Singapore,2022-07-04,699,0,0,0,0,0,0,0,0,0,0,0,0,0,0,0,699,0,0
Singapore,2022-07-18,881,0,0,0,0,0,0,0,0,0,0,0,0,0,0,0,881,0,0
Singapore,2022-08-01,661,1,0,0,0,0,0,0,0,0,0,0,0,0,0,0,660,0,0
Singapore,2022-08-15,701,1,0,0,0,0,0,0,0,0,0,0,0,0,0,0,700,0,0
Singapore,2022-08-29,638,1,0,0,0,0,0,0,0,0,0,0,0,0,0,0,637,0,0
Singapore,2022-09-12,680,2,0,0,0,0,0,0,0,0,0,0,0,0,0,0,678,0,0
Singapore,2022-09-26,762,4,0,0,0,0,0,0,0,0,0,0,0,0,0,0,758,0,0
Singapore,2022-10-10,747,3,0,0,0,0,0,0,0,1,0,0,0,0,0,0,743,0,0
Singapore,2022-10-24,708,3,0,0,0,0,0,0,0,0,0,0,0,0,0,0,705,0,0
Singapore,2022-11-07,693,4,0,0,0,0,0,0,0,0,0,0,0,0,0,0,689,0,0
Singapore,2022-11-21,556,3,0,0,0,0,0,0,0,0,0,0,0,0,0,0,553,0,0
Singapore,2022-12-05,695,14,0,0,0,0,0,0,0,0,0,0,0,0,0,0,681,0,0
Singapore,2022-12-19,722,20,0,0,0,0,0,0,0,0,0,0,0,0,0,0,702,0,0
Singapore,2023-01-02,597,23,0,0,0,0,0,0,0,0,0,0,0,0,0,0,574,0,0
Singapore,2023-01-16,351,35,0,0,0,0,0,0,0,0,0,0,0,0,0,0,316,0,0
Singapore,2023-01-30,515,55,0,0,0,0,0,0,0,0,0,0,0,0,0,0,460,0,0
Singapore,2023-02-13,436,49,0,0,0,0,0,0,0,0,0,0,0,0,0,0,387,0,0
Singapore,2023-02-27,551,34,0,0,0,0,0,0,0,0,0,0,0,0,0,0,517,0,0
Singapore,2023-03-13,980,34,0,0,0,0,0,0,0,0,0,0,0,0,0,0,946,0,0
Singapore,2023-03-27,985,26,0,0,0,0,0,0,0,0,0,0,0,0,0,0,959,0,0
Singapore,2023-04-10,884,37,0,0,0,0,0,0,0,0,0,0,0,0,0,0,847,0,0
Singapore,2023-04-24,644,20,0,0,0,0,0,0,0,0,0,0,0,0,0,0,624,0,0
Singapore,2023-05-08,815,18,0,0,0,0,0,0,0,0,0,0,0,0,0,0,797,0,0
Singapore,2023-05-22,790,11,0,0,0,0,0,0,0,0,0,0,0,0,0,0,779,0,0
Singapore,2023-06-05,646,4,0,0,0,0,0,0,0,0,0,0,0,0,0,0,642,0,0
Singapore,2023-06-19,472,2,0,0,0,0,0,0,0,0,0,0,0,0,0,0,470,0,0
Singapore,2023-07-03,380,2,0,0,0,0,0,0,0,0,0,0,0,0,0,0,378,0,0
Singapore,2023-07-17,290,0,0,0,0,0,0,0,0,0,0,0,0,0,0,0,290,0,0
Singapore,2023-07-31,262,2,0,0,0,0,0,0,0,0,0,0,0,0,0,0,260,0,0
Singapore,2023-08-14,317,2,0,0,0,0,0,0,0,0,0,0,0,0,0,0,315,0,0
Singapore,2023-08-28,452,3,0,0,0,0,0,0,0,0,0,0,0,0,0,0,449,0,0
Singapore,2023-09-11,465,6,0,0,0,0,0,0,0,0,0,0,0,0,0,0,459,0,0
Singapore,2023-09-25,776,8,0,0,0,0,0,0,0,0,0,0,0,0,0,0,768,0,0
Singapore,2023-10-09,841,5,0,0,0,0,0,0,0,0,0,0,0,0,0,0,836,0,0
Singapore,2023-10-23,827,12,0,0,0,0,0,0,0,0,0,0,0,0,0,0,815,0,0
Singapore,2023-11-06,761,23,0,0,0,0,0,0,0,0,0,0,0,0,0,0,738,0,0
Singapore,2023-11-20,997,9,0,0,0,0,0,0,0,0,0,0,0,0,0,0,988,0,0
Singapore,2023-12-04,1032,23,0,0,0,0,0,0,0,0,0,0,0,0,0,0,1009,0,0
Singapore,2023-12-18,604,8,0,0,0,0,0,0,0,0,0,0,0,0,0,0,596,0,0
Singapore,2024-01-01,540,12,0,0,0,0,0,0,0,0,0,0,0,0,0,0,528,0,0
Singapore,2024-01-15,351,3,0,0,0,0,0,0,0,0,0,0,0,0,0,0,348,0,0
Singapore,2024-01-29,135,1,0,0,0,0,0,0,0,0,0,0,0,0,0,0,134,0,0
Singapore,2024-02-12,92,1,0,0,0,0,0,0,0,0,0,0,0,0,0,0,91,0,0
Singapore,2024-02-26,81,1,0,0,0,0,0,0,0,0,0,0,0,0,0,0,80,0,0
Singapore,2024-03-11,49,1,0,0,0,0,0,0,0,0,0,0,0,0,0,0,48,0,0
Singapore,2024-03-25,158,2,0,0,0,0,0,0,0,0,0,0,0,0,0,0,156,0,0
Singapore,2024-04-08,260,1,0,0,0,0,0,0,0,0,0,0,0,0,0,0,259,0,0
Singapore,2024-04-22,558,2,0,0,0,0,0,0,0,0,0,0,0,0,0,0,556,0,0
Singapore,2024-05-06,790,1,0,0,0,0,0,0,0,0,0,0,0,0,0,0,789,0,0
Singapore,2024-07-01,278,4,0,0,0,0,0,0,0,0,0,0,0,0,0,0,274,0,0
Singapore,2024-07-15,205,5,0,0,0,0,0,0,0,0,0,0,0,0,0,0,200,0,0
Singapore,2024-07-29,104,6,0,0,0,0,0,0,0,0,0,0,0,0,0,0,98,0,0
Sint Maarten (Dutch part),2021-01-18,10,0,0,0,0,0,0,0,0,0,0,0,0,0,0,0,0,2,8
Sint Maarten (Dutch part),2021-02-01,12,0,0,0,0,0,0,1,0,0,0,0,0,0,0,0,0,11,0
Sint Maarten (Dutch part),2021-02-15,30,0,0,0,0,0,0,0,0,0,0,1,0,2,0,0,0,21,6
Sint Maarten (Dutch part),2021-03-01,1,0,0,0,0,0,0,1,0,0,0,0,0,0,0,0,0,0,0
Sint Maarten (Dutch part),2021-03-15,23,0,0,0,0,0,1,22,0,0,0,0,0,0,0,0,0,0,0
Sint Maarten (Dutch part),2021-03-29,42,0,0,0,0,0,0,39,0,0,1,0,0,2,0,0,0,0,0
Sint Maarten (Dutch part),2021-04-12,22,0,0,0,0,1,0,20,0,0,0,0,0,1,0,0,0,0,0
Sint Maarten (Dutch part),2021-04-26,16,0,0,0,0,0,0,13,2,1,0,0,0,0,0,0,0,0,0
Sint Maarten (Dutch part),2021-05-10,78,0,0,0,0,0,0,77,0,0,0,0,0,0,0,1,0,0,0
Sint Maarten (Dutch part),2021-05-24,43,0,0,0,0,0,0,43,0,0,0,0,0,0,0,0,0,0,0
Sint Maarten (Dutch part),2021-06-07,92,0,0,0,0,0,0,91,0,0,0,0,0,0,0,1,0,0,0
Sint Maarten (Dutch part),2021-06-21,27,0,0,0,0,0,0,27,0,0,0,0,0,0,0,0,0,0,0
Sint Maarten (Dutch part),2021-07-05,52,0,0,0,0,0,0,38,0,14,0,0,0,0,0,0,0,0,0
Sint Maarten (Dutch part),2021-07-19,110,0,0,0,0,0,0,20,0,90,0,0,0,0,0,0,0,0,0
Sint Maarten (Dutch part),2021-08-02,87,0,0,0,0,0,0,6,0,80,0,0,0,0,0,1,0,0,0
Sint Maarten (Dutch part),2021-08-16,512,0,0,0,0,0,0,29,0,483,0,0,0,0,0,0,0,0,0
Sint Maarten (Dutch part),2021-08-30,204,0,0,0,0,0,0,4,0,198,0,0,0,0,2,0,0,0,0
Sint Maarten (Dutch part),2021-09-13,253,0,0,0,0,0,0,1,0,252,0,0,0,0,0,0,0,0,0
Sint Maarten (Dutch part),2021-09-27,54,0,0,0,0,0,0,0,0,54,0,0,0,0,0,0,0,0,0
Sint Maarten (Dutch part),2021-10-11,47,0,0,0,0,0,0,0,0,47,0,0,0,0,0,0,0,0,0
Sint Maarten (Dutch part),2021-10-25,14,0,0,0,0,0,0,0,0,14,0,0,0,0,0,0,0,0,0
Sint Maarten (Dutch part),2021-11-08,14,0,0,0,0,0,0,0,0,14,0,0,0,0,0,0,0,0,0
Sint Maarten (Dutch part),2021-11-22,45,0,0,0,0,0,0,0,0,38,0,0,0,0,0,0,7,0,0
Sint Maarten (Dutch part),2021-12-06,89,0,0,0,0,0,0,0,0,37,0,0,0,0,0,0,52,0,0
Sint Maarten (Dutch part),2021-12-20,158,0,0,0,0,0,0,0,0,5,0,0,0,0,0,0,153,0,0
Sint Maarten (Dutch part),2022-01-03,24,0,0,0,0,0,0,0,0,0,0,0,0,0,0,0,24,0,0
Sint Maarten (Dutch part),2022-01-17,68,0,0,0,0,0,0,0,0,0,0,0,0,0,0,0,68,0,0
Sint Maarten (Dutch part),2022-01-31,56,0,0,0,0,0,0,0,0,1,0,0,0,0,0,0,55,0,0
Sint Maarten (Dutch part),2022-02-14,46,0,0,0,0,0,0,0,0,0,0,0,0,0,0,0,46,0,0
Sint Maarten (Dutch part),2022-02-28,34,0,0,0,0,0,0,0,0,0,0,0,0,0,0,0,34,0,0
Sint Maarten (Dutch part),2022-03-14,33,0,0,0,0,0,0,0,0,0,0,0,0,0,0,0,33,0,0
Sint Maarten (Dutch part),2022-03-28,33,0,0,0,0,0,0,0,0,0,0,0,0,0,0,0,33,0,0
Sint Maarten (Dutch part),2022-04-11,60,0,0,0,0,0,0,0,0,0,0,0,0,0,0,0,60,0,0
Sint Maarten (Dutch part),2022-04-25,46,0,0,0,0,0,0,0,0,0,0,0,0,0,0,0,46,0,0
Sint Maarten (Dutch part),2022-05-09,13,1,0,0,0,0,0,0,0,0,0,0,0,0,0,0,12,0,0
Sint Maarten (Dutch part),2022-05-23,8,0,0,0,0,0,0,0,0,0,0,0,0,0,0,0,8,0,0
Sint Maarten (Dutch part),2022-06-06,35,0,0,0,0,0,0,0,0,0,0,0,0,0,0,0,35,0,0
Sint Maarten (Dutch part),2022-06-20,31,0,0,0,0,0,0,0,0,0,0,0,0,0,0,0,31,0,0
Sint Maarten (Dutch part),2022-07-04,42,0,0,0,0,0,0,0,0,0,0,0,0,0,0,0,42,0,0
Sint Maarten (Dutch part),2022-07-18,28,0,0,0,0,0,0,0,0,0,0,0,0,0,0,0,28,0,0
Sint Maarten (Dutch part),2022-08-01,21,0,0,0,0,0,0,0,0,0,0,0,0,0,0,0,21,0,0
Sint Maarten (Dutch part),2022-08-15,3,0,0,0,0,0,0,0,0,0,0,0,0,0,0,0,3,0,0
Sint Maarten (Dutch part),2022-08-29,3,0,0,0,0,0,0,0,0,0,0,0,0,0,0,0,3,0,0
Sint Maarten (Dutch part),2022-09-12,3,0,0,0,0,0,0,0,0,0,0,0,0,0,0,0,3,0,0
Sint Maarten (Dutch part),2022-09-26,5,0,0,0,0,0,0,0,0,0,0,0,0,0,0,0,5,0,0
Sint Maarten (Dutch part),2022-10-10,8,0,0,0,0,0,0,0,0,0,0,0,0,0,0,0,8,0,0
Sint Maarten (Dutch part),2022-10-24,6,0,0,0,0,0,0,0,0,0,0,0,0,0,0,0,6,0,0
Sint Maarten (Dutch part),2022-11-07,4,0,0,0,0,0,0,0,0,0,0,0,0,0,0,0,4,0,0
Sint Maarten (Dutch part),2022-11-21,3,0,0,0,0,0,0,0,0,0,0,0,0,0,0,0,3,0,0
Sint Maarten (Dutch part),2022-12-05,8,0,0,0,0,0,0,0,0,0,0,0,0,0,0,0,8,0,0
Sint Maarten (Dutch part),2022-12-19,5,0,0,0,0,0,0,0,0,0,0,0,0,0,0,0,5,0,0
Sint Maarten (Dutch part),2023-01-02,8,0,0,0,0,0,0,0,0,0,0,0,0,0,0,0,8,0,0
Sint Maarten (Dutch part),2023-01-16,1,0,0,0,0,0,0,0,0,0,0,0,0,0,0,0,1,0,0
Sint Maarten (Dutch part),2023-01-30,2,0,0,0,0,0,0,0,0,0,0,0,0,0,0,0,2,0,0
Sint Maarten (Dutch part),2023-02-13,2,0,0,0,0,0,0,0,0,0,0,0,0,0,0,0,2,0,0
Sint Maarten (Dutch part),2023-03-13,6,0,0,0,0,0,0,0,0,0,0,0,0,0,0,0,6,0,0
Sint Maarten (Dutch part),2023-03-27,1,0,0,0,0,0,0,0,0,0,0,0,0,0,0,0,1,0,0
Sint Maarten (Dutch part),2023-04-10,2,0,0,0,0,0,0,0,0,0,0,0,0,0,0,0,2,0,0
Sint Maarten (Dutch part),2023-04-24,2,0,0,0,0,0,0,0,0,0,0,0,0,0,0,0,2,0,0
Sint Maarten (Dutch part),2023-05-08,4,0,0,0,0,0,0,0,0,0,0,0,0,0,0,0,4,0,0
Sint Maarten (Dutch part),2023-05-22,3,0,0,0,0,0,0,0,0,0,0,0,0,0,0,0,3,0,0
Sint Maarten (Dutch part),2023-06-05,2,0,0,0,0,0,0,0,0,0,0,0,0,0,0,0,2,0,0
Sint Maarten (Dutch part),2023-06-19,3,0,0,0,0,0,0,0,0,0,0,0,0,0,0,0,3,0,0
Sint Maarten (Dutch part),2023-07-03,2,0,0,0,0,0,0,0,0,0,0,0,0,0,0,0,2,0,0
Sint Maarten (Dutch part),2023-07-17,3,0,0,0,0,0,0,0,0,0,0,0,0,0,0,0,3,0,0
Sint Maarten (Dutch part),2023-07-31,3,0,0,0,0,0,0,0,0,0,0,0,0,0,0,0,3,0,0
Sint Maarten (Dutch part),2023-08-14,2,0,0,0,0,0,0,0,0,0,0,0,0,0,0,0,2,0,0
Sint Maarten (Dutch part),2023-08-28,1,0,0,0,0,0,0,0,0,0,0,0,0,0,0,0,1,0,0
Sint Maarten (Dutch part),2023-09-11,12,0,0,0,0,0,0,0,0,0,0,0,0,0,0,0,12,0,0
Sint Maarten (Dutch part),2023-10-09,1,0,0,0,0,0,0,0,0,0,0,0,0,0,0,0,1,0,0
Sint Maarten (Dutch part),2023-11-06,4,0,0,0,0,0,0,0,0,0,0,0,0,0,0,0,4,0,0
Sint Maarten (Dutch part),2023-12-04,2,0,0,0,0,0,0,0,0,0,0,0,0,0,0,0,2,0,0
Sint Maarten (Dutch part),2023-12-18,2,0,0,0,0,0,0,0,0,0,0,0,0,0,0,0,2,0,0
Sint Maarten (Dutch part),2024-01-01,4,0,0,0,0,0,0,0,0,0,0,0,0,0,0,0,4,0,0
Sint Maarten (Dutch part),2024-01-15,3,0,0,0,0,0,0,0,0,0,0,0,0,0,0,0,3,0,0
Sint Maarten (Dutch part),2024-01-29,7,0,0,0,0,0,0,0,0,0,0,0,0,0,0,0,7,0,0
Sint Maarten (Dutch part),2024-02-26,1,0,0,0,0,0,0,0,0,0,0,0,0,0,0,0,1,0,0
Sint Maarten (Dutch part),2024-04-22,5,0,0,0,0,0,0,0,0,0,0,0,0,0,0,0,5,0,0
Sint Maarten (Dutch part),2024-05-06,1,0,0,0,0,0,0,0,0,0,0,0,0,0,0,0,1,0,0
Sint Maarten (Dutch part),2024-07-01,2,0,0,0,0,0,0,0,0,0,0,0,0,0,0,0,2,0,0
Sint Maarten (Dutch part),2024-07-15,2,0,0,0,0,0,0,0,0,0,0,0,0,0,0,0,2,0,0
Sint Maarten (Dutch part),2024-07-29,7,0,0,0,0,0,0,0,0,0,0,0,0,0,0,0,7,0,0
Slovakia,2020-04-27,2,0,0,0,0,0,0,0,0,0,0,0,0,0,0,0,0,0,2
Slovakia,2020-05-11,1,0,0,0,0,0,0,0,0,0,0,0,0,0,0,0,0,0,1
Slovakia,2020-06-22,2,0,0,0,0,0,0,0,0,0,0,0,0,0,0,0,0,0,2
Slovakia,2020-07-06,1,0,0,0,0,0,0,0,0,0,0,0,0,0,0,0,0,0,1
Slovakia,2020-07-20,1,0,0,0,0,0,0,0,0,0,0,0,0,0,0,0,0,0,1
Slovakia,2020-08-03,2,0,1,0,0,0,0,0,0,0,0,0,0,0,0,0,0,0,1
Slovakia,2020-08-17,1,0,1,0,0,0,0,0,0,0,0,0,0,0,0,0,0,0,0
Slovakia,2020-08-31,4,0,3,0,0,0,0,0,0,0,0,0,0,0,0,0,0,0,1
Slovakia,2020-09-14,6,0,1,0,0,0,0,0,0,0,0,0,0,0,0,0,0,0,5
Slovakia,2020-09-28,1,0,0,0,0,0,0,0,0,0,0,0,0,0,0,0,0,0,1
Slovakia,2020-10-12,1,0,0,0,0,0,0,0,0,0,0,0,0,0,0,0,0,0,1
Slovakia,2020-10-26,1,0,0,0,0,0,0,0,0,0,0,0,0,0,0,0,0,0,1
Slovakia,2020-11-09,15,0,4,0,0,0,0,0,0,0,0,0,0,0,0,0,0,0,11
Slovakia,2020-11-23,53,0,33,0,0,3,0,1,0,0,0,0,0,0,0,0,0,0,16
Slovakia,2020-12-07,1,0,1,0,0,0,0,0,0,0,0,0,0,0,0,0,0,0,0
Slovakia,2020-12-21,107,0,82,1,0,1,0,18,0,1,0,0,0,0,0,0,0,0,4
Slovakia,2021-01-04,61,0,9,0,0,2,0,47,1,0,0,0,1,0,0,0,0,0,1
Slovakia,2021-01-18,41,0,7,0,0,0,0,30,1,1,0,0,0,0,0,0,0,0,2
Slovakia,2021-02-01,106,0,14,0,0,0,4,88,0,0,0,0,0,0,0,0,0,0,0
Slovakia,2021-02-15,106,0,11,0,0,0,5,89,0,0,0,0,0,0,0,0,0,0,1
Slovakia,2021-03-01,588,0,8,0,0,1,8,526,7,33,0,1,0,1,0,0,0,0,3
Slovakia,2021-03-15,620,0,4,0,0,0,0,608,3,0,0,0,1,0,0,0,0,0,4
Slovakia,2021-03-29,697,0,2,0,0,1,1,661,3,27,0,0,0,1,0,0,0,0,1
Slovakia,2021-04-12,402,0,1,0,0,0,6,394,0,0,0,0,0,0,0,0,0,0,1
Slovakia,2021-04-26,306,0,0,0,0,0,1,304,0,1,0,0,0,0,0,0,0,0,0
Slovakia,2021-05-10,559,0,0,0,0,0,0,557,1,0,0,0,0,0,0,1,0,0,0
Slovakia,2021-05-24,579,0,0,0,0,0,2,567,2,4,0,0,1,0,0,2,0,0,1
Slovakia,2021-06-07,427,0,0,0,0,0,2,356,1,67,0,0,0,0,0,0,0,0,1
Slovakia,2021-06-21,191,0,0,0,0,0,1,138,1,50,0,0,0,0,0,0,0,0,1
Slovakia,2021-07-05,279,0,0,0,0,0,0,49,2,227,0,0,0,0,0,0,0,0,1
Slovakia,2021-07-19,358,0,0,0,0,0,0,8,0,350,0,0,0,0,0,0,0,0,0
Slovakia,2021-08-02,473,0,0,0,0,0,0,0,0,473,0,0,0,0,0,0,0,0,0
Slovakia,2021-08-16,664,0,0,0,0,0,0,1,0,663,0,0,0,0,0,0,0,0,0
Slovakia,2021-08-30,955,0,0,0,0,0,0,0,0,955,0,0,0,0,0,0,0,0,0
Slovakia,2021-09-13,965,0,0,0,0,0,0,0,0,965,0,0,0,0,0,0,0,0,0
Slovakia,2021-09-27,1358,0,0,0,0,0,0,0,0,1358,0,0,0,0,0,0,0,0,0
Slovakia,2021-10-11,1518,0,0,0,0,0,0,0,0,1518,0,0,0,0,0,0,0,0,0
Slovakia,2021-10-25,2149,0,0,0,0,0,0,0,0,2149,0,0,0,0,0,0,0,0,0
Slovakia,2021-11-08,1616,0,0,0,0,0,0,0,0,1616,0,0,0,0,0,0,0,0,0
Slovakia,2021-11-22,1513,0,0,0,0,0,0,0,0,1510,0,0,0,0,0,0,3,0,0
Slovakia,2021-12-06,736,0,0,0,0,0,0,0,0,732,0,0,0,0,0,0,4,0,0
Slovakia,2021-12-20,552,0,0,0,0,0,0,0,0,492,0,0,0,0,0,0,60,0,0
Slovakia,2022-01-03,1095,0,0,0,0,0,0,0,0,506,0,0,0,0,0,0,589,0,0
Slovakia,2022-01-17,2411,1,0,0,0,0,0,0,0,180,0,0,0,0,0,0,2230,0,0
Slovakia,2022-01-31,1813,1,0,0,0,0,0,0,0,29,0,0,0,0,0,0,1783,0,0
Slovakia,2022-02-14,2723,0,0,0,0,0,0,0,0,5,0,0,0,0,0,0,2718,0,0
Slovakia,2022-02-28,1846,0,0,0,0,0,0,0,0,2,0,0,0,0,0,0,1844,0,0
Slovakia,2022-03-14,2342,4,0,0,0,0,0,0,0,0,0,0,0,0,0,0,2338,0,0
Slovakia,2022-03-28,1991,13,0,0,0,0,0,0,0,0,0,0,0,0,0,0,1978,0,0
Slovakia,2022-04-11,1280,2,0,0,0,0,0,0,0,0,0,0,0,0,0,0,1278,0,0
Slovakia,2022-04-25,972,6,0,0,0,0,0,0,0,0,0,0,0,0,0,0,966,0,0
Slovakia,2022-05-09,464,2,0,0,0,0,0,0,0,0,0,0,0,0,0,0,462,0,0
Slovakia,2022-05-23,242,2,0,0,0,0,0,0,0,0,0,0,0,0,0,0,240,0,0
Slovakia,2022-06-06,242,5,0,0,0,0,0,0,0,0,0,0,0,0,0,0,237,0,0
Slovakia,2022-06-20,598,2,0,0,0,0,0,0,0,0,0,0,0,0,0,0,596,0,0
Slovakia,2022-07-04,964,19,0,0,0,0,0,0,0,0,0,0,0,0,0,0,945,0,0
Slovakia,2022-07-18,1435,18,0,0,0,0,0,0,0,0,0,0,0,0,0,0,1417,0,0
Slovakia,2022-08-01,972,17,0,0,0,0,0,0,0,0,0,0,0,0,0,0,955,0,0
Slovakia,2022-08-15,761,6,0,0,0,0,0,0,0,0,0,0,0,0,0,0,755,0,0
Slovakia,2022-08-29,418,3,0,0,0,0,0,0,0,0,0,0,0,0,0,0,415,0,0
Slovakia,2022-09-12,470,5,0,0,0,0,0,0,0,0,0,0,0,0,0,0,465,0,0
Slovakia,2022-09-26,460,1,0,0,0,0,0,0,0,0,0,0,0,0,0,0,459,0,0
Slovakia,2022-10-10,289,0,0,0,0,0,0,0,0,0,0,0,0,0,0,0,289,0,0
Slovakia,2022-10-24,237,0,0,0,0,0,0,0,0,0,0,0,0,0,0,0,237,0,0
Slovakia,2022-11-07,160,0,0,0,0,0,0,0,0,0,0,0,0,0,0,0,160,0,0
Slovakia,2022-11-21,39,0,0,0,0,0,0,0,0,0,0,0,0,0,0,0,39,0,0
Slovakia,2022-12-05,48,1,0,0,0,0,0,0,0,0,0,0,0,0,0,0,47,0,0
Slovakia,2022-12-19,42,0,0,0,0,0,0,0,0,0,0,0,0,0,0,0,42,0,0
Slovakia,2023-01-02,58,4,0,0,0,0,0,0,0,0,0,0,0,0,0,0,54,0,0
Slovakia,2023-01-16,98,3,0,0,0,0,0,0,0,0,0,0,0,0,0,0,95,0,0
Slovakia,2023-01-30,157,9,0,0,0,0,0,0,0,0,0,0,0,0,0,0,148,0,0
Slovakia,2023-02-13,115,13,0,0,0,0,0,0,0,0,0,0,0,0,0,0,102,0,0
Slovakia,2023-02-27,187,16,0,0,0,0,0,0,0,0,0,0,0,0,0,0,171,0,0
Slovakia,2023-03-13,104,4,0,0,0,0,0,0,0,0,0,0,0,0,0,0,100,0,0
Slovakia,2023-03-27,59,4,0,0,0,0,0,0,0,0,0,0,0,0,0,0,55,0,0
Slovakia,2023-04-10,62,3,0,0,0,0,0,0,0,0,0,0,0,0,0,0,59,0,0
Slovakia,2023-04-24,19,0,0,0,0,0,0,0,0,0,0,0,0,0,0,0,19,0,0
Slovakia,2023-05-08,14,0,0,0,0,0,0,0,0,0,0,0,0,0,0,0,14,0,0
Slovakia,2023-05-22,3,0,0,0,0,0,0,0,0,0,0,0,0,0,0,0,3,0,0
Slovakia,2023-06-05,3,0,0,0,0,0,0,0,0,0,0,0,0,0,0,0,3,0,0
Slovakia,2023-06-19,7,0,0,0,0,0,0,0,0,0,0,0,0,0,0,0,7,0,0
Slovakia,2023-07-03,3,0,0,0,0,0,0,0,0,0,0,0,0,0,0,0,3,0,0
Slovakia,2023-07-17,1,0,0,0,0,0,0,0,0,0,0,0,0,0,0,0,1,0,0
Slovakia,2023-07-31,4,0,0,0,0,0,0,0,0,0,0,0,0,0,0,0,4,0,0
Slovakia,2023-08-14,6,0,0,0,0,0,0,0,0,0,0,0,0,0,0,0,6,0,0
Slovakia,2023-08-28,15,0,0,0,0,0,0,0,0,0,0,0,0,0,0,0,15,0,0
Slovakia,2023-09-11,59,4,0,0,0,0,0,0,0,0,0,0,0,0,0,0,55,0,0
Slovakia,2023-09-25,65,0,0,0,0,0,0,0,0,0,0,0,0,0,0,0,65,0,0
Slovakia,2023-10-09,81,0,0,0,0,0,0,0,0,0,0,0,0,0,0,0,81,0,0
Slovakia,2023-10-23,156,2,0,0,0,0,0,0,0,0,0,0,0,0,0,0,154,0,0
Slovakia,2023-11-06,159,1,0,0,0,0,0,0,0,0,0,0,0,0,0,0,158,0,0
Slovakia,2023-11-20,165,0,0,0,0,0,0,0,0,0,0,0,0,0,0,0,165,0,0
Slovakia,2023-12-04,232,2,0,0,0,0,0,0,0,0,0,0,0,0,0,0,230,0,0
Slovakia,2023-12-18,133,1,0,0,0,0,0,0,0,0,0,0,0,0,0,0,132,0,0
Slovakia,2024-01-01,91,3,0,0,0,0,0,0,0,0,0,0,0,0,0,0,88,0,0
Slovakia,2024-01-15,51,1,0,0,0,0,0,0,0,0,0,0,0,0,0,0,50,0,0
Slovakia,2024-01-29,26,1,0,0,0,0,0,0,0,0,0,0,0,0,0,0,25,0,0
Slovakia,2024-02-12,10,0,0,0,0,0,0,0,0,0,0,0,0,0,0,0,10,0,0
Slovakia,2024-02-26,6,0,0,0,0,0,0,0,0,0,0,0,0,0,0,0,6,0,0
Slovakia,2024-03-11,1,0,0,0,0,0,0,0,0,0,0,0,0,0,0,0,1,0,0
Slovakia,2024-07-01,1,0,0,0,0,0,0,0,0,0,0,0,0,0,0,0,1,0,0
Slovakia,2024-07-29,4,0,0,0,0,0,0,0,0,0,0,0,0,0,0,0,4,0,0
Slovenia,2020-04-27,4,0,0,0,0,0,0,0,0,0,0,1,0,0,0,0,0,0,3
Slovenia,2020-05-25,4,0,0,0,0,0,0,0,0,0,0,1,0,0,0,0,0,0,3
Slovenia,2020-06-08,11,0,0,0,0,0,0,0,0,0,0,2,0,0,0,0,0,0,9
Slovenia,2020-06-22,52,0,0,0,0,0,0,0,0,0,0,8,0,0,0,0,0,1,43
Slovenia,2020-07-06,58,0,0,0,0,0,0,0,0,0,0,10,0,0,0,0,0,1,47
Slovenia,2020-07-20,66,0,1,0,0,0,0,0,0,0,0,0,0,0,0,0,0,0,65
Slovenia,2020-08-03,75,0,26,0,2,0,0,0,0,0,0,0,0,0,0,0,0,0,47
Slovenia,2020-08-17,95,0,41,0,4,4,0,0,0,0,0,0,0,0,0,0,0,0,46
Slovenia,2020-08-31,168,0,102,0,0,8,0,0,0,0,0,0,0,0,0,0,0,0,58
Slovenia,2020-09-14,166,0,109,0,0,10,0,0,0,0,0,0,0,0,0,0,0,0,47
Slovenia,2020-09-28,352,0,197,0,0,9,0,0,0,0,0,0,0,0,0,0,0,0,146
Slovenia,2020-10-12,446,0,216,0,0,6,0,0,0,4,0,0,0,0,0,0,0,0,220
Slovenia,2020-10-26,908,0,637,0,0,6,0,0,0,7,0,0,0,0,0,0,0,0,258
Slovenia,2020-11-09,148,0,102,0,0,1,0,0,0,0,0,0,0,0,0,0,0,0,45
Slovenia,2020-11-23,972,0,730,0,0,31,0,1,0,0,0,0,0,0,0,0,0,0,210
Slovenia,2020-12-07,883,0,724,0,0,14,0,2,0,0,0,0,0,0,0,0,0,0,143
Slovenia,2020-12-21,449,0,400,0,0,5,0,2,0,0,0,0,0,0,0,0,0,0,42
Slovenia,2021-01-04,829,0,719,0,0,24,0,4,0,4,0,0,0,0,0,0,0,0,78
Slovenia,2021-01-18,1064,0,751,0,0,16,0,10,0,7,0,0,4,0,0,0,0,1,275
Slovenia,2021-02-01,1324,0,1073,0,0,22,4,63,0,4,0,0,13,0,0,0,0,0,145
Slovenia,2021-02-15,1452,0,1123,0,0,7,13,162,1,2,0,0,8,0,0,0,0,0,136
Slovenia,2021-03-01,1146,0,683,0,0,6,11,389,0,1,0,0,14,0,0,0,0,0,42
Slovenia,2021-03-15,1726,0,575,0,0,2,2,1097,0,4,0,0,9,0,0,0,0,0,37
Slovenia,2021-03-29,1633,0,294,0,0,3,1,1310,0,2,3,0,6,0,0,0,0,0,14
Slovenia,2021-04-12,2010,0,213,0,0,3,0,1777,1,1,0,0,0,0,0,2,0,0,13
Slovenia,2021-04-26,1450,0,105,0,0,2,0,1329,1,2,0,0,0,0,0,1,0,0,10
Slovenia,2021-05-10,1001,0,27,0,0,0,0,966,2,0,0,0,0,3,0,1,0,0,2
Slovenia,2021-05-24,679,0,2,1,0,0,0,657,1,10,0,0,0,1,0,1,0,0,6
Slovenia,2021-06-07,438,0,2,0,0,0,0,384,0,45,0,0,0,0,0,2,0,0,5
Slovenia,2021-06-21,323,0,1,0,0,0,0,190,0,125,0,0,0,0,0,2,0,0,5
Slovenia,2021-07-05,497,0,0,0,0,0,0,29,2,457,0,0,0,0,1,4,0,0,4
Slovenia,2021-07-19,910,0,0,0,0,0,0,6,0,903,0,0,0,0,0,0,0,0,1
Slovenia,2021-08-02,1786,0,0,0,0,0,0,6,0,1779,0,0,0,0,0,0,0,0,1
Slovenia,2021-08-16,2327,0,1,0,0,0,0,1,0,2324,0,0,0,0,0,0,0,0,1
Slovenia,2021-08-30,2373,0,0,0,0,0,0,0,0,2373,0,0,0,0,0,0,0,0,0
Slovenia,2021-09-13,2112,0,0,0,0,0,0,0,0,2111,0,0,0,0,0,0,0,0,1
Slovenia,2021-09-27,2599,0,0,0,0,0,0,1,0,2597,0,0,0,0,0,0,0,0,1
Slovenia,2021-10-11,2800,0,0,0,0,0,0,0,0,2800,0,0,0,0,0,0,0,0,0
Slovenia,2021-10-25,2601,0,0,0,0,0,0,0,0,2601,0,0,0,0,0,0,0,0,0
Slovenia,2021-11-08,2751,0,0,0,0,0,0,0,0,2751,0,0,0,0,0,0,0,0,0
Slovenia,2021-11-22,2683,0,0,0,0,0,0,0,0,2682,0,0,0,0,0,0,1,0,0
Slovenia,2021-12-06,2023,0,33,0,0,0,0,4,0,1950,0,0,0,0,0,1,28,0,7
Slovenia,2021-12-20,3640,0,0,0,0,0,0,0,0,1468,0,0,0,0,0,0,2172,0,0
Slovenia,2022-01-03,3901,0,0,0,0,0,0,0,0,472,0,0,0,0,0,0,3429,0,0
Slovenia,2022-01-17,2277,0,0,0,0,0,0,0,0,37,0,0,0,0,0,0,2240,0,0
Slovenia,2022-01-31,2387,0,0,0,0,0,0,0,0,7,0,0,0,0,0,0,2380,0,0
Slovenia,2022-02-14,2013,3,0,0,0,0,0,0,0,3,0,0,0,0,0,0,2007,0,0
Slovenia,2022-02-28,1622,6,0,0,0,0,0,0,0,3,0,0,0,0,0,0,1613,0,0
Slovenia,2022-03-14,1764,22,0,0,0,0,0,0,0,0,0,0,0,0,0,0,1740,0,2
Slovenia,2022-03-28,1508,34,0,0,0,0,0,0,0,0,0,0,0,0,0,0,1474,0,0
Slovenia,2022-04-11,959,35,0,0,0,0,0,0,0,0,0,0,0,0,0,0,924,0,0
Slovenia,2022-04-25,516,14,0,0,0,0,0,0,0,0,0,0,0,0,0,0,502,0,0
Slovenia,2022-05-09,356,13,0,0,0,0,0,0,0,0,0,0,0,0,0,0,343,0,0
Slovenia,2022-05-23,230,6,0,0,0,0,0,0,0,0,0,0,0,0,0,0,224,0,0
Slovenia,2022-06-06,280,1,0,0,0,0,0,0,0,0,0,0,0,0,0,0,279,0,0
Slovenia,2022-06-20,584,8,0,0,0,0,0,0,0,0,0,0,0,0,0,0,576,0,0
Slovenia,2022-07-04,926,9,0,0,0,0,0,0,0,0,0,0,0,0,0,0,917,0,0
Slovenia,2022-07-18,956,3,0,0,0,0,0,0,0,0,0,0,0,0,0,0,953,0,0
Slovenia,2022-08-01,681,4,0,0,0,0,0,0,0,0,0,0,0,0,0,0,677,0,0
Slovenia,2022-08-15,597,5,0,0,0,0,0,0,0,0,0,0,0,0,0,0,592,0,0
Slovenia,2022-08-29,688,1,0,0,0,0,0,0,0,0,0,0,0,0,0,0,687,0,0
Slovenia,2022-09-12,950,1,0,0,0,0,0,0,0,0,0,0,0,0,0,0,949,0,0
Slovenia,2022-09-26,1064,0,0,0,0,0,0,0,0,0,0,0,0,0,0,0,1064,0,0
Slovenia,2022-10-10,978,1,0,0,0,0,0,0,0,0,0,0,0,0,0,0,977,0,0
Slovenia,2022-10-24,552,1,0,0,0,0,0,0,0,0,0,0,0,0,0,0,551,0,0
Slovenia,2022-11-07,499,2,0,0,0,0,0,0,0,0,0,0,0,0,0,0,497,0,0
Slovenia,2022-11-21,688,2,0,0,0,0,0,0,0,0,0,0,0,0,0,0,686,0,0
Slovenia,2022-12-05,1123,24,0,0,0,0,0,0,0,0,0,0,0,0,0,0,1099,0,0
Slovenia,2022-12-19,836,30,0,0,0,0,0,0,0,0,0,0,0,0,0,0,806,0,0
Slovenia,2023-01-02,494,34,0,0,0,0,0,0,0,0,0,0,0,0,0,0,460,0,0
Slovenia,2023-01-16,202,12,0,0,0,0,0,0,0,0,0,0,0,0,0,0,190,0,0
Slovenia,2023-01-30,237,12,0,0,0,0,0,0,0,0,0,0,0,0,0,0,225,0,0
Slovenia,2023-02-13,218,18,0,0,0,0,0,0,0,0,0,0,0,0,0,0,200,0,0
Slovenia,2023-02-27,259,22,0,0,0,0,0,0,0,0,0,0,0,0,0,0,237,0,0
Slovenia,2023-03-13,352,23,0,0,0,0,0,0,0,0,0,0,0,0,0,0,329,0,0
Slovenia,2023-03-27,289,8,0,0,0,0,0,0,0,0,0,0,0,0,0,0,281,0,0
Slovenia,2023-04-10,241,3,1,0,0,0,0,0,0,0,0,0,0,0,0,0,237,0,0
Slovenia,2023-04-24,157,1,0,0,0,0,0,0,0,0,0,0,0,0,0,0,156,0,0
Slovenia,2023-05-08,130,0,0,0,0,0,0,0,0,0,0,0,0,0,0,0,130,0,0
Slovenia,2023-05-22,119,0,0,0,0,0,0,0,0,0,0,0,0,0,0,0,119,0,0
Slovenia,2023-06-05,65,0,0,0,0,0,0,0,0,0,0,0,0,0,0,0,65,0,0
Slovenia,2023-06-19,32,0,0,0,0,0,0,0,0,0,0,0,0,0,0,0,32,0,0
Slovenia,2023-07-03,32,0,0,0,0,0,0,0,0,0,0,0,0,0,0,0,32,0,0
Slovenia,2023-07-17,14,0,0,0,0,0,0,0,0,0,0,0,0,0,0,0,14,0,0
Slovenia,2023-07-31,30,0,0,0,0,0,0,0,0,0,0,0,0,0,0,0,30,0,0
Slovenia,2023-08-14,67,0,0,0,0,0,0,0,0,0,0,0,0,0,0,0,67,0,0
Slovenia,2023-08-28,82,0,0,0,0,0,0,0,0,0,0,0,0,0,0,0,82,0,0
Slovenia,2023-09-11,157,2,0,0,0,0,0,0,0,0,0,0,0,0,0,0,155,0,0
Slovenia,2023-09-25,178,0,0,0,0,0,0,0,0,0,0,0,0,0,0,0,178,0,0
Slovenia,2023-10-09,194,4,0,0,0,0,0,0,0,0,0,0,0,0,0,0,190,0,0
Slovenia,2023-10-23,155,2,0,0,0,0,0,0,0,0,0,0,0,0,0,0,153,0,0
Slovenia,2023-11-06,190,9,0,0,0,0,0,0,0,0,0,0,0,0,0,0,181,0,0
Slovenia,2023-11-20,221,17,0,0,0,0,0,0,0,0,0,0,0,0,0,0,204,0,0
Slovenia,2023-12-04,255,8,0,0,0,0,0,0,0,0,0,0,0,0,0,0,247,0,0
Slovenia,2023-12-18,186,4,0,0,0,0,0,0,0,0,0,0,0,0,0,0,182,0,0
Slovenia,2024-01-01,155,1,0,0,0,0,0,0,0,0,0,0,0,0,0,0,154,0,0
Slovenia,2024-01-15,64,1,0,0,0,0,0,0,0,0,0,0,0,0,0,0,63,0,0
Slovenia,2024-01-29,51,0,0,0,0,0,0,0,0,0,0,0,0,0,0,0,51,0,0
Slovenia,2024-02-12,34,0,0,0,0,0,0,0,0,0,0,0,0,0,0,0,34,0,0
Slovenia,2024-02-26,18,1,0,0,0,0,0,0,0,0,0,0,0,0,0,0,17,0,0
Slovenia,2024-03-11,11,0,0,0,0,0,0,0,0,0,0,0,0,0,0,0,11,0,0
Slovenia,2024-03-25,7,1,0,0,0,0,0,0,0,0,0,0,0,0,0,0,6,0,0
Slovenia,2024-04-08,3,0,0,0,0,0,0,0,0,0,0,0,0,0,0,0,3,0,0
Slovenia,2024-04-22,6,0,0,0,0,0,0,0,0,0,0,0,0,0,0,0,6,0,0
Slovenia,2024-05-06,10,0,0,0,0,0,0,0,0,0,0,0,0,0,0,0,10,0,0
Slovenia,2024-07-01,45,0,0,0,0,0,0,0,0,0,0,0,0,0,0,0,45,0,0
Slovenia,2024-07-15,54,5,0,0,0,0,0,0,0,0,0,0,0,0,0,0,49,0,0
Slovenia,2024-07-29,84,11,0,0,0,0,0,0,0,0,0,0,0,0,0,0,73,0,0
Solomon Islands,2020-10-26,6,0,0,0,0,6,0,0,0,0,0,0,0,0,0,0,0,0,0
Solomon Islands,2020-11-09,1,1,0,0,0,0,0,0,0,0,0,0,0,0,0,0,0,0,0
Solomon Islands,2020-12-21,2,0,0,0,0,2,0,0,0,0,0,0,0,0,0,0,0,0,0
Solomon Islands,2021-03-15,1,1,0,0,0,0,0,0,0,0,0,0,0,0,0,0,0,0,0
Solomon Islands,2021-12-20,1,0,0,0,0,0,0,0,0,0,0,0,0,0,0,0,1,0,0
Solomon Islands,2022-01-17,5,0,0,0,0,0,0,0,0,5,0,0,0,0,0,0,0,0,0
Solomon Islands,2022-01-31,10,0,0,0,0,0,0,0,0,10,0,0,0,0,0,0,0,0,0
Solomon Islands,2022-02-14,7,0,0,0,0,0,0,0,0,7,0,0,0,0,0,0,0,0,0
Solomon Islands,2022-02-28,23,0,0,0,0,0,0,0,0,23,0,0,0,0,0,0,0,0,0
Solomon Islands,2022-03-14,39,0,0,0,0,0,0,0,0,38,0,0,0,0,0,0,1,0,0
Solomon Islands,2022-03-28,5,0,0,0,0,0,0,0,0,3,0,0,0,0,0,0,2,0,0
Solomon Islands,2022-04-11,80,0,0,0,0,0,0,0,0,3,0,0,0,0,0,0,77,0,0
Solomon Islands,2022-04-25,43,0,0,0,0,0,0,0,0,1,0,0,0,0,0,0,42,0,0
Solomon Islands,2022-05-09,9,0,0,0,0,0,0,0,0,1,0,0,0,0,0,0,8,0,0
Solomon Islands,2022-05-23,6,0,0,0,0,0,0,0,0,0,0,0,0,0,0,0,6,0,0
Solomon Islands,2022-07-04,2,0,0,0,0,0,0,0,0,0,0,0,0,0,0,0,2,0,0
Solomon Islands,2022-07-18,2,0,0,0,0,0,0,0,0,0,0,0,0,0,0,0,2,0,0
Solomon Islands,2022-08-01,4,0,0,0,0,0,0,0,0,0,0,0,0,0,0,0,4,0,0
Solomon Islands,2022-08-15,4,0,0,0,0,0,0,0,0,0,0,0,0,0,0,0,4,0,0
Solomon Islands,2022-08-29,2,0,0,0,0,0,0,0,0,0,0,0,0,0,0,0,2,0,0
Solomon Islands,2022-10-10,1,0,0,0,0,0,0,0,0,0,0,0,0,0,0,0,1,0,0
Solomon Islands,2022-10-24,4,0,0,0,0,0,0,0,0,0,0,0,0,0,0,0,4,0,0
Solomon Islands,2022-11-07,41,0,0,0,0,0,0,0,0,0,0,0,0,0,0,0,41,0,0
Solomon Islands,2022-11-21,38,0,0,0,0,0,0,0,0,0,0,0,0,0,0,0,38,0,0
South Africa,2020-04-27,184,0,0,0,0,0,0,0,0,0,0,29,0,4,0,0,0,4,147
South Africa,2020-05-11,108,0,0,0,0,0,0,0,0,0,0,17,0,3,0,0,0,2,86
South Africa,2020-05-25,141,0,0,0,0,0,0,0,0,0,0,22,0,3,0,0,0,3,113
South Africa,2020-06-08,190,0,0,0,0,0,0,0,0,0,0,30,0,5,0,0,0,4,151
South Africa,2020-06-22,358,0,0,0,0,0,0,0,0,0,0,56,0,9,0,0,0,8,285
South Africa,2020-07-06,469,0,0,0,0,0,0,0,0,0,0,74,0,11,0,0,0,10,374
South Africa,2020-07-20,567,0,0,0,0,0,0,0,0,0,0,89,0,13,0,0,0,13,452
South Africa,2020-08-03,194,0,0,0,0,0,0,0,0,0,0,30,0,5,0,0,0,4,155
South Africa,2020-08-17,127,0,24,2,0,20,11,0,6,0,0,1,0,0,0,0,0,0,63
South Africa,2020-08-31,347,0,64,5,0,54,42,0,15,0,0,2,0,0,0,0,0,0,165
South Africa,2020-09-14,220,0,34,3,0,29,57,0,8,0,0,1,0,0,0,0,0,0,88
South Africa,2020-09-28,288,0,51,4,0,43,45,0,12,0,0,2,0,0,0,0,0,0,131
South Africa,2020-10-12,315,0,46,4,0,39,94,0,11,0,0,1,0,0,0,0,0,0,120
South Africa,2020-10-26,408,0,43,3,0,36,204,0,10,0,0,1,0,0,0,0,0,0,111
South Africa,2020-11-09,338,0,22,2,0,18,234,0,5,0,0,1,0,0,0,0,0,0,56
South Africa,2020-11-23,416,0,10,1,0,8,371,0,2,0,0,0,0,0,0,0,0,0,24
South Africa,2020-12-07,521,0,6,0,0,5,494,0,1,0,0,0,0,0,0,0,0,0,15
South Africa,2020-12-21,873,0,6,0,0,5,843,0,2,1,0,0,0,0,0,0,0,0,16
South Africa,2021-01-04,928,0,9,1,0,8,881,3,2,1,0,0,0,0,0,0,0,0,23
South Africa,2021-01-18,376,0,1,0,0,1,372,0,0,0,0,0,0,0,0,0,0,0,2
South Africa,2021-02-01,344,0,1,0,0,1,336,2,0,1,0,0,0,0,0,0,0,0,3
South Africa,2021-02-15,180,0,0,0,0,0,177,2,0,1,0,0,0,0,0,0,0,0,0
South Africa,2021-03-01,335,0,1,0,0,1,326,4,0,0,0,0,1,0,0,0,0,0,2
South Africa,2021-03-15,261,0,1,0,0,1,240,14,0,2,0,0,0,0,0,0,0,0,3
South Africa,2021-03-29,172,0,1,0,0,0,165,5,0,0,0,0,0,0,0,0,0,0,1
South Africa,2021-04-12,328,0,4,0,0,3,299,7,1,3,0,0,1,0,0,0,0,0,10
South Africa,2021-04-26,441,0,7,1,0,5,360,26,2,20,0,0,2,0,0,0,0,0,18
South Africa,2021-05-10,502,0,4,0,0,3,367,49,3,51,1,0,7,0,0,0,0,0,17
South Africa,2021-05-24,854,0,6,0,0,0,450,62,7,294,1,0,3,0,0,1,0,0,30
South Africa,2021-06-07,1261,0,0,0,0,0,292,55,28,858,3,0,0,1,2,12,0,0,10
South Africa,2021-06-21,2067,0,0,0,0,0,134,37,24,1843,0,0,0,0,1,14,0,0,14
South Africa,2021-07-05,1822,0,0,0,0,0,41,2,7,1745,1,2,0,0,0,7,0,0,17
South Africa,2021-07-19,1601,0,0,0,0,0,9,7,11,1558,0,0,0,0,1,7,0,0,8
South Africa,2021-08-02,1376,0,1,0,0,0,11,0,0,1353,1,0,0,0,0,0,0,0,10
South Africa,2021-08-16,1263,0,0,0,0,0,4,1,1,1247,0,1,0,0,0,2,0,0,7
South Africa,2021-08-30,1093,0,0,0,0,0,3,0,0,1083,0,0,0,0,0,0,0,0,7
South Africa,2021-09-13,678,0,0,0,0,0,4,0,0,671,0,0,0,0,0,0,0,0,3
South Africa,2021-09-27,360,0,0,0,0,0,0,0,0,357,0,0,0,0,0,0,0,0,3
South Africa,2021-10-11,281,0,0,0,0,0,1,0,0,275,0,0,0,0,0,0,2,0,3
South Africa,2021-10-25,122,0,0,0,0,0,2,0,0,113,0,0,0,0,0,0,3,0,4
South Africa,2021-11-08,341,0,0,0,0,0,2,0,0,60,0,0,0,0,0,0,274,0,5
South Africa,2021-11-22,2165,0,0,0,0,0,2,0,0,56,0,0,0,0,0,0,2074,1,32
South Africa,2021-12-06,2394,2,0,0,0,4,0,0,0,5,0,2,0,0,0,0,2346,1,34
South Africa,2021-12-20,1626,2,0,0,0,0,3,0,0,27,0,0,0,0,0,0,1577,0,17
South Africa,2022-01-03,1298,3,0,0,0,0,1,0,0,3,0,1,0,0,0,0,1280,0,10
South Africa,2022-01-17,1052,5,0,0,0,0,0,0,0,3,0,1,0,0,0,0,1039,0,4
South Africa,2022-01-31,487,2,0,0,0,0,0,0,0,4,0,0,0,0,0,0,476,0,5
South Africa,2022-02-14,556,9,0,0,0,0,0,1,0,4,0,0,0,0,0,0,541,0,1
South Africa,2022-02-28,539,11,0,0,0,0,0,0,0,3,0,0,0,0,0,0,525,0,0
South Africa,2022-03-14,570,6,0,0,0,0,0,0,0,4,0,0,0,0,0,0,559,0,1
South Africa,2022-03-28,794,6,0,0,0,0,0,0,0,4,0,0,0,0,0,0,784,0,0
South Africa,2022-04-11,948,1,0,0,0,0,0,0,0,0,0,0,0,0,0,0,944,0,3
South Africa,2022-04-25,1770,0,0,0,0,0,0,0,0,1,0,0,0,0,0,0,1769,0,0
South Africa,2022-05-09,1022,0,0,0,0,0,0,0,0,1,0,0,0,0,0,0,1021,0,0
South Africa,2022-05-23,841,1,0,0,0,0,0,0,0,0,0,0,0,0,0,0,839,0,1
South Africa,2022-06-06,486,2,0,0,0,0,0,0,0,0,0,0,0,0,0,0,484,0,0
South Africa,2022-06-20,280,7,1,0,0,0,0,0,0,0,0,0,0,0,0,0,272,0,0
South Africa,2022-07-04,250,0,0,0,0,0,0,0,0,0,0,0,0,0,0,0,250,0,0
South Africa,2022-07-18,167,1,0,0,0,0,0,0,0,0,0,0,0,0,0,0,166,0,0
South Africa,2022-08-01,125,4,0,0,0,0,0,0,0,0,0,0,0,0,0,0,121,0,0
South Africa,2022-08-15,136,2,0,0,0,0,0,0,0,0,0,0,0,0,0,0,134,0,0
South Africa,2022-08-29,181,5,0,0,0,0,0,0,0,0,0,0,0,0,0,0,176,0,0
South Africa,2022-09-12,353,10,0,0,0,0,0,0,0,0,0,0,0,0,0,0,343,0,0
South Africa,2022-09-26,315,5,0,0,0,0,0,0,0,0,0,0,0,0,0,0,310,0,0
South Africa,2022-10-10,339,4,0,0,0,0,0,0,0,1,0,0,0,0,0,0,334,0,0
South Africa,2022-10-24,379,6,0,0,0,0,0,0,0,0,0,0,0,0,0,0,373,0,0
South Africa,2022-11-07,261,3,0,0,0,0,0,0,0,0,0,0,0,0,0,0,258,0,0
South Africa,2022-11-21,260,1,0,0,0,0,0,0,0,0,0,0,0,0,0,0,259,0,0
South Africa,2022-12-05,121,0,0,0,0,0,0,0,0,0,0,0,0,0,0,0,121,0,0
South Africa,2022-12-19,67,2,0,0,0,0,0,0,0,0,0,0,0,0,0,0,65,0,0
South Africa,2023-01-02,505,7,0,0,0,0,0,0,0,0,0,0,0,0,0,0,498,0,0
South Africa,2023-01-16,487,4,0,0,0,0,0,0,0,0,0,0,0,0,0,0,483,0,0
South Africa,2023-01-30,687,7,0,0,0,0,0,0,0,0,0,0,0,0,0,0,680,0,0
South Africa,2023-02-13,533,2,0,0,0,0,0,0,0,0,0,0,0,0,0,0,531,0,0
South Africa,2023-02-27,391,0,0,0,0,0,0,0,0,0,0,0,0,0,0,0,391,0,0
South Africa,2023-03-13,384,1,0,0,0,0,0,0,0,0,0,0,0,0,0,0,383,0,0
South Africa,2023-03-27,104,0,0,0,0,0,0,0,0,0,0,0,0,0,0,0,104,0,0
South Africa,2023-04-10,192,0,0,0,0,0,0,0,0,0,0,0,0,0,0,0,192,0,0
South Africa,2023-04-24,129,0,0,0,0,0,0,0,0,0,0,0,0,0,0,0,129,0,0
South Africa,2023-05-08,122,0,0,0,0,0,0,0,0,0,0,0,0,0,0,0,122,0,0
South Africa,2023-05-22,45,0,0,0,0,0,0,0,0,0,0,0,0,0,0,0,45,0,0
South Africa,2023-06-05,38,0,0,0,0,0,0,0,0,0,0,0,0,0,0,0,38,0,0
South Africa,2023-06-19,22,0,0,0,0,0,0,0,0,0,0,0,0,0,0,0,22,0,0
South Africa,2023-07-03,27,0,0,0,0,0,0,0,0,0,0,0,0,0,0,0,27,0,0
South Africa,2023-07-17,31,0,0,0,0,0,0,0,0,0,0,0,0,0,0,0,31,0,0
South Africa,2023-07-31,36,0,0,0,0,0,0,0,0,0,0,0,0,0,0,0,36,0,0
South Africa,2023-08-14,112,0,0,0,0,0,0,0,0,0,0,0,0,0,0,0,112,0,0
South Africa,2023-08-28,103,1,0,0,0,0,0,0,0,0,0,0,0,0,0,0,102,0,0
South Africa,2023-09-11,101,0,0,0,0,0,0,0,0,0,0,0,0,0,0,0,101,0,0
South Africa,2023-09-25,127,0,0,0,0,0,0,0,0,0,0,0,0,0,0,0,127,0,0
South Africa,2023-10-09,145,2,0,0,0,0,0,0,0,0,0,0,0,0,0,0,143,0,0
South Africa,2023-10-23,105,0,0,0,0,0,0,0,0,0,0,0,0,0,0,0,105,0,0
South Africa,2023-11-06,118,1,0,0,0,0,0,0,0,0,0,0,0,0,0,0,117,0,0
South Africa,2023-11-20,96,1,0,0,0,0,0,0,0,0,0,0,0,0,0,0,95,0,0
South Africa,2023-12-04,71,2,0,0,0,0,0,0,0,0,0,0,0,0,0,0,69,0,0
South Africa,2023-12-18,32,0,0,0,0,0,0,0,0,0,0,0,0,0,0,0,32,0,0
South Africa,2024-01-01,37,1,0,0,0,0,0,0,0,0,0,0,0,0,0,0,36,0,0
South Africa,2024-01-15,38,3,0,0,0,0,0,0,0,0,0,0,0,0,0,0,35,0,0
South Africa,2024-01-29,69,5,0,0,0,0,0,0,0,0,0,0,0,0,0,0,64,0,0
South Africa,2024-02-12,76,6,0,0,0,0,0,0,0,0,0,0,0,0,0,0,70,0,0
South Africa,2024-02-26,58,7,0,0,0,0,0,0,0,0,0,0,0,0,0,0,51,0,0
South Africa,2024-03-11,17,0,0,0,0,0,0,0,0,0,0,0,0,0,0,0,17,0,0
South Africa,2024-03-25,32,0,0,0,0,0,0,0,0,0,0,0,0,0,0,0,32,0,0
South Africa,2024-04-08,31,0,0,0,0,0,0,0,0,0,0,0,0,0,0,0,31,0,0
South Africa,2024-04-22,43,2,0,0,0,0,0,0,0,0,0,0,0,0,0,0,41,0,0
South Africa,2024-05-06,80,2,0,0,0,0,0,0,0,0,0,0,0,0,0,0,78,0,0
South Africa,2024-07-01,18,2,0,0,0,0,0,0,0,0,0,0,0,0,0,0,16,0,0
South Africa,2024-07-15,25,0,0,0,0,0,0,0,0,0,0,0,0,0,0,0,25,0,0
South Africa,2024-07-29,34,0,0,0,0,0,0,0,0,0,0,0,0,0,0,0,34,0,0
South Korea,2020-04-27,47,0,0,0,0,0,0,0,0,0,0,0,0,0,0,0,0,1,46
South Korea,2020-05-11,64,0,0,0,0,0,0,0,0,0,0,0,0,0,0,0,0,2,62
South Korea,2020-05-25,165,0,0,0,0,0,0,0,0,0,0,0,0,0,0,0,0,4,161
South Korea,2020-06-08,108,0,0,0,0,0,0,0,0,0,0,0,0,0,0,0,0,3,105
South Korea,2020-06-22,169,0,0,0,0,0,0,0,0,0,0,0,0,0,0,0,0,5,164
South Korea,2020-07-06,118,0,0,0,0,0,0,0,0,0,0,0,0,0,0,0,0,3,115
South Korea,2020-07-20,98,0,0,0,0,0,0,0,0,0,0,0,0,0,0,0,0,3,95
South Korea,2020-08-03,126,0,0,0,0,0,0,0,0,0,0,0,0,0,0,0,0,3,123
South Korea,2020-08-17,185,0,0,0,5,1,0,0,0,0,0,0,0,0,0,0,0,0,179
South Korea,2020-08-31,69,0,0,0,0,0,0,0,0,0,0,0,0,0,0,0,0,2,67
South Korea,2020-09-14,66,0,5,0,0,0,0,0,0,0,0,0,0,0,0,0,0,0,61
South Korea,2020-09-28,66,0,0,0,1,15,0,0,0,0,0,0,0,0,0,0,0,0,50
South Korea,2020-10-12,93,0,20,0,0,4,0,0,0,0,0,0,0,0,0,0,0,0,69
South Korea,2020-10-26,86,0,7,0,0,1,0,0,0,0,0,0,0,0,0,0,0,0,78
South Korea,2020-11-09,202,0,3,0,2,2,0,0,0,0,0,0,0,0,0,0,0,0,195
South Korea,2020-11-23,175,0,3,0,7,7,0,0,0,0,0,0,0,0,0,0,0,0,158
South Korea,2020-12-07,178,0,0,0,0,1,0,2,0,0,0,7,0,0,0,0,0,5,163
South Korea,2020-12-21,192,0,1,0,0,0,1,11,0,0,0,7,0,0,0,0,0,7,165
South Korea,2021-01-04,130,0,2,0,0,0,3,11,1,0,0,6,0,0,0,0,0,3,104
South Korea,2021-01-18,192,0,0,0,0,0,1,21,0,0,0,8,0,0,1,0,0,10,151
South Korea,2021-02-01,206,0,0,1,0,0,0,41,0,0,0,9,2,1,1,0,0,6,145
South Korea,2021-02-15,240,0,0,1,0,0,1,41,0,0,0,11,0,2,1,0,0,12,171
South Korea,2021-03-01,301,0,0,0,0,0,3,25,1,0,0,6,0,0,4,0,0,12,250
South Korea,2021-03-15,263,0,1,0,0,0,2,41,0,0,0,6,0,0,1,0,0,0,212
South Korea,2021-03-29,392,0,5,0,0,0,5,80,1,0,5,17,0,0,1,0,0,6,272
South Korea,2021-04-12,487,0,32,0,0,0,9,126,1,7,3,24,0,1,1,0,0,1,282
South Korea,2021-04-26,358,0,56,0,0,0,6,110,0,14,1,6,0,0,0,0,0,0,165
South Korea,2021-05-10,192,0,60,0,0,0,0,50,0,5,1,2,0,0,0,0,0,0,74
South Korea,2021-05-24,441,0,92,0,0,0,1,25,0,14,0,0,0,0,0,0,0,0,309
South Korea,2021-06-07,424,0,38,0,0,0,1,54,3,58,0,0,0,0,14,0,0,0,256
South Korea,2021-06-21,744,0,46,0,0,0,2,91,3,294,0,0,0,0,30,1,0,0,277
South Korea,2021-07-05,961,0,31,0,0,0,2,55,2,567,0,0,0,0,41,0,0,0,263
South Korea,2021-07-19,1096,0,34,0,0,0,1,31,1,833,0,0,0,0,30,0,0,0,166
South Korea,2021-08-02,796,0,5,0,0,0,0,6,0,758,0,0,0,0,1,0,0,0,26
South Korea,2021-08-16,1065,0,2,0,0,0,0,3,1,1038,0,0,0,0,1,0,0,0,20
South Korea,2021-08-30,1534,0,1,0,0,0,0,0,0,1524,0,0,0,0,0,0,0,0,9
South Korea,2021-09-13,923,0,0,0,0,0,0,2,0,920,0,0,0,0,0,0,0,0,1
South Korea,2021-09-27,1046,0,0,0,0,0,0,0,0,1046,0,0,0,0,0,0,0,0,0
South Korea,2021-10-11,1513,0,0,0,0,0,0,0,0,1513,0,0,0,0,0,0,0,0,0
South Korea,2021-10-25,1461,0,0,0,0,0,0,0,0,1461,0,0,0,0,0,0,0,0,0
South Korea,2021-11-08,1330,0,0,0,0,0,0,0,0,1330,0,0,0,0,0,0,0,0,0
South Korea,2021-11-22,1651,0,0,0,0,0,0,0,0,1615,0,0,0,0,0,0,36,0,0
South Korea,2021-12-06,1684,0,0,0,0,0,0,0,0,1609,0,0,0,0,0,0,75,0,0
South Korea,2021-12-20,1463,0,0,0,0,0,0,0,0,1198,0,0,0,0,0,0,265,0,0
South Korea,2022-01-03,1924,0,0,0,0,0,0,0,0,762,0,0,0,0,0,0,1162,0,0
South Korea,2022-01-17,1290,0,0,0,0,0,0,0,0,133,0,0,0,0,0,0,1157,0,0
South Korea,2022-01-31,1607,0,0,0,0,0,0,0,0,10,0,0,0,0,0,0,1597,0,0
South Korea,2022-02-14,1782,0,0,0,0,0,0,0,0,1,0,0,0,0,0,0,1780,0,1
South Korea,2022-02-28,1662,0,0,0,0,0,0,0,0,1,0,0,0,0,0,0,1661,0,0
South Korea,2022-03-14,1327,5,0,0,0,0,0,0,0,0,0,0,0,0,0,0,1322,0,0
South Korea,2022-03-28,2037,7,0,0,0,0,0,0,0,0,0,0,0,0,0,0,2030,0,0
South Korea,2022-04-11,1969,1,0,0,0,0,0,0,0,0,0,0,0,0,0,0,1968,0,0
South Korea,2022-04-25,1885,7,0,0,0,0,0,0,0,0,0,0,0,0,0,0,1878,0,0
South Korea,2022-05-09,2040,7,0,0,0,0,0,0,0,0,0,0,0,0,0,0,2033,0,0
South Korea,2022-05-23,2287,6,0,0,0,0,0,0,0,0,0,0,0,0,0,0,2281,0,0
South Korea,2022-06-06,2014,11,0,0,3,0,0,0,0,0,0,0,0,0,0,0,2000,0,0
South Korea,2022-06-20,1498,11,0,0,0,0,0,0,0,0,0,0,0,0,0,0,1487,0,0
South Korea,2022-07-04,1717,3,0,0,0,0,0,0,0,0,0,0,0,0,0,0,1714,0,0
South Korea,2022-07-18,1816,4,0,0,0,0,0,0,0,0,0,0,0,0,0,0,1812,0,0
South Korea,2022-08-01,2027,2,0,0,0,0,0,0,0,0,0,0,0,0,0,0,2025,0,0
South Korea,2022-08-15,3868,1,0,0,0,0,0,0,0,0,0,0,0,0,0,0,3867,0,0
South Korea,2022-08-29,2401,4,0,0,0,0,0,0,0,0,0,0,0,0,0,0,2397,0,0
South Korea,2022-09-12,3296,2,0,0,0,0,0,0,0,0,0,0,0,0,0,0,3294,0,0
South Korea,2022-09-26,2860,2,0,0,0,0,0,0,0,0,0,0,0,0,0,0,2858,0,0
South Korea,2022-10-10,3054,4,0,0,0,0,0,0,0,0,0,0,0,0,0,0,3050,0,0
South Korea,2022-10-24,3091,4,0,0,0,0,0,0,0,0,0,0,0,0,0,0,3087,0,0
South Korea,2022-11-07,3256,7,0,0,0,0,0,0,0,4,0,0,0,0,0,0,3245,0,0
South Korea,2022-11-21,2984,3,0,0,0,0,0,0,0,0,0,0,0,0,0,0,2981,0,0
South Korea,2022-12-05,2998,11,0,0,0,0,0,0,0,0,0,0,0,0,0,0,2987,0,0
South Korea,2022-12-19,3139,24,0,0,0,0,0,0,0,0,0,0,0,0,0,0,3115,0,0
South Korea,2023-01-02,2934,25,0,0,0,0,0,0,0,0,0,0,0,0,0,0,2907,0,2
South Korea,2023-01-16,3146,36,0,0,0,0,0,0,0,0,0,0,0,0,0,0,3110,0,0
South Korea,2023-01-30,3200,33,0,0,0,0,0,0,0,0,0,0,0,0,0,0,3167,0,0
South Korea,2023-02-13,3100,45,0,0,0,0,0,0,0,0,0,0,0,0,0,0,3055,0,0
South Korea,2023-02-27,3042,43,0,0,0,0,0,0,0,0,0,0,0,0,0,0,2999,0,0
South Korea,2023-03-13,2926,32,0,0,0,0,0,0,0,0,0,0,0,0,0,0,2894,0,0
South Korea,2023-03-27,2841,36,0,0,0,0,0,0,0,0,0,0,0,0,0,0,2805,0,0
South Korea,2023-04-10,2896,32,0,0,0,0,0,0,0,0,0,0,0,0,0,0,2864,0,0
South Korea,2023-04-24,2869,28,0,0,3,0,0,0,0,0,0,0,0,0,0,0,2838,0,0
South Korea,2023-05-08,2905,28,0,0,0,0,0,0,0,0,0,0,0,0,0,0,2877,0,0
South Korea,2023-05-22,2935,23,0,0,0,0,0,0,0,0,0,0,0,0,0,0,2912,0,0
South Korea,2023-06-05,3007,26,0,0,0,0,0,0,0,1,0,0,0,0,0,0,2979,0,1
South Korea,2023-06-19,2321,8,0,0,0,0,0,0,0,1,0,0,0,0,0,0,2311,0,1
South Korea,2023-07-03,2489,18,0,0,0,0,0,0,0,0,0,0,0,0,0,0,2471,0,0
South Korea,2023-07-17,2026,12,0,0,0,0,0,0,0,0,0,0,0,0,0,0,2014,0,0
South Korea,2023-07-31,1858,10,0,0,0,0,0,0,0,0,0,0,0,0,0,0,1848,0,0
South Korea,2023-08-14,2259,11,0,0,0,0,0,0,0,0,0,0,0,0,0,0,2248,0,0
South Korea,2023-08-28,1295,10,0,0,0,0,0,0,0,0,0,0,0,0,0,0,1285,0,0
South Korea,2023-09-11,2948,16,0,0,0,0,0,0,0,0,0,0,0,0,0,0,2932,0,0
South Korea,2023-09-25,1379,11,0,0,0,0,0,0,0,0,0,0,0,0,0,0,1368,0,0
South Korea,2023-10-09,1695,15,0,0,0,0,0,0,0,0,0,0,0,0,0,0,1680,0,0
South Korea,2023-10-23,2073,10,0,0,0,0,0,0,0,0,0,0,0,0,0,0,2063,0,0
South Korea,2023-11-06,1882,11,0,0,0,0,0,0,0,0,0,0,0,0,0,0,1871,0,0
South Korea,2023-11-20,1862,20,0,0,0,0,0,0,0,0,0,0,0,0,0,0,1838,0,4
South Korea,2023-12-04,1755,19,0,0,0,0,0,0,0,0,0,0,0,0,0,0,1736,0,0
South Korea,2023-12-18,1382,25,0,0,1,0,0,0,0,0,0,0,0,0,0,0,1356,0,0
South Korea,2024-01-01,807,12,0,0,0,0,0,0,0,0,0,0,0,0,0,0,795,0,0
South Korea,2024-01-15,1110,28,0,0,0,0,0,0,0,0,0,0,0,0,0,0,1082,0,0
South Korea,2024-01-29,1274,48,0,0,0,0,0,0,0,0,0,0,0,0,0,0,1226,0,0
South Korea,2024-02-12,1508,62,0,0,0,0,0,0,0,0,0,0,0,0,0,0,1446,0,0
South Korea,2024-02-26,1219,60,0,0,0,0,0,0,0,0,0,0,0,0,0,0,1159,0,0
South Korea,2024-03-11,1143,54,0,0,0,0,0,0,0,0,0,0,0,0,0,0,1089,0,0
South Korea,2024-03-25,989,67,0,0,0,0,0,0,0,0,0,0,0,0,0,0,922,0,0
South Korea,2024-04-08,692,37,0,0,0,0,0,0,0,1,0,0,0,0,0,0,654,0,0
South Korea,2024-04-22,339,17,0,0,0,0,0,0,0,0,0,0,0,0,0,0,322,0,0
South Korea,2024-05-06,68,0,0,0,0,0,0,0,0,0,0,0,0,0,0,0,68,0,0
South Korea,2024-07-01,150,2,0,0,0,0,0,0,0,0,0,0,0,0,0,0,148,0,0
South Korea,2024-07-15,474,25,0,0,1,0,0,0,0,0,0,0,0,0,0,0,448,0,0
South Korea,2024-07-29,551,49,0,0,0,0,0,0,0,0,0,0,0,0,0,0,502,0,0
South Sudan,2020-08-03,1,1,0,0,0,0,0,0,0,0,0,0,0,0,0,0,0,0,0
South Sudan,2021-01-04,4,4,0,0,0,0,0,0,0,0,0,0,0,0,0,0,0,0,0
South Sudan,2021-01-18,13,0,0,0,0,0,0,0,1,0,0,0,8,0,0,0,0,0,4
South Sudan,2021-02-01,3,0,0,0,0,0,0,0,0,0,0,0,3,0,0,0,0,0,0
South Sudan,2021-02-15,1,0,0,0,0,0,0,0,0,0,0,0,1,0,0,0,0,0,0
South Sudan,2021-03-01,19,0,0,0,0,0,0,0,0,0,0,0,19,0,0,0,0,0,0
South Sudan,2021-03-15,5,0,0,0,0,0,0,0,0,0,0,0,5,0,0,0,0,0,0
South Sudan,2021-03-29,5,0,0,0,0,0,2,1,0,0,0,0,2,0,0,0,0,0,0
South Sudan,2021-04-12,1,0,0,0,0,0,0,0,0,0,0,0,1,0,0,0,0,0,0
South Sudan,2021-04-26,6,0,0,0,0,0,1,0,0,1,0,0,4,0,0,0,0,0,0
South Sudan,2021-05-10,1,0,0,0,0,0,0,0,0,1,0,0,0,0,0,0,0,0,0
South Sudan,2021-05-24,1,0,0,0,0,0,0,0,0,0,0,0,1,0,0,0,0,0,0
South Sudan,2021-06-07,10,0,0,0,0,0,0,0,0,10,0,0,0,0,0,0,0,0,0
South Sudan,2021-06-21,5,0,0,0,0,0,0,0,0,5,0,0,0,0,0,0,0,0,0
South Sudan,2021-07-05,5,0,0,0,0,0,0,0,0,5,0,0,0,0,0,0,0,0,0
South Sudan,2021-07-19,9,0,0,0,0,0,0,0,0,9,0,0,0,0,0,0,0,0,0
South Sudan,2021-08-02,2,0,0,0,0,0,0,0,0,2,0,0,0,0,0,0,0,0,0
South Sudan,2021-08-16,4,0,0,0,0,0,0,0,0,4,0,0,0,0,0,0,0,0,0
South Sudan,2021-08-30,5,0,0,0,0,0,0,0,0,5,0,0,0,0,0,0,0,0,0
South Sudan,2021-09-13,4,0,0,0,0,0,0,0,0,4,0,0,0,0,0,0,0,0,0
South Sudan,2021-09-27,17,0,0,0,0,0,0,0,0,17,0,0,0,0,0,0,0,0,0
South Sudan,2021-10-11,10,0,0,0,0,0,0,0,0,10,0,0,0,0,0,0,0,0,0
South Sudan,2021-10-25,4,0,0,0,0,0,0,0,0,4,0,0,0,0,0,0,0,0,0
South Sudan,2021-11-08,4,0,0,0,0,0,0,0,0,4,0,0,0,0,0,0,0,0,0
South Sudan,2021-12-06,28,0,0,0,0,0,0,0,0,0,0,0,0,0,0,0,28,0,0
South Sudan,2024-01-29,1,0,0,0,0,0,0,0,0,0,0,0,0,0,0,0,1,0,0
South Sudan,2024-03-11,3,0,0,0,0,0,0,0,0,0,0,0,0,0,0,0,3,0,0
South Sudan,2024-03-25,5,0,0,0,0,0,0,0,0,0,0,0,0,0,0,0,5,0,0
Spain,2020-04-27,196,0,0,0,0,0,0,0,0,0,0,0,0,0,0,0,0,5,191
Spain,2020-05-11,112,0,0,0,0,0,0,0,0,0,0,0,0,0,0,0,0,3,109
Spain,2020-05-25,60,0,0,0,0,0,0,0,0,0,0,0,0,0,0,0,0,2,58
Spain,2020-06-08,68,0,0,0,0,9,0,0,0,0,0,0,0,0,0,0,0,0,59
Spain,2020-06-22,172,0,0,0,0,70,0,0,0,0,0,0,0,0,0,0,0,0,102
Spain,2020-07-06,209,0,0,7,0,86,0,0,0,0,0,0,0,0,0,0,0,0,116
Spain,2020-07-20,193,0,0,1,0,128,0,0,0,0,0,0,0,0,0,0,0,0,64
Spain,2020-08-03,504,0,3,1,0,416,0,0,0,0,0,0,0,0,0,0,0,0,84
Spain,2020-08-17,411,0,1,0,1,380,0,0,0,0,0,0,0,0,0,0,0,0,29
Spain,2020-08-31,461,0,2,0,0,431,0,0,0,0,0,0,0,0,0,0,0,0,28
Spain,2020-09-14,484,0,27,0,0,372,0,0,0,0,0,0,0,0,0,0,0,0,85
Spain,2020-09-28,645,0,10,0,0,592,0,0,0,0,0,0,0,0,0,0,0,0,43
Spain,2020-10-12,501,0,35,0,0,430,0,3,0,0,0,0,0,0,0,0,0,0,33
Spain,2020-10-26,431,0,14,1,1,380,0,10,0,0,0,0,0,0,0,0,0,0,25
Spain,2020-11-09,459,0,12,0,0,420,0,3,0,2,0,0,0,0,0,0,0,0,22
Spain,2020-11-23,507,0,32,0,1,447,0,1,0,0,0,0,0,0,0,0,0,0,26
Spain,2020-12-07,1130,0,56,3,0,981,0,9,0,1,0,0,0,0,0,0,0,0,80
Spain,2020-12-21,1641,0,75,0,0,1190,1,226,0,0,0,0,0,0,0,0,0,0,149
Spain,2021-01-04,2093,0,74,2,0,1043,0,807,0,5,0,0,0,0,0,0,0,0,162
Spain,2021-01-18,3168,0,151,4,0,1801,1,906,2,2,0,1,1,0,0,0,0,0,299
Spain,2021-02-01,2918,0,115,43,0,1331,8,1183,5,1,0,0,1,0,0,0,0,0,231
Spain,2021-02-15,3015,0,76,60,1,820,21,1789,2,0,0,1,5,0,0,0,0,0,240
Spain,2021-03-01,3063,0,63,62,0,456,12,2232,15,2,0,0,3,1,0,3,0,0,214
Spain,2021-03-15,3289,1,19,33,0,161,25,2801,58,0,0,1,25,3,5,6,0,0,151
Spain,2021-03-29,3441,0,7,11,0,80,56,2954,144,4,0,1,52,7,11,11,0,0,103
Spain,2021-04-12,3945,0,7,12,0,47,44,3452,221,4,1,0,41,11,8,22,0,0,75
Spain,2021-04-26,4184,0,4,6,0,23,90,3647,158,65,0,1,33,35,22,46,0,0,54
Spain,2021-05-10,3864,2,1,8,0,11,53,3323,148,111,3,0,18,35,8,72,0,0,71
Spain,2021-05-24,3825,3,0,2,0,10,42,2934,153,344,0,1,21,20,31,183,0,1,80
Spain,2021-06-07,3660,4,0,0,0,8,74,2424,133,694,0,0,13,12,30,133,0,1,134
Spain,2021-06-21,5644,5,1,0,0,1,514,1802,133,2931,0,0,9,5,52,126,0,0,65
Spain,2021-07-05,7389,6,0,0,0,3,373,1233,60,5521,0,0,3,0,44,124,0,0,22
Spain,2021-07-19,7346,1,0,0,0,6,224,453,39,6527,0,0,3,0,25,56,0,0,12
Spain,2021-08-02,5854,0,0,0,0,0,41,119,18,5625,0,0,0,0,15,30,0,0,6
Spain,2021-08-16,4605,1,0,0,0,0,11,26,10,4542,0,0,0,0,5,4,0,0,6
Spain,2021-08-30,4050,0,0,0,0,0,0,6,5,4035,0,0,0,0,0,4,0,0,0
Spain,2021-09-13,3037,0,0,0,0,0,2,21,3,3007,0,0,0,0,1,3,0,0,0
Spain,2021-09-27,2393,0,0,0,0,1,0,3,2,2381,0,0,0,0,0,6,0,0,0
Spain,2021-10-11,2586,0,0,0,0,0,0,0,0,2586,0,0,0,0,0,0,0,0,0
Spain,2021-10-25,3037,0,0,0,0,0,0,0,1,3035,0,0,0,0,0,0,0,0,1
Spain,2021-11-08,4322,0,0,0,0,0,0,2,0,4320,0,0,0,0,0,0,0,0,0
Spain,2021-11-22,4975,0,0,0,0,0,0,0,0,4879,0,0,0,0,0,1,92,0,3
Spain,2021-12-06,6052,0,0,2,0,2,0,3,0,4189,0,0,0,0,0,0,1855,0,1
Spain,2021-12-20,5212,2,2,0,0,0,0,2,0,1670,0,0,0,0,0,0,3530,0,6
Spain,2022-01-03,5439,0,0,0,0,0,2,1,0,614,0,0,0,0,0,0,4815,0,7
Spain,2022-01-17,5053,0,0,0,0,0,0,0,0,255,0,0,0,0,0,0,4796,0,2
Spain,2022-01-31,4644,0,0,0,0,0,0,0,0,93,0,0,0,0,0,0,4551,0,0
Spain,2022-02-14,3998,7,0,0,0,0,0,1,0,12,0,0,0,0,0,0,3978,0,0
Spain,2022-02-28,3810,12,0,0,0,0,0,0,0,18,0,0,0,0,0,0,3780,0,0
Spain,2022-03-14,3962,21,0,0,0,0,0,0,0,21,0,0,0,0,0,0,3919,0,1
Spain,2022-03-28,3241,8,0,0,0,0,0,0,0,3,0,0,0,0,0,0,3226,0,4
Spain,2022-04-11,3045,24,0,0,0,0,0,0,0,2,0,0,0,0,0,0,3013,0,6
Spain,2022-04-25,4049,29,0,0,0,0,0,1,0,1,0,0,0,0,0,0,4018,0,0
Spain,2022-05-09,4257,43,0,0,0,0,0,0,0,1,0,0,0,0,0,0,4212,0,1
Spain,2022-05-23,3816,21,0,0,0,0,0,0,0,1,0,0,0,0,0,0,3794,0,0
Spain,2022-06-06,3753,35,0,0,0,0,0,0,0,0,0,0,0,0,0,0,3718,0,0
Spain,2022-06-20,4487,39,0,0,0,0,0,0,0,3,0,0,0,0,0,0,4445,0,0
Spain,2022-07-04,4971,38,0,0,0,0,0,0,0,0,0,0,0,0,0,0,4932,0,1
Spain,2022-07-18,3553,20,0,0,0,0,0,1,0,5,0,0,0,0,0,0,3527,0,0
Spain,2022-08-01,2490,11,0,0,0,4,0,3,0,0,0,0,0,0,0,0,2469,0,3
Spain,2022-08-15,1646,9,0,0,0,0,0,0,0,0,0,0,0,0,0,0,1637,0,0
Spain,2022-08-29,1339,3,0,0,0,0,0,0,0,0,0,0,0,0,0,0,1336,0,0
Spain,2022-09-12,1349,7,0,0,0,0,0,0,0,0,0,0,0,0,0,0,1342,0,0
Spain,2022-09-26,1530,4,0,0,0,0,0,1,0,7,0,0,0,0,0,0,1518,0,0
Spain,2022-10-10,2180,9,0,0,0,0,0,0,0,0,0,0,0,0,0,0,2171,0,0
Spain,2022-10-24,1850,5,0,0,0,0,0,0,0,0,0,0,0,0,0,0,1845,0,0
Spain,2022-11-07,2139,4,0,0,0,0,0,0,0,1,0,0,0,0,0,0,2134,0,0
Spain,2022-11-21,2066,2,0,0,0,0,0,0,0,0,0,0,0,0,0,0,2064,0,0
Spain,2022-12-05,2699,8,0,0,0,0,0,29,0,258,0,0,1,0,0,0,2403,0,0
Spain,2022-12-19,1851,11,0,0,0,0,0,0,0,0,0,0,0,0,0,0,1840,0,0
Spain,2023-01-02,1797,7,0,0,0,0,0,0,0,0,0,0,0,0,0,0,1790,0,0
Spain,2023-01-16,1147,6,0,0,0,0,0,0,0,0,0,0,0,0,0,0,1141,0,0
Spain,2023-01-30,1137,20,0,0,0,0,0,0,0,0,0,0,0,0,0,0,1117,0,0
Spain,2023-02-13,1065,16,0,0,0,0,0,0,0,0,0,0,0,0,0,0,1049,0,0
Spain,2023-02-27,1212,17,0,0,0,0,0,0,0,0,0,0,0,0,0,0,1195,0,0
Spain,2023-03-13,1257,20,0,0,0,0,0,0,0,0,0,0,0,0,0,0,1237,0,0
Spain,2023-03-27,1315,20,0,0,0,0,0,0,0,0,0,0,0,0,0,0,1295,0,0
Spain,2023-04-10,1755,16,0,0,0,0,0,0,0,0,0,0,0,0,0,0,1739,0,0
Spain,2023-04-24,1899,16,0,0,0,0,0,0,0,0,0,0,0,0,0,0,1883,0,0
Spain,2023-05-08,1732,9,0,0,0,0,0,0,0,0,0,0,0,0,0,0,1723,0,0
Spain,2023-05-22,1554,5,0,0,0,0,0,0,0,0,0,0,0,0,0,0,1549,0,0
Spain,2023-06-05,977,5,0,0,0,0,0,0,0,0,0,0,0,0,0,0,972,0,0
Spain,2023-06-19,683,5,0,0,0,0,0,0,0,0,0,0,0,0,0,0,678,0,0
Spain,2023-07-03,692,4,0,0,0,0,0,0,0,0,0,0,0,0,0,0,688,0,0
Sri Lanka,2020-04-27,1,0,0,0,0,0,0,0,0,0,0,0,0,0,0,0,0,0,1
Sri Lanka,2020-07-20,3,0,0,0,0,0,0,0,0,0,0,1,0,0,0,0,0,0,2
Sri Lanka,2020-09-28,1,0,0,0,0,0,0,0,0,0,0,0,0,0,0,0,0,0,1
Sri Lanka,2020-10-12,4,0,0,0,0,0,0,0,0,0,0,1,0,0,0,0,0,0,3
Sri Lanka,2020-10-26,8,0,0,0,0,0,0,0,0,0,0,1,0,0,0,0,0,0,7
Sri Lanka,2020-11-09,2,0,0,0,0,0,0,0,0,0,0,0,0,0,0,0,0,0,2
Sri Lanka,2020-11-23,12,0,0,0,0,0,0,0,0,0,0,2,0,0,0,0,0,0,10
Sri Lanka,2020-12-07,15,0,0,0,0,0,0,0,0,0,0,3,0,0,0,0,0,0,12
Sri Lanka,2020-12-21,12,0,0,1,0,5,0,1,1,0,0,1,0,1,0,0,0,0,2
Sri Lanka,2021-01-04,25,0,0,0,0,0,0,0,0,0,0,4,0,1,0,0,0,0,20
Sri Lanka,2021-01-18,81,0,2,1,0,22,0,13,1,0,0,5,0,0,0,0,0,1,36
Sri Lanka,2021-02-01,53,0,0,0,0,0,0,0,0,0,0,9,0,1,0,0,0,1,42
Sri Lanka,2021-02-15,52,0,0,0,0,0,0,0,0,0,0,8,0,1,0,0,0,1,42
Sri Lanka,2021-03-01,28,0,0,1,0,0,1,4,10,1,0,1,0,1,0,0,0,0,9
Sri Lanka,2021-03-15,29,0,0,1,0,1,2,1,2,0,0,4,0,2,0,0,0,1,15
Sri Lanka,2021-03-29,11,0,0,0,0,0,0,5,2,1,0,0,0,1,0,0,0,0,2
Sri Lanka,2021-04-12,22,0,0,0,0,1,0,21,0,0,0,0,0,0,0,0,0,0,0
Sri Lanka,2021-04-26,52,0,0,0,0,1,0,48,0,0,0,1,1,0,0,0,0,0,1
Sri Lanka,2021-05-10,45,0,0,0,0,0,0,39,2,3,0,0,0,0,0,0,0,0,1
Sri Lanka,2021-05-24,51,0,0,0,0,0,0,50,0,1,0,0,0,0,0,0,0,0,0
Sri Lanka,2021-06-07,93,0,0,0,0,0,1,83,0,9,0,0,0,0,0,0,0,0,0
Sri Lanka,2021-06-21,91,0,0,0,0,0,0,80,0,11,0,0,0,0,0,0,0,0,0
Sri Lanka,2021-07-05,106,0,0,0,0,0,1,59,1,45,0,0,0,0,0,0,0,0,0
Sri Lanka,2021-07-19,97,0,0,0,0,0,0,27,1,69,0,0,0,0,0,0,0,0,0
Sri Lanka,2021-08-02,124,0,0,0,0,0,0,4,0,120,0,0,0,0,0,0,0,0,0
Sri Lanka,2021-08-16,96,0,0,0,0,0,0,3,0,93,0,0,0,0,0,0,0,0,0
Sri Lanka,2021-08-30,190,0,0,0,0,0,0,3,1,186,0,0,0,0,0,0,0,0,0
Sri Lanka,2021-09-13,91,0,0,0,0,0,0,1,0,90,0,0,0,0,0,0,0,0,0
Sri Lanka,2021-09-27,127,0,0,0,0,0,0,0,0,127,0,0,0,0,0,0,0,0,0
Sri Lanka,2021-10-11,81,0,0,0,0,0,0,0,0,80,0,0,0,0,0,0,0,0,1
Sri Lanka,2021-10-25,129,0,0,0,0,0,0,0,0,129,0,0,0,0,0,0,0,0,0
Sri Lanka,2021-11-08,96,0,0,0,0,0,0,0,0,96,0,0,0,0,0,0,0,0,0
Sri Lanka,2021-11-22,167,0,0,0,0,0,0,0,0,166,0,0,0,0,0,0,1,0,0
Sri Lanka,2021-12-06,191,0,0,0,0,0,0,0,0,187,0,0,0,0,0,0,4,0,0
Sri Lanka,2021-12-20,140,0,0,0,0,0,0,0,0,61,0,0,0,0,0,0,79,0,0
Sri Lanka,2022-01-03,147,0,0,0,0,0,0,0,0,19,0,0,0,0,0,0,127,0,1
Sri Lanka,2022-01-17,197,1,0,0,0,0,0,0,0,3,0,0,0,0,0,0,192,0,1
Sri Lanka,2022-01-31,156,0,0,0,0,0,0,0,0,0,0,0,0,0,0,0,156,0,0
Sri Lanka,2022-02-14,81,0,0,0,0,0,0,0,0,0,0,0,0,0,0,0,81,0,0
Sri Lanka,2022-02-28,75,0,0,0,0,0,0,0,0,0,0,0,0,0,0,0,75,0,0
Sri Lanka,2022-03-14,23,0,0,0,0,0,0,0,0,0,0,0,0,0,0,0,23,0,0
Sri Lanka,2022-03-28,11,0,0,0,0,0,0,0,0,0,0,0,0,0,0,0,11,0,0
Sri Lanka,2022-04-11,9,0,0,0,0,0,0,0,0,0,0,0,0,0,0,0,9,0,0
Sri Lanka,2022-04-25,2,0,0,0,0,0,0,0,0,0,0,0,0,0,0,0,2,0,0
Sri Lanka,2022-05-09,3,0,0,0,0,0,0,0,0,0,0,0,0,0,0,0,3,0,0
Sri Lanka,2022-05-23,1,0,0,0,0,0,0,0,0,0,0,0,0,0,0,0,1,0,0
Sri Lanka,2022-06-20,3,0,0,0,0,0,0,0,0,0,0,0,0,0,0,0,3,0,0
Sri Lanka,2022-07-04,21,0,0,0,0,0,0,0,0,0,0,0,0,0,0,0,21,0,0
Sri Lanka,2022-07-18,8,0,0,0,0,0,0,0,0,0,0,0,0,0,0,0,8,0,0
Sri Lanka,2022-08-01,51,0,0,0,0,0,0,0,0,0,0,0,0,0,0,0,51,0,0
Sri Lanka,2022-08-15,3,0,0,0,0,0,0,0,0,0,0,0,0,0,0,0,3,0,0
Sri Lanka,2022-10-10,1,0,0,0,0,0,0,0,0,0,0,0,0,0,0,0,1,0,0
Sri Lanka,2022-10-24,17,0,0,0,0,0,0,0,0,0,0,0,0,0,0,0,17,0,0
Sri Lanka,2022-11-07,4,0,0,0,0,0,0,0,0,0,0,0,0,0,0,0,4,0,0
Sri Lanka,2022-11-21,2,0,0,0,0,0,0,0,0,0,0,0,0,0,0,0,2,0,0
Sri Lanka,2022-12-05,2,0,0,0,0,0,0,0,0,0,0,0,0,0,0,0,2,0,0
Sri Lanka,2022-12-19,3,0,0,0,0,0,0,0,0,0,0,0,0,0,0,0,3,0,0
Sri Lanka,2023-01-02,4,0,0,0,0,0,0,0,0,0,0,0,0,0,0,0,4,0,0
Sri Lanka,2023-03-27,2,0,0,0,0,0,0,0,0,0,0,0,0,0,0,0,2,0,0
Sri Lanka,2023-04-24,15,0,0,0,0,0,0,0,0,0,0,0,0,0,0,0,15,0,0
Sudan,2020-05-11,3,3,0,0,0,0,0,0,0,0,0,0,0,0,0,0,0,0,0
Sudan,2020-05-25,11,11,0,0,0,0,0,0,0,0,0,0,0,0,0,0,0,0,0
Sudan,2020-06-08,1,1,0,0,0,0,0,0,0,0,0,0,0,0,0,0,0,0,0
Sudan,2020-07-06,3,3,0,0,0,0,0,0,0,0,0,0,0,0,0,0,0,0,0
Sudan,2020-08-31,1,1,0,0,0,0,0,0,0,0,0,0,0,0,0,0,0,0,0
Sudan,2020-09-28,1,1,0,0,0,0,0,0,0,0,0,0,0,0,0,0,0,0,0
Sudan,2021-02-01,3,0,0,0,0,0,0,0,0,2,0,0,1,0,0,0,0,0,0
Sudan,2021-03-01,17,0,1,0,0,0,1,1,2,1,0,0,6,0,0,0,0,0,5
Sudan,2021-03-15,30,0,1,0,0,1,9,0,0,0,0,0,14,0,0,0,0,0,5
Sudan,2021-03-29,3,0,0,0,0,0,1,0,0,0,0,0,2,0,0,0,0,0,0
Sudan,2021-04-12,10,0,0,0,0,1,0,1,1,0,0,0,4,0,0,0,0,0,3
Sudan,2021-04-26,13,0,0,0,0,0,0,2,0,1,0,0,9,0,0,0,0,0,1
Sudan,2021-05-10,1,0,0,0,0,0,0,0,0,0,0,0,1,0,0,0,0,0,0
Sudan,2021-05-24,15,0,0,0,0,0,3,0,0,2,0,0,8,0,0,0,0,0,2
Sudan,2021-06-07,12,0,1,0,0,0,1,0,0,1,0,0,3,0,0,0,0,0,6
Sudan,2021-06-21,59,0,0,0,0,0,3,0,0,54,0,0,1,0,0,0,0,0,1
Sudan,2021-07-05,7,0,0,0,0,0,0,0,0,4,0,0,2,0,0,0,0,0,1
Sudan,2021-07-19,1,0,0,0,0,0,0,0,0,1,0,0,0,0,0,0,0,0,0
Sudan,2021-08-30,1,0,0,0,0,0,0,0,0,1,0,0,0,0,0,0,0,0,0
Sudan,2021-09-27,12,0,0,0,0,0,0,0,0,12,0,0,0,0,0,0,0,0,0
Sudan,2021-10-11,20,0,0,0,0,0,0,0,0,20,0,0,0,0,0,0,0,0,0
Sudan,2021-10-25,2,0,0,0,0,0,0,0,0,2,0,0,0,0,0,0,0,0,0
Sudan,2021-11-08,9,0,0,0,0,0,0,0,0,9,0,0,0,0,0,0,0,0,0
Sudan,2021-11-22,29,0,0,0,0,0,0,0,0,29,0,0,0,0,0,0,0,0,0
Sudan,2021-12-06,5,0,0,0,0,0,0,0,0,5,0,0,0,0,0,0,0,0,0
Sudan,2021-12-20,1,0,0,0,0,0,0,0,0,0,0,0,0,0,0,0,1,0,0
Sudan,2022-01-03,103,0,0,0,0,0,0,0,0,9,0,0,0,0,0,0,94,0,0
Sudan,2022-01-17,69,0,0,0,0,0,0,0,0,3,0,0,0,0,0,0,66,0,0
Sudan,2022-01-31,2,0,0,0,0,0,0,0,0,1,0,0,0,0,0,0,1,0,0
Sudan,2022-02-28,2,0,0,0,0,0,0,0,0,0,0,0,0,0,0,0,2,0,0
Sudan,2023-01-30,1,0,0,0,0,0,0,0,0,1,0,0,0,0,0,0,0,0,0
Sudan,2023-02-13,2,0,0,0,0,0,1,0,0,0,0,0,0,0,0,0,0,0,1
Sudan,2023-02-27,3,0,0,0,0,0,0,0,0,0,0,0,0,0,0,0,3,0,0
Suriname,2020-04-27,1,0,0,0,0,0,0,0,0,0,0,0,0,0,0,0,0,0,1
Suriname,2020-06-08,3,0,0,0,0,0,0,0,0,0,0,1,0,0,0,0,0,0,2
Suriname,2020-06-22,30,0,0,0,0,0,0,0,0,0,0,5,0,1,0,0,0,0,24
Suriname,2020-07-06,23,0,0,0,0,0,0,0,0,0,0,4,0,1,0,0,0,0,18
Suriname,2020-07-20,2,0,0,0,0,0,0,0,0,0,0,0,0,0,0,0,0,0,2
Suriname,2020-08-03,22,0,0,0,0,0,0,0,0,0,0,3,0,1,0,0,0,0,18
Suriname,2020-08-17,3,0,0,0,0,0,0,0,0,0,0,1,0,0,0,0,0,0,2
Suriname,2020-12-07,8,0,0,0,0,0,0,0,0,0,0,1,0,0,0,0,0,0,7
Suriname,2020-12-21,6,0,2,0,0,1,0,0,0,0,0,0,0,0,0,0,0,0,3
Suriname,2021-01-18,17,0,3,0,0,0,0,0,0,0,0,0,0,0,0,0,0,0,14
Suriname,2021-02-01,11,0,0,0,0,0,0,0,0,0,0,2,0,0,0,0,0,0,9
Suriname,2021-02-15,25,0,0,2,0,0,0,1,2,0,0,3,1,3,0,0,0,0,13
Suriname,2021-03-01,14,0,0,1,0,0,0,2,2,0,0,1,1,1,0,0,0,0,6
Suriname,2021-03-15,37,0,0,1,0,0,4,10,10,0,0,2,1,2,0,0,0,0,7
Suriname,2021-03-29,53,0,0,1,0,0,1,12,26,0,0,2,1,2,0,0,0,0,8
Suriname,2021-04-12,33,0,0,0,0,0,0,3,24,0,0,1,1,1,0,0,0,0,3
Suriname,2021-04-26,27,0,0,0,0,0,0,8,16,0,0,0,0,1,0,0,0,0,2
Suriname,2021-05-10,50,0,0,0,0,0,0,2,46,0,0,0,0,1,0,0,0,0,1
Suriname,2021-05-24,51,0,0,0,0,0,0,1,48,0,0,0,0,1,0,0,0,0,1
Suriname,2021-06-07,29,0,0,0,0,0,0,0,26,0,0,0,0,1,0,0,0,0,2
Suriname,2021-06-21,49,0,0,0,0,0,0,1,44,0,0,1,0,1,0,0,0,0,2
Suriname,2021-07-05,34,0,0,0,0,0,0,1,30,1,0,0,0,1,0,0,0,0,1
Suriname,2021-07-19,44,0,0,0,0,0,0,3,37,3,0,0,0,0,0,0,0,0,1
Suriname,2021-08-02,49,0,0,0,0,0,0,1,39,9,0,0,0,0,0,0,0,0,0
Suriname,2021-08-16,46,0,0,0,0,0,0,0,15,31,0,0,0,0,0,0,0,0,0
Suriname,2021-08-30,67,0,0,0,0,0,0,0,4,63,0,0,0,0,0,0,0,0,0
Suriname,2021-09-13,44,0,0,0,0,0,0,0,1,43,0,0,0,0,0,0,0,0,0
Suriname,2021-09-27,40,0,0,0,0,0,0,0,0,40,0,0,0,0,0,0,0,0,0
Suriname,2021-10-11,26,0,0,0,0,0,0,0,0,26,0,0,0,0,0,0,0,0,0
Suriname,2021-10-25,11,0,0,0,0,0,0,0,0,11,0,0,0,0,0,0,0,0,0
Suriname,2021-11-08,20,0,0,0,0,0,0,0,0,20,0,0,0,0,0,0,0,0,0
Suriname,2021-11-22,22,0,0,0,0,0,0,0,0,22,0,0,0,0,0,0,0,0,0
Suriname,2021-12-06,18,0,0,0,0,0,0,0,0,18,0,0,0,0,0,0,0,0,0
Suriname,2021-12-20,34,0,0,0,0,0,0,0,0,18,0,0,0,0,0,0,16,0,0
Suriname,2022-01-03,23,0,0,0,0,0,0,0,0,1,0,0,0,0,0,0,22,0,0
Suriname,2022-01-17,41,0,0,0,0,0,0,0,0,2,0,0,0,0,0,0,39,0,0
Suriname,2022-01-31,13,0,0,0,0,0,0,0,0,0,0,0,0,0,0,0,13,0,0
Suriname,2022-02-14,2,0,0,0,0,0,0,0,0,0,0,0,0,0,0,0,2,0,0
Suriname,2022-02-28,8,0,0,0,0,0,0,0,0,0,0,0,0,0,0,0,8,0,0
Suriname,2022-03-14,16,0,0,0,0,0,0,0,0,0,0,0,0,0,0,0,16,0,0
Suriname,2022-04-11,12,2,0,0,0,0,0,0,0,0,0,0,0,0,0,0,10,0,0
Suriname,2022-04-25,18,2,0,0,0,0,0,0,0,0,0,0,0,0,0,0,16,0,0
Suriname,2022-05-09,4,0,0,0,0,0,0,0,0,0,0,0,0,0,0,0,4,0,0
Sweden,2020-04-27,52,0,0,0,0,0,0,0,0,0,0,0,0,0,0,0,0,1,51
Sweden,2020-05-11,81,0,0,0,0,0,0,0,0,0,0,0,0,0,0,0,0,2,79
Sweden,2020-05-25,82,0,0,0,0,0,0,0,0,0,0,0,0,0,0,0,0,2,80
Sweden,2020-06-08,36,0,0,0,0,0,0,0,0,0,0,0,0,0,0,0,0,1,35
Sweden,2020-06-22,44,0,0,0,0,0,0,0,0,0,0,0,0,0,0,0,0,1,43
Sweden,2020-07-06,40,0,0,2,0,0,0,0,0,0,0,0,0,0,0,0,0,1,37
Sweden,2020-07-20,15,0,0,3,0,0,0,0,0,0,0,0,0,0,0,0,0,0,12
Sweden,2020-08-03,41,0,0,5,1,1,0,0,0,0,0,0,0,0,0,0,0,0,34
Sweden,2020-08-17,43,0,2,18,1,2,0,0,0,0,0,0,0,0,0,0,0,0,20
Sweden,2020-08-31,38,0,3,24,0,0,0,0,0,0,0,0,0,0,0,0,0,0,11
Sweden,2020-09-14,54,0,6,18,1,8,0,0,0,0,0,0,0,0,0,0,0,0,21
Sweden,2020-09-28,45,0,4,6,1,14,0,1,0,0,0,0,0,0,0,0,0,0,19
Sweden,2020-10-12,43,0,10,5,1,10,0,0,0,0,0,0,0,0,0,0,0,0,17
Sweden,2020-10-26,124,0,35,9,1,42,1,4,0,0,0,0,0,0,0,0,0,0,32
Sweden,2020-11-09,104,0,37,4,0,43,1,2,0,0,0,0,0,0,0,0,0,0,17
Sweden,2020-11-23,145,0,55,5,1,56,0,0,0,0,0,0,0,0,0,0,0,0,28
Sweden,2020-12-07,173,0,87,8,0,52,0,1,0,0,0,0,0,0,0,0,0,0,25
Sweden,2020-12-21,533,0,285,10,0,140,1,41,0,0,0,0,0,0,0,0,0,0,56
Sweden,2021-01-04,1314,0,482,19,1,561,6,128,0,1,0,0,0,0,0,0,0,0,116
Sweden,2021-01-18,3329,0,1018,34,11,1398,37,494,4,0,0,2,0,0,0,0,0,0,331
Sweden,2021-02-01,7642,0,1413,30,0,1974,264,3447,10,0,0,0,0,0,0,0,0,0,504
Sweden,2021-02-15,10574,0,831,74,0,1386,398,7498,17,0,0,0,1,0,0,0,0,1,368
Sweden,2021-03-01,12173,0,429,13,0,793,380,10418,12,0,0,0,0,0,0,0,0,0,128
Sweden,2021-03-15,12742,0,159,7,0,301,521,11656,14,0,0,0,4,0,0,0,0,0,80
Sweden,2021-03-29,7414,0,60,0,0,141,376,6724,11,5,2,0,9,1,0,0,0,0,85
Sweden,2021-04-12,6604,0,25,0,0,75,168,6258,6,10,1,0,1,1,0,0,0,0,59
Sweden,2021-04-26,7084,0,4,0,0,14,125,6874,10,15,0,0,0,0,0,0,0,0,42
Sweden,2021-05-10,6148,0,3,0,0,1,120,5915,17,58,0,0,0,0,0,1,0,0,33
Sweden,2021-05-24,3505,0,1,0,0,3,48,3118,27,282,0,0,0,0,0,0,0,0,26
Sweden,2021-06-07,4291,0,0,0,0,2,16,2937,22,1277,0,0,0,0,0,0,0,0,37
Sweden,2021-06-21,2340,0,0,0,0,0,5,1130,14,1175,0,0,1,0,1,0,0,0,14
Sweden,2021-07-05,2509,0,0,0,0,0,2,296,10,2188,0,0,0,0,2,2,0,0,9
Sweden,2021-07-19,3615,0,0,0,0,0,3,72,0,3536,0,0,0,0,0,1,0,0,3
Sweden,2021-08-02,5894,0,0,0,0,0,2,19,0,5872,0,0,0,0,1,0,0,0,0
Sweden,2021-08-16,5054,0,0,0,0,0,0,9,0,5045,0,0,0,0,0,0,0,0,0
Sweden,2021-08-30,4324,0,0,0,0,0,0,1,0,4323,0,0,0,0,0,0,0,0,0
Sweden,2021-09-13,3408,0,0,0,0,0,0,0,0,3408,0,0,0,0,0,0,0,0,0
Sweden,2021-09-27,2440,0,0,0,0,0,0,1,0,2439,0,0,0,0,0,0,0,0,0
Sweden,2021-10-11,4140,0,0,0,0,0,0,1,0,4139,0,0,0,0,0,0,0,0,0
Sweden,2021-10-25,4640,0,0,1,0,0,0,0,0,4639,0,0,0,0,0,0,0,0,0
Sweden,2021-11-08,5041,0,0,0,0,0,0,0,0,5040,0,0,0,0,0,0,1,0,0
Sweden,2021-11-22,4625,0,0,0,0,0,0,0,0,4581,0,0,0,0,0,0,42,0,2
Sweden,2021-12-06,6020,0,0,0,0,0,0,0,0,5100,0,0,0,0,0,0,920,0,0
Sweden,2021-12-20,5618,0,0,0,0,0,0,0,0,2124,0,0,0,0,0,0,3494,0,0
Sweden,2022-01-03,7054,1,0,0,0,0,0,0,0,466,0,0,0,0,0,0,6586,0,1
Sweden,2022-01-17,6801,2,0,0,0,0,0,0,0,52,0,0,0,0,0,0,6747,0,0
Sweden,2022-01-31,8517,4,0,0,0,0,0,0,0,8,0,0,0,0,0,0,8503,0,2
Sweden,2022-02-14,6255,1,0,0,0,0,0,0,0,1,0,0,0,0,0,0,6253,0,0
Sweden,2022-02-28,5927,17,0,0,0,0,0,0,0,0,0,0,0,0,0,0,5910,0,0
Sweden,2022-03-14,3873,15,0,0,0,0,0,0,0,1,0,0,0,0,0,0,3857,0,0
Sweden,2022-03-28,2422,14,0,0,0,0,0,0,0,0,0,0,0,0,0,0,2408,0,0
Sweden,2022-04-11,1583,11,0,0,0,0,0,0,0,1,0,0,0,0,0,0,1571,0,0
Sweden,2022-04-25,1267,4,0,0,0,0,0,0,0,0,0,0,0,0,0,0,1263,0,0
Sweden,2022-05-09,1244,15,0,0,0,0,0,0,0,0,0,0,0,0,0,0,1229,0,0
Sweden,2022-05-23,1088,3,0,0,0,0,0,0,0,0,0,0,0,0,0,0,1085,0,0
Sweden,2022-06-06,1575,5,0,0,0,0,0,0,0,0,0,0,0,0,0,0,1570,0,0
Sweden,2022-06-20,2791,5,0,0,0,0,0,0,0,0,0,0,0,0,0,0,2786,0,0
Sweden,2022-07-04,3793,9,0,0,0,0,0,0,0,0,0,0,0,0,0,0,3784,0,0
Sweden,2022-07-18,3936,3,0,0,0,0,0,0,0,0,0,0,0,0,0,0,3933,0,0
Sweden,2022-08-01,3165,15,0,0,0,0,0,0,0,0,0,0,0,0,0,0,3150,0,0
Sweden,2022-08-15,2587,12,0,0,0,0,0,0,0,0,0,0,0,0,0,0,2575,0,0
Sweden,2022-08-29,2714,2,0,0,0,0,0,0,0,0,0,0,0,0,0,0,2712,0,0
Sweden,2022-09-12,2705,4,0,0,0,0,0,0,0,0,0,0,0,0,0,0,2701,0,0
Sweden,2022-09-26,2699,7,0,0,0,0,0,0,0,0,0,0,0,0,0,0,2692,0,0
Sweden,2022-10-10,2548,7,0,0,0,0,0,0,0,0,0,0,0,0,0,0,2541,0,0
Sweden,2022-10-24,2627,10,0,0,0,0,0,0,0,0,0,0,0,0,0,0,2617,0,0
Sweden,2022-11-07,2659,9,0,0,0,0,0,0,0,0,0,0,0,0,0,0,2650,0,0
Sweden,2022-11-21,3505,18,0,0,0,0,0,0,0,0,0,0,0,0,0,0,3487,0,0
Sweden,2022-12-05,4136,65,0,0,0,0,0,0,0,0,0,0,0,0,0,0,4071,0,0
Sweden,2022-12-19,2958,83,0,0,0,0,0,0,0,0,0,0,0,0,0,0,2875,0,0
Sweden,2023-01-02,2700,135,0,0,0,0,0,0,0,0,0,0,0,0,0,0,2565,0,0
Sweden,2023-01-16,1608,101,0,0,0,0,0,0,0,0,0,0,0,0,0,0,1507,0,0
Sweden,2023-01-30,1224,73,0,0,0,0,0,0,0,0,0,0,0,0,0,0,1151,0,0
Sweden,2023-02-13,728,50,0,0,0,0,0,0,0,0,0,0,0,0,0,0,678,0,0
Sweden,2023-02-27,783,14,0,0,0,0,0,0,0,0,0,0,0,0,0,0,769,0,0
Sweden,2023-03-13,1188,37,0,0,0,0,0,0,0,0,0,0,0,0,0,0,1151,0,0
Sweden,2023-03-27,1135,28,0,0,0,0,0,0,0,0,0,0,0,0,0,0,1107,0,0
Sweden,2023-04-10,1217,16,0,0,0,0,0,0,0,0,0,0,0,0,0,0,1201,0,0
Sweden,2023-04-24,972,18,0,0,0,0,0,0,0,0,0,0,0,0,0,0,954,0,0
Sweden,2023-05-08,955,8,0,0,0,0,0,0,0,0,0,0,0,0,0,0,947,0,0
Sweden,2023-05-22,629,1,0,0,0,0,0,0,0,0,0,0,0,0,0,0,628,0,0
Sweden,2023-06-05,537,2,0,0,0,0,0,0,0,0,0,0,0,0,0,0,535,0,0
Sweden,2023-06-19,289,0,0,0,0,0,0,0,0,0,0,0,0,0,0,0,289,0,0
Sweden,2023-07-03,203,0,0,0,0,0,0,0,0,0,0,0,0,0,0,0,203,0,0
Sweden,2023-07-17,176,2,0,0,0,0,0,0,0,0,0,0,0,0,0,0,174,0,0
Sweden,2023-07-31,270,2,0,0,0,0,0,0,0,0,0,0,0,0,0,0,268,0,0
Sweden,2023-08-14,410,4,0,0,0,0,0,0,0,0,0,0,0,0,0,0,406,0,0
Sweden,2023-08-28,714,16,0,0,0,0,0,0,0,0,0,0,0,0,0,0,698,0,0
Sweden,2023-09-11,701,13,0,0,0,0,0,0,0,0,0,0,0,0,0,0,688,0,0
Sweden,2023-09-25,779,21,0,0,0,0,0,0,0,0,0,0,0,0,0,0,758,0,0
Sweden,2023-10-09,1053,17,0,0,0,0,0,0,0,0,0,0,0,0,0,0,1036,0,0
Sweden,2023-10-23,1634,57,0,0,0,0,0,0,0,0,0,0,0,0,0,0,1577,0,0
Sweden,2023-11-06,2170,57,0,0,0,0,0,0,0,0,0,0,0,0,0,0,2113,0,0
Sweden,2023-11-20,1903,48,0,0,0,0,0,0,0,0,0,0,0,0,0,0,1855,0,0
Sweden,2023-12-04,2253,54,0,0,0,0,0,0,0,0,0,0,0,0,0,0,2199,0,0
Sweden,2023-12-18,846,19,0,0,0,0,0,0,0,0,0,0,0,0,0,0,827,0,0
Sweden,2024-01-01,797,21,0,0,0,0,0,0,0,0,0,0,0,0,0,0,776,0,0
Sweden,2024-01-15,276,5,0,0,0,0,0,0,0,0,0,0,0,0,0,0,271,0,0
Sweden,2024-01-29,200,7,0,0,0,0,0,0,0,0,0,0,0,0,0,0,193,0,0
Sweden,2024-02-12,130,1,0,0,0,0,0,0,0,0,0,0,0,0,0,0,129,0,0
Sweden,2024-02-26,111,3,0,0,0,0,0,0,0,0,0,0,0,0,0,0,108,0,0
Sweden,2024-03-11,43,5,0,0,0,0,0,0,0,0,0,0,0,0,0,0,38,0,0
Sweden,2024-03-25,44,1,0,0,0,0,0,0,0,0,0,0,0,0,0,0,43,0,0
Sweden,2024-04-08,35,1,0,0,0,0,0,0,0,0,0,0,0,0,0,0,34,0,0
Sweden,2024-04-22,82,2,0,0,0,0,0,0,0,0,0,0,0,0,0,0,80,0,0
Sweden,2024-05-06,98,2,0,0,0,0,0,0,0,0,0,0,0,0,0,0,96,0,0
Sweden,2024-07-01,196,1,0,0,0,0,0,0,0,0,0,0,0,0,0,0,195,0,0
Sweden,2024-07-15,356,2,0,0,0,0,0,0,0,0,0,0,0,0,0,0,354,0,0
Sweden,2024-07-29,483,5,0,0,0,0,0,0,0,0,0,0,0,0,0,0,478,0,0
Switzerland,2020-04-27,70,0,0,0,0,0,0,0,0,0,0,0,0,0,0,0,0,2,68
Switzerland,2020-05-11,13,0,0,0,0,0,0,0,0,0,0,0,0,0,0,0,0,0,13
Switzerland,2020-05-25,19,0,0,0,0,0,0,0,0,0,0,0,0,0,0,0,0,1,18
Switzerland,2020-06-08,21,0,0,0,0,0,0,0,0,0,0,0,0,0,0,0,0,1,20
Switzerland,2020-06-22,67,0,0,0,0,0,0,0,0,0,0,0,0,0,0,0,0,2,65
Switzerland,2020-07-06,146,0,0,0,1,0,0,0,0,0,0,0,0,0,0,0,0,0,145
Switzerland,2020-07-20,123,0,3,1,5,5,0,0,0,0,0,0,0,0,0,0,0,0,109
Switzerland,2020-08-03,156,0,11,0,13,23,0,0,0,0,0,0,0,0,0,0,0,0,109
Switzerland,2020-08-17,236,0,51,2,18,59,0,0,0,0,0,0,0,0,0,0,0,0,106
Switzerland,2020-08-31,274,0,76,4,9,95,0,0,0,0,0,0,0,0,0,0,0,0,90
Switzerland,2020-09-14,44,0,16,0,0,9,0,0,0,0,0,0,0,0,0,0,0,0,19
Switzerland,2020-09-28,396,0,112,0,4,130,0,0,0,0,0,0,0,0,0,0,0,0,150
Switzerland,2020-10-12,956,0,284,0,9,372,0,0,0,0,0,0,0,0,0,0,0,0,291
Switzerland,2020-10-26,1505,0,644,1,7,467,0,0,0,0,0,0,0,0,0,0,0,0,386
Switzerland,2020-11-09,1520,0,592,0,8,437,0,12,0,0,0,0,0,0,0,0,0,0,471
Switzerland,2020-11-23,1224,0,512,1,0,317,0,8,0,0,0,0,0,0,0,0,0,0,386
Switzerland,2020-12-07,2063,0,876,7,1,649,2,9,0,0,0,0,0,0,0,0,0,0,519
Switzerland,2020-12-21,2632,0,1126,32,1,800,4,98,0,0,0,0,0,0,0,0,0,0,571
Switzerland,2021-01-04,3138,0,1255,44,0,973,10,291,0,0,0,0,0,0,0,0,0,0,565
Switzerland,2021-01-18,3081,0,966,33,0,715,37,754,6,0,0,2,2,0,0,0,0,0,566
Switzerland,2021-02-01,2218,0,463,13,0,243,34,1175,8,0,0,1,2,0,0,0,0,0,279
Switzerland,2021-02-15,1748,0,255,4,0,74,31,1195,4,0,0,0,2,0,0,0,0,0,183
Switzerland,2021-03-01,2220,0,91,5,0,45,23,1891,10,0,0,0,5,0,0,0,0,0,150
Switzerland,2021-03-15,2312,0,34,5,0,24,15,2120,5,0,0,0,8,1,0,0,0,0,100
Switzerland,2021-03-29,2707,0,24,2,0,5,30,2546,6,3,1,0,5,2,0,0,0,0,83
Switzerland,2021-04-12,3628,0,16,2,0,4,45,3427,17,14,2,0,7,0,0,0,0,0,94
Switzerland,2021-04-26,3442,0,18,2,0,1,42,3190,33,31,1,0,20,3,2,1,0,0,98
Switzerland,2021-05-10,2444,0,7,3,0,1,19,2218,60,40,0,0,5,2,2,4,0,0,83
Switzerland,2021-05-24,1504,0,4,0,0,0,12,1316,29,76,0,0,0,0,2,12,0,0,53
Switzerland,2021-06-07,753,0,7,0,0,0,7,539,15,148,0,0,1,0,2,12,0,0,22
Switzerland,2021-06-21,472,0,3,0,0,0,5,151,16,274,0,0,0,0,3,6,0,0,14
Switzerland,2021-07-05,1855,2,2,2,0,1,1,121,10,1694,0,0,0,0,10,3,0,0,9
Switzerland,2021-07-19,3440,1,0,0,0,0,0,36,15,3352,0,0,1,0,6,6,0,0,23
Switzerland,2021-08-02,5813,0,2,0,0,0,2,21,4,5729,0,0,0,0,4,2,0,0,49
Switzerland,2021-08-16,4988,0,1,0,0,0,0,5,1,4979,0,0,0,0,1,0,0,0,1
Switzerland,2021-08-30,4463,0,0,0,0,0,0,0,0,4463,0,0,0,0,0,0,0,0,0
Switzerland,2021-09-13,3938,0,0,0,0,0,0,0,0,3938,0,0,0,0,0,0,0,0,0
Switzerland,2021-09-27,3081,0,0,0,0,0,0,0,0,3080,0,0,0,0,0,0,0,0,1
Switzerland,2021-10-11,3753,0,0,0,0,0,0,0,0,3753,0,0,0,0,0,0,0,0,0
Switzerland,2021-10-25,5607,0,0,0,0,0,0,0,0,5605,0,0,0,0,0,0,0,0,2
Switzerland,2021-11-08,6366,0,0,0,0,0,0,0,0,6365,0,0,0,0,0,0,1,0,0
Switzerland,2021-11-22,6085,0,0,0,0,0,0,1,0,5943,0,0,0,0,0,0,140,0,1
Switzerland,2021-12-06,4884,0,0,0,0,0,0,0,0,4147,0,0,0,0,0,0,736,0,1
Switzerland,2021-12-20,4390,0,0,0,0,0,0,0,0,1699,0,0,0,0,0,0,2690,0,1
Switzerland,2022-01-03,5635,0,0,0,0,0,0,0,0,550,0,0,0,0,0,0,5085,0,0
Switzerland,2022-01-17,4821,0,0,0,0,0,0,0,0,75,0,0,0,0,0,0,4746,0,0
Switzerland,2022-01-31,4757,0,0,0,0,0,0,0,0,31,0,0,0,0,0,0,4726,0,0
Switzerland,2022-02-14,4305,2,0,0,0,0,0,0,0,6,0,0,0,0,0,0,4297,0,0
Switzerland,2022-02-28,3467,4,0,0,0,0,0,0,0,1,0,0,0,0,0,0,3462,0,0
Switzerland,2022-03-14,3071,7,0,0,0,0,0,0,0,1,0,0,0,0,0,0,3063,0,0
Switzerland,2022-03-28,1214,5,0,0,0,0,0,0,0,0,0,0,0,0,0,0,1209,0,0
Switzerland,2022-04-11,930,2,0,0,0,0,0,0,0,0,0,0,0,0,0,0,928,0,0
Switzerland,2022-04-25,745,14,0,0,0,0,0,0,0,1,0,0,0,0,0,0,730,0,0
Switzerland,2022-05-09,879,7,0,0,0,0,0,0,0,1,0,0,0,0,0,0,871,0,0
Switzerland,2022-05-23,913,11,0,0,0,0,0,0,0,2,0,0,0,0,0,0,900,0,0
Switzerland,2022-06-06,1000,27,0,0,0,0,0,0,0,0,0,0,0,0,0,0,973,0,0
Switzerland,2022-06-20,1144,19,0,0,0,0,0,0,0,0,0,0,0,0,0,0,1125,0,0
Switzerland,2022-07-04,916,8,0,0,0,0,0,0,0,0,0,0,0,0,0,0,908,0,0
Switzerland,2022-07-18,1010,11,0,0,0,0,0,0,0,0,0,0,0,0,0,0,999,0,0
Switzerland,2022-08-01,966,11,0,0,0,0,0,0,0,0,0,0,0,0,0,0,955,0,0
Switzerland,2022-08-15,876,6,0,0,0,0,0,0,0,0,0,0,0,0,0,0,870,0,0
Switzerland,2022-08-29,833,4,0,0,0,0,0,0,0,0,0,0,0,0,0,0,829,0,0
Switzerland,2022-09-12,1018,4,0,0,0,0,0,0,0,0,0,0,0,0,0,0,1014,0,0
Switzerland,2022-09-26,1234,7,0,0,0,0,0,0,0,0,0,0,0,0,0,0,1227,0,0
Switzerland,2022-10-10,1158,8,0,0,0,0,0,0,0,0,0,0,0,0,0,0,1150,0,0
Switzerland,2022-10-24,1075,7,0,0,0,0,0,0,0,0,0,0,0,0,0,0,1068,0,0
Switzerland,2022-11-07,1104,3,0,0,0,0,0,0,0,0,0,0,0,0,0,0,1101,0,0
Switzerland,2022-11-21,1066,1,0,0,0,0,0,0,0,0,0,0,0,0,0,0,1065,0,0
Switzerland,2022-12-05,982,1,0,0,0,0,0,0,0,0,0,0,0,0,0,0,981,0,0
Switzerland,2022-12-19,724,3,0,0,0,0,0,0,0,0,0,0,0,0,0,0,721,0,0
Switzerland,2023-01-02,273,1,0,0,0,0,0,0,0,0,0,0,0,0,0,0,272,0,0
Switzerland,2023-01-16,163,4,0,0,0,0,0,0,0,0,0,0,0,0,0,0,159,0,0
Switzerland,2023-01-30,186,3,0,0,0,0,0,0,0,0,0,0,0,0,0,0,183,0,0
Switzerland,2023-02-13,246,4,0,0,0,0,0,0,0,0,0,0,0,0,0,0,242,0,0
Switzerland,2023-02-27,331,4,0,0,0,0,0,0,0,0,0,0,0,0,0,0,327,0,0
Switzerland,2023-03-13,293,2,0,0,0,0,0,0,0,0,0,0,0,0,0,0,291,0,0
Switzerland,2023-03-27,322,2,0,0,0,0,0,0,0,0,0,0,0,0,0,0,320,0,0
Switzerland,2023-04-10,216,0,0,0,0,0,0,0,0,0,0,0,0,0,0,0,216,0,0
Switzerland,2023-04-24,212,1,0,0,0,0,0,0,0,0,0,0,0,0,0,0,211,0,0
Switzerland,2023-05-08,156,0,0,0,0,0,0,0,0,0,0,0,0,0,0,0,156,0,0
Switzerland,2023-05-22,125,0,0,0,0,0,0,0,0,0,0,0,0,0,0,0,125,0,0
Switzerland,2023-06-05,62,0,0,0,0,0,0,0,0,0,0,0,0,0,0,0,62,0,0
Switzerland,2023-06-19,26,0,0,0,0,0,0,0,0,0,0,0,0,0,0,0,26,0,0
Switzerland,2023-07-03,37,0,0,0,0,0,0,0,0,0,0,0,0,0,0,0,37,0,0
Switzerland,2023-07-17,43,1,0,0,0,0,0,0,0,0,0,0,0,0,0,0,42,0,0
Switzerland,2023-07-31,105,4,0,0,0,0,0,0,0,0,0,0,0,0,0,0,101,0,0
Switzerland,2023-08-14,179,1,0,0,0,0,0,0,0,0,0,0,0,0,0,0,178,0,0
Switzerland,2023-08-28,271,3,0,0,0,0,0,0,0,0,0,0,0,0,0,0,268,0,0
Switzerland,2023-09-11,209,14,0,0,0,0,0,0,0,0,0,0,0,0,0,0,195,0,0
Switzerland,2023-09-25,240,7,0,0,0,0,0,0,0,0,0,0,0,0,0,0,233,0,0
Switzerland,2023-10-09,293,8,0,0,0,0,0,0,0,0,0,0,0,0,0,0,285,0,0
Switzerland,2023-10-23,345,17,0,0,0,0,0,0,0,0,0,0,0,0,0,0,328,0,0
Switzerland,2023-11-06,404,15,0,0,0,0,0,0,0,0,0,0,0,0,0,0,389,0,0
Switzerland,2023-11-20,387,10,0,0,0,0,0,0,0,0,0,0,0,0,0,0,377,0,0
Switzerland,2023-12-04,379,5,0,0,0,0,0,0,0,0,0,0,0,0,0,0,374,0,0
Switzerland,2023-12-18,333,6,0,0,0,0,0,0,0,0,0,0,0,0,0,0,327,0,0
Switzerland,2024-01-01,233,6,0,0,0,0,0,0,0,0,0,0,0,0,0,0,227,0,0
Switzerland,2024-01-15,102,1,0,0,0,0,0,0,0,0,0,0,0,0,0,0,101,0,0
Switzerland,2024-01-29,72,2,0,0,0,0,0,0,0,0,0,0,0,0,0,0,70,0,0
Switzerland,2024-02-12,52,0,0,0,0,0,0,0,0,0,0,0,0,0,0,0,52,0,0
Switzerland,2024-02-26,27,1,0,0,0,0,0,0,0,0,0,0,0,0,0,0,26,0,0
Switzerland,2024-03-11,11,0,0,0,0,0,0,0,0,0,0,0,0,0,0,0,11,0,0
Switzerland,2024-03-25,10,0,0,0,0,0,0,0,0,0,0,0,0,0,0,0,10,0,0
Switzerland,2024-04-08,12,0,0,0,0,0,0,0,0,0,0,0,0,0,0,0,12,0,0
Switzerland,2024-04-22,25,1,0,0,0,0,0,0,0,0,0,0,0,0,0,0,24,0,0
Switzerland,2024-05-06,49,2,0,0,0,0,0,0,0,0,0,0,0,0,0,0,47,0,0
Switzerland,2024-07-01,122,2,0,0,0,0,0,0,0,0,0,0,0,0,0,0,120,0,0
Switzerland,2024-07-15,115,0,0,0,0,0,0,0,0,0,0,0,0,0,0,0,115,0,0
Switzerland,2024-07-29,23,0,0,0,0,0,0,0,0,0,0,0,0,0,0,0,23,0,0
Tanzania,2021-01-18,5,0,0,0,0,0,4,1,0,0,0,0,0,0,0,0,0,0,0
Tanzania,2021-02-01,1,0,0,0,0,0,0,0,0,1,0,0,0,0,0,0,0,0,0
Tanzania,2021-03-29,4,0,0,0,0,0,4,0,0,0,0,0,0,0,0,0,0,0,0
Tanzania,2021-04-12,1,0,0,0,0,0,1,0,0,0,0,0,0,0,0,0,0,0,0
Tanzania,2021-04-26,3,0,0,0,0,0,2,0,0,1,0,0,0,0,0,0,0,0,0
Tanzania,2021-06-07,1,0,0,0,0,0,0,0,0,1,0,0,0,0,0,0,0,0,0
Tanzania,2021-09-13,4,0,0,0,0,0,0,0,0,4,0,0,0,0,0,0,0,0,0
Tanzania,2021-09-27,23,0,0,0,0,0,0,0,0,23,0,0,0,0,0,0,0,0,0
Tanzania,2021-10-11,21,0,0,0,0,0,0,0,0,21,0,0,0,0,0,0,0,0,0
Tanzania,2021-10-25,7,0,0,0,0,0,1,0,0,6,0,0,0,0,0,0,0,0,0
Tanzania,2021-11-08,4,0,0,0,0,0,0,0,0,4,0,0,0,0,0,0,0,0,0
Tanzania,2021-11-22,13,0,0,0,0,0,0,0,0,2,0,0,0,0,0,0,11,0,0
Tanzania,2021-12-06,20,0,0,0,0,0,0,0,0,1,0,0,0,0,0,0,19,0,0
Tanzania,2021-12-20,33,0,0,0,0,0,0,0,0,0,0,0,0,0,0,0,33,0,0
Tanzania,2022-01-03,21,0,0,0,0,0,0,0,0,0,0,0,0,0,0,0,21,0,0
Tanzania,2022-01-17,11,0,0,0,0,0,0,0,0,0,0,0,0,0,0,0,11,0,0
Tanzania,2022-01-31,1,0,0,0,0,0,0,0,0,0,0,0,0,0,0,0,1,0,0
Tanzania,2022-02-14,2,0,0,0,0,0,0,0,0,0,0,0,0,0,0,0,2,0,0
Tanzania,2022-02-28,1,0,0,0,0,0,0,0,0,0,0,0,0,0,0,0,1,0,0
Tanzania,2022-03-14,6,0,0,0,0,0,0,0,0,0,0,0,0,0,0,0,6,0,0
Tanzania,2022-03-28,8,0,0,0,0,0,0,0,0,0,0,0,0,0,0,0,8,0,0
Tanzania,2022-05-09,7,0,0,0,0,0,0,0,0,0,0,0,0,0,0,0,7,0,0
Tanzania,2022-05-23,9,0,0,0,0,0,0,0,0,0,0,0,0,0,0,0,9,0,0
Tanzania,2022-06-06,6,0,0,0,0,0,0,0,0,0,0,0,0,0,0,0,6,0,0
Tanzania,2022-06-20,2,0,0,0,0,0,0,0,0,0,0,0,0,0,0,0,2,0,0
Tanzania,2022-07-04,21,0,0,0,0,0,0,0,0,0,0,0,0,0,0,0,21,0,0
Tanzania,2022-07-18,44,0,0,0,0,0,0,0,0,0,0,0,0,0,0,0,44,0,0
Tanzania,2022-08-01,22,0,0,0,0,0,0,0,0,0,0,0,0,0,0,0,22,0,0
Tanzania,2022-08-15,10,0,0,0,0,0,0,0,0,0,0,0,0,0,0,0,10,0,0
Tanzania,2022-08-29,30,0,0,0,0,0,0,0,0,0,0,0,0,0,0,0,30,0,0
Tanzania,2022-09-26,1,0,0,0,0,0,0,0,0,0,0,0,0,0,0,0,1,0,0
Tanzania,2022-10-24,1,0,0,0,0,0,0,0,0,0,0,0,0,0,0,0,1,0,0
Tanzania,2022-11-21,13,0,0,0,0,0,0,0,0,0,0,0,0,0,0,0,13,0,0
Tanzania,2022-12-05,16,0,0,0,0,0,0,0,0,0,0,0,0,0,0,0,16,0,0
Thailand,2020-06-22,2,0,0,0,0,0,0,0,0,0,0,0,0,0,0,0,0,0,2
Thailand,2020-07-20,6,0,0,0,0,0,0,0,0,0,0,1,0,0,0,0,0,0,5
Thailand,2020-08-03,3,0,0,0,0,0,0,0,0,0,0,1,0,0,0,0,0,0,2
Thailand,2020-08-17,2,0,0,0,0,0,0,0,0,0,0,0,0,0,0,0,0,0,2
Thailand,2020-09-14,2,0,0,0,0,0,0,0,0,0,0,0,0,0,0,0,0,0,2
Thailand,2020-09-28,7,0,1,0,0,1,0,0,0,0,0,0,0,0,0,0,0,0,5
Thailand,2020-10-12,7,0,1,0,0,3,0,0,0,0,0,0,0,0,0,0,0,0,3
Thailand,2020-10-26,10,0,2,0,0,0,0,0,0,0,0,0,0,0,0,0,0,0,8
Thailand,2020-11-09,11,0,3,0,0,2,0,0,0,0,0,0,0,0,0,0,0,0,6
Thailand,2020-11-23,19,0,3,0,0,0,0,0,0,0,0,0,0,0,0,0,0,0,16
Thailand,2020-12-07,74,0,0,0,2,1,0,0,0,0,0,0,0,0,0,0,0,0,71
Thailand,2020-12-21,38,0,0,2,0,0,0,1,0,0,0,9,0,2,0,0,0,2,22
Thailand,2021-01-04,67,0,0,4,0,0,0,3,0,0,0,15,0,3,0,1,0,3,38
Thailand,2021-01-18,41,0,0,1,0,1,0,5,0,0,0,5,0,0,0,0,0,1,28
Thailand,2021-02-01,83,0,1,3,0,0,4,13,0,0,0,13,1,3,0,0,0,2,43
Thailand,2021-02-15,46,0,0,2,0,0,0,3,0,0,0,9,1,2,0,0,0,1,28
Thailand,2021-03-01,36,0,0,2,0,0,0,5,0,0,0,8,0,2,0,0,0,1,18
Thailand,2021-03-15,27,0,0,1,0,0,4,6,0,0,0,4,0,1,0,0,0,1,10
Thailand,2021-03-29,69,0,0,0,0,0,1,59,1,1,0,2,0,1,0,0,0,0,4
Thailand,2021-04-12,159,0,0,0,0,0,0,156,0,0,0,1,0,0,0,0,0,0,2
Thailand,2021-04-26,236,0,0,0,0,0,10,221,0,2,1,1,0,0,0,0,0,0,1
Thailand,2021-05-10,687,0,0,1,0,0,17,552,0,97,0,5,0,1,0,1,0,1,12
Thailand,2021-05-24,411,0,0,0,0,0,7,353,0,44,0,2,1,0,0,0,0,0,4
Thailand,2021-06-07,338,0,0,0,0,0,4,206,0,128,0,0,0,0,0,0,0,0,0
Thailand,2021-06-21,252,0,0,0,0,0,3,114,0,135,0,0,0,0,0,0,0,0,0
Thailand,2021-07-05,466,0,0,0,0,0,6,158,0,301,0,0,0,0,0,0,0,0,1
Thailand,2021-07-19,465,0,0,0,0,0,8,97,0,360,0,0,0,0,0,0,0,0,0
Thailand,2021-08-02,308,0,0,0,0,0,0,61,0,247,0,0,0,0,0,0,0,0,0
Thailand,2021-08-16,257,0,0,0,0,0,2,11,0,244,0,0,0,0,0,0,0,0,0
Thailand,2021-08-30,370,0,0,0,0,0,6,5,0,359,0,0,0,0,0,0,0,0,0
Thailand,2021-09-13,579,0,0,0,0,0,0,7,0,571,0,0,0,0,0,1,0,0,0
Thailand,2021-09-27,891,0,0,0,0,0,0,12,0,879,0,0,0,0,0,0,0,0,0
Thailand,2021-10-11,1003,0,0,0,0,0,1,8,0,994,0,0,0,0,0,0,0,0,0
Thailand,2021-10-25,610,0,0,0,0,0,0,1,0,609,0,0,0,0,0,0,0,0,0
Thailand,2021-11-08,536,0,0,0,0,0,0,0,0,536,0,0,0,0,0,0,0,0,0
Thailand,2021-11-22,772,0,0,0,0,0,0,0,0,761,0,0,0,0,0,0,1,0,10
Thailand,2021-12-06,792,0,0,0,0,0,0,1,0,704,0,0,0,0,0,0,87,0,0
Thailand,2021-12-20,1060,0,0,0,0,0,0,0,0,496,0,0,0,0,0,0,564,0,0
Thailand,2022-01-03,1897,0,0,0,0,0,0,0,0,316,0,0,0,0,0,0,1581,0,0
Thailand,2022-01-17,1057,0,0,0,0,0,0,0,0,81,0,0,0,0,0,0,976,0,0
Thailand,2022-01-31,1603,0,0,0,0,0,0,0,0,30,0,0,0,0,0,0,1573,0,0
Thailand,2022-02-14,1420,2,0,0,0,0,0,0,0,8,0,0,0,0,0,0,1410,0,0
Thailand,2022-02-28,1186,1,0,0,0,0,0,0,0,0,0,0,0,0,0,0,1185,0,0
Thailand,2022-03-14,858,0,0,0,0,0,0,0,0,1,0,0,0,0,0,0,857,0,0
Thailand,2022-03-28,639,1,0,0,0,0,0,0,0,0,0,0,0,0,0,0,638,0,0
Thailand,2022-04-11,553,1,0,0,0,0,0,0,0,0,0,0,0,0,0,0,552,0,0
Thailand,2022-04-25,976,0,0,0,0,0,0,0,0,0,0,0,0,0,0,0,976,0,0
Thailand,2022-05-09,800,0,0,0,0,0,0,0,0,0,0,0,0,0,0,0,800,0,0
Thailand,2022-05-23,722,0,0,0,0,0,0,0,0,0,0,0,0,0,0,0,722,0,0
Thailand,2022-06-06,763,0,0,0,0,0,0,0,0,0,0,0,0,0,0,0,763,0,0
Thailand,2022-06-20,970,1,0,0,0,0,0,0,0,0,0,0,0,0,0,0,969,0,0
Thailand,2022-07-04,661,2,0,0,0,0,0,0,0,0,0,0,0,0,0,0,659,0,0
Thailand,2022-07-18,680,0,0,0,0,0,0,0,0,0,0,0,0,0,0,0,680,0,0
Thailand,2022-08-01,602,0,0,0,0,0,0,0,0,0,0,0,0,0,0,0,602,0,0
Thailand,2022-08-15,565,1,0,0,0,0,0,0,0,0,0,0,0,0,0,0,564,0,0
Thailand,2022-08-29,357,0,0,0,0,0,0,0,0,0,0,0,0,0,0,0,357,0,0
Thailand,2022-09-12,275,0,0,0,0,0,0,0,0,0,0,0,0,0,0,0,275,0,0
Thailand,2022-09-26,328,0,0,0,0,0,0,0,0,0,0,0,0,0,0,0,328,0,0
Thailand,2022-10-10,305,0,0,0,0,0,0,0,0,0,0,0,0,0,0,0,305,0,0
Thailand,2022-10-24,566,1,0,0,0,0,0,0,0,0,0,0,0,0,0,0,565,0,0
Thailand,2022-11-07,754,0,0,0,0,0,0,0,0,0,0,0,0,0,0,0,754,0,0
Thailand,2022-11-21,832,2,0,0,0,0,0,0,0,0,0,0,0,0,0,0,830,0,0
Thailand,2022-12-05,555,1,0,0,0,0,0,0,0,0,0,0,0,0,0,0,554,0,0
Thailand,2022-12-19,313,0,0,0,0,0,0,0,0,0,0,0,0,0,0,0,313,0,0
Thailand,2023-01-02,135,0,0,0,0,0,0,0,0,0,0,0,0,0,0,0,135,0,0
Thailand,2023-01-16,64,0,0,0,0,0,0,0,0,0,0,0,0,0,0,0,64,0,0
Thailand,2023-01-30,93,3,0,0,0,0,0,0,0,0,0,0,0,0,0,0,90,0,0
Thailand,2023-02-13,65,3,0,0,0,0,0,0,0,0,0,0,0,0,0,0,62,0,0
Thailand,2023-02-27,48,2,0,0,0,0,0,0,0,0,0,0,0,0,0,0,46,0,0
Thailand,2023-03-13,57,2,0,0,0,0,0,0,0,0,0,0,0,0,0,0,55,0,0
Thailand,2023-03-27,105,4,0,0,0,0,0,0,0,0,0,0,0,0,0,0,101,0,0
Thailand,2023-04-10,326,7,0,0,0,0,0,0,0,0,0,0,0,0,0,0,319,0,0
Thailand,2023-04-24,450,9,0,0,0,0,0,0,0,0,0,0,0,0,0,0,441,0,0
Thailand,2023-05-08,401,4,0,0,0,0,0,0,0,0,0,0,0,0,0,0,397,0,0
Thailand,2023-05-22,409,4,0,0,0,0,0,0,0,0,0,0,0,0,0,0,405,0,0
Thailand,2023-06-05,212,0,0,0,0,0,0,0,0,0,0,0,0,0,0,0,212,0,0
Thailand,2023-06-19,177,2,0,0,0,0,0,0,0,0,0,0,0,0,0,0,175,0,0
Thailand,2023-07-03,133,0,0,0,0,0,0,0,0,0,0,0,0,0,0,0,133,0,0
Thailand,2023-07-17,112,0,0,0,0,0,0,0,0,0,0,0,0,0,0,0,112,0,0
Thailand,2023-07-31,89,0,0,0,0,0,0,0,0,0,0,0,0,0,0,0,89,0,0
Thailand,2023-08-14,87,0,0,0,0,0,0,0,0,0,0,0,0,0,0,0,87,0,0
Thailand,2023-08-28,95,0,0,0,0,0,0,0,0,0,0,0,0,0,0,0,95,0,0
Thailand,2023-09-11,53,0,0,0,0,0,0,0,0,0,0,0,0,0,0,0,53,0,0
Thailand,2023-09-25,81,2,0,0,0,0,0,0,0,0,0,0,0,0,0,0,79,0,0
Thailand,2023-10-09,91,0,0,0,0,0,0,0,0,0,0,0,0,0,0,0,91,0,0
Thailand,2023-10-23,105,1,0,0,0,0,0,0,0,0,0,0,0,0,0,0,104,0,0
Thailand,2023-11-06,107,1,0,0,0,0,0,0,0,0,0,0,0,0,0,0,106,0,0
Thailand,2023-11-20,147,1,0,0,0,0,0,0,0,0,0,0,0,0,0,0,146,0,0
Thailand,2023-12-04,158,1,0,0,0,0,0,0,0,0,0,0,0,0,0,0,157,0,0
Thailand,2023-12-18,117,1,0,0,0,0,0,0,0,0,0,0,0,0,0,0,116,0,0
Thailand,2024-01-01,164,3,0,0,0,0,0,0,0,0,0,0,0,0,0,0,161,0,0
Thailand,2024-01-15,126,1,0,0,0,0,0,0,0,0,0,0,0,0,0,0,125,0,0
Thailand,2024-01-29,114,2,0,0,0,0,0,0,0,0,0,0,0,0,0,0,112,0,0
Thailand,2024-02-12,92,1,0,0,0,0,0,0,0,0,0,0,0,0,0,0,91,0,0
Thailand,2024-02-26,67,0,0,0,0,0,0,0,0,0,0,0,0,0,0,0,67,0,0
Thailand,2024-03-11,79,3,0,0,0,0,0,0,0,0,0,0,0,0,0,0,76,0,0
Thailand,2024-03-25,87,0,0,0,0,0,0,0,0,0,0,0,0,0,0,0,87,0,0
Thailand,2024-04-08,111,2,0,0,0,0,0,0,0,0,0,0,0,0,0,0,109,0,0
Thailand,2024-04-22,136,2,0,0,0,0,0,0,0,0,0,0,0,0,0,0,134,0,0
Thailand,2024-05-06,143,2,0,0,0,0,0,0,0,0,0,0,0,0,0,0,141,0,0
Thailand,2024-07-01,84,3,0,0,0,0,0,0,0,0,0,0,0,0,0,0,81,0,0
Thailand,2024-07-15,72,0,0,0,0,0,0,0,0,0,0,0,0,0,0,0,72,0,0
Thailand,2024-07-29,38,8,0,0,0,0,0,0,0,0,0,0,0,0,0,0,30,0,0
Togo,2020-05-11,3,0,0,0,0,0,0,0,0,0,0,1,0,0,0,0,0,0,2
Togo,2020-05-25,4,0,0,0,0,0,0,0,0,0,0,1,0,0,0,0,0,0,3
Togo,2020-07-06,2,0,0,0,0,0,0,0,0,0,0,0,0,0,0,0,0,0,2
Togo,2020-09-14,5,0,0,0,0,0,0,0,0,0,0,1,0,0,0,0,0,0,4
Togo,2020-09-28,1,0,0,0,0,0,0,0,0,0,0,0,0,0,0,0,0,0,1
Togo,2020-11-09,1,0,0,0,0,0,0,0,0,0,0,0,0,0,0,0,0,0,1
Togo,2020-11-23,1,0,0,0,0,0,0,0,0,0,0,0,0,0,0,0,0,0,1
Togo,2020-12-07,6,0,0,0,0,0,0,0,0,0,0,1,0,0,0,0,0,0,5
Togo,2020-12-21,5,0,0,0,0,0,0,0,0,0,0,1,0,0,0,0,0,0,4
Togo,2021-01-04,2,0,0,0,0,0,0,2,0,0,0,0,0,0,0,0,0,0,0
Togo,2021-01-18,10,0,2,0,0,3,0,2,0,0,0,0,0,0,0,0,0,0,3
Togo,2021-02-01,44,0,1,1,0,1,1,9,2,0,0,1,17,0,0,0,0,0,11
Togo,2021-02-15,17,0,0,0,0,1,0,9,0,0,0,0,4,0,0,0,0,0,3
Togo,2021-03-01,35,0,1,0,0,1,2,5,1,0,0,0,20,0,0,0,0,0,5
Togo,2021-03-15,7,0,0,0,0,1,0,1,0,0,0,0,4,0,0,0,0,0,1
Togo,2021-03-29,15,0,1,0,0,0,1,1,0,0,0,0,9,0,0,0,0,0,3
Togo,2021-04-12,9,0,0,0,0,0,0,0,0,1,0,0,5,0,0,0,0,0,3
Togo,2021-04-26,6,0,0,0,0,0,0,2,0,1,0,0,2,0,0,0,0,0,1
Togo,2021-05-24,13,0,0,0,0,0,0,0,0,9,0,0,1,0,0,0,0,0,3
Togo,2021-06-07,12,0,0,0,0,0,0,0,0,10,0,0,0,0,0,0,0,0,2
Togo,2021-06-21,37,0,0,0,0,0,0,0,0,30,0,0,1,0,0,0,0,0,6
Togo,2021-07-05,8,0,0,0,0,0,0,0,0,8,0,0,0,0,0,0,0,0,0
Togo,2021-07-19,73,0,0,0,0,0,0,0,0,73,0,0,0,0,0,0,0,0,0
Togo,2021-08-02,50,0,0,0,0,0,0,0,0,50,0,0,0,0,0,0,0,0,0
Togo,2021-08-16,47,0,0,0,0,0,0,0,0,47,0,0,0,0,0,0,0,0,0
Togo,2021-08-30,66,0,0,0,0,0,0,0,0,66,0,0,0,0,0,0,0,0,0
Togo,2021-09-13,6,0,0,0,0,0,0,0,0,6,0,0,0,0,0,0,0,0,0
Togo,2021-10-11,12,0,0,0,0,0,0,0,0,12,0,0,0,0,0,0,0,0,0
Togo,2021-10-25,6,0,0,0,0,0,0,0,0,6,0,0,0,0,0,0,0,0,0
Togo,2021-12-06,21,0,0,0,0,0,0,0,0,2,0,0,0,0,0,0,19,0,0
Togo,2021-12-20,42,0,0,0,0,0,0,0,0,0,0,0,0,0,0,0,42,0,0
Togo,2022-01-03,80,0,0,0,0,0,0,0,0,0,0,0,0,0,0,0,80,0,0
Togo,2022-01-17,6,0,0,0,0,0,0,0,0,0,0,0,0,0,0,0,6,0,0
Togo,2022-01-31,14,0,0,0,0,0,0,0,0,0,0,0,0,0,0,0,14,0,0
Togo,2022-02-14,8,0,0,0,0,0,0,0,0,0,0,0,0,0,0,0,8,0,0
Togo,2022-05-09,5,0,0,0,0,0,0,0,0,0,0,0,0,0,0,0,5,0,0
Togo,2022-05-23,1,0,0,0,0,0,0,0,0,0,0,0,0,0,0,0,1,0,0
Togo,2022-06-06,7,0,0,0,0,0,0,0,0,0,0,0,0,0,0,0,7,0,0
Togo,2022-06-20,19,0,0,0,0,0,0,0,0,0,0,0,0,0,0,0,19,0,0
Togo,2022-07-04,23,1,0,0,0,0,0,0,0,0,0,0,0,0,0,0,22,0,0
Togo,2022-07-18,15,0,0,0,0,0,0,0,0,0,0,0,0,0,0,0,15,0,0
Togo,2022-08-01,9,0,0,0,0,0,0,0,0,0,0,0,0,0,0,0,9,0,0
Togo,2022-08-15,5,0,0,0,0,0,0,0,0,0,0,0,0,0,0,0,5,0,0
Togo,2022-08-29,8,0,0,0,0,0,0,0,0,0,0,0,0,0,0,0,8,0,0
Togo,2022-09-12,11,0,0,0,0,0,0,0,0,0,0,0,0,0,0,0,11,0,0
Togo,2022-09-26,10,0,0,0,0,0,0,0,0,0,0,0,0,0,0,0,10,0,0
Togo,2022-10-10,15,0,0,0,0,0,0,0,0,0,0,0,0,0,0,0,15,0,0
Togo,2022-10-24,7,0,0,0,0,0,0,0,0,0,0,0,0,0,0,0,7,0,0
Togo,2022-11-07,1,0,0,0,0,0,0,0,0,0,0,0,0,0,0,0,1,0,0
Togo,2023-02-13,1,0,0,0,0,0,0,0,0,0,0,0,0,0,0,0,1,0,0
Togo,2023-02-27,4,0,0,0,0,0,0,0,0,0,0,0,0,0,0,0,4,0,0
Togo,2023-03-13,8,0,0,0,0,0,0,0,0,0,0,0,0,0,0,0,8,0,0
Togo,2023-03-27,4,0,0,0,0,0,0,0,0,0,0,0,0,0,0,0,4,0,0
Togo,2023-04-10,2,0,0,0,0,0,0,0,0,0,0,0,0,0,0,0,2,0,0
Togo,2023-04-24,1,0,0,0,0,0,0,0,0,0,0,0,0,0,0,0,1,0,0
Togo,2023-05-08,1,0,0,0,0,0,0,0,0,0,0,0,0,0,0,0,1,0,0
Togo,2023-05-22,3,0,0,0,0,0,0,0,0,0,0,0,0,0,0,0,3,0,0
Togo,2023-07-03,2,0,0,0,0,0,0,0,0,0,0,0,0,0,0,0,2,0,0
Togo,2023-07-31,2,0,0,0,0,0,0,0,0,0,0,0,0,0,0,0,2,0,0
Togo,2023-09-25,1,0,0,0,0,0,0,0,0,0,0,0,0,0,0,0,1,0,0
Togo,2023-11-06,1,0,0,0,0,0,0,0,0,0,0,0,0,0,0,0,1,0,0
Trinidad and Tobago,2020-08-03,2,0,0,0,0,0,0,0,0,0,0,0,0,0,0,0,0,0,2
Trinidad and Tobago,2020-08-17,10,0,0,0,0,0,0,0,0,0,0,2,0,0,0,0,0,0,8
Trinidad and Tobago,2020-08-31,4,0,0,0,0,0,0,0,0,0,0,1,0,0,0,0,0,0,3
Trinidad and Tobago,2020-09-14,4,0,0,0,0,0,0,0,0,0,0,1,0,0,0,0,0,0,3
Trinidad and Tobago,2020-10-26,1,0,0,0,0,0,0,0,0,0,0,0,0,0,0,0,0,0,1
Trinidad and Tobago,2020-11-09,7,0,0,0,0,0,0,0,0,0,0,1,0,0,0,0,0,0,6
Trinidad and Tobago,2020-11-23,2,0,0,0,0,0,0,0,0,0,0,0,0,0,0,0,0,0,2
Trinidad and Tobago,2021-01-18,4,0,0,0,0,0,0,0,0,0,0,1,0,0,0,0,0,0,3
Trinidad and Tobago,2021-02-15,4,0,0,0,0,0,0,0,0,0,0,1,0,0,0,0,0,0,3
Trinidad and Tobago,2021-03-15,14,0,1,0,0,3,0,5,0,0,0,0,0,0,0,0,0,0,5
Trinidad and Tobago,2021-03-29,20,0,2,0,0,6,0,1,0,0,0,0,0,0,0,0,0,0,11
Trinidad and Tobago,2021-04-12,46,0,1,1,0,0,1,0,10,0,1,2,2,4,0,1,0,0,23
Trinidad and Tobago,2021-04-26,164,0,1,2,0,0,1,2,121,0,1,2,2,4,0,1,0,0,27
Trinidad and Tobago,2021-05-10,26,0,0,0,0,0,0,0,24,0,0,0,0,0,0,0,0,0,2
Trinidad and Tobago,2021-05-24,16,0,0,0,0,0,0,0,16,0,0,0,0,0,0,0,0,0,0
Trinidad and Tobago,2021-06-07,11,0,0,0,0,0,0,0,10,0,0,0,0,0,0,0,0,0,1
Trinidad and Tobago,2021-06-21,4,0,0,0,0,0,0,0,4,0,0,0,0,0,0,0,0,0,0
Trinidad and Tobago,2021-07-05,4,0,0,0,0,0,0,0,4,0,0,0,0,0,0,0,0,0,0
Trinidad and Tobago,2021-07-19,45,0,0,0,0,0,0,0,43,0,0,0,0,0,0,0,0,0,2
Trinidad and Tobago,2021-08-02,104,0,0,0,0,0,0,0,99,5,0,0,0,0,0,0,0,0,0
Trinidad and Tobago,2021-08-16,107,0,0,0,0,0,0,0,107,0,0,0,0,0,0,0,0,0,0
Trinidad and Tobago,2021-08-30,82,0,0,0,0,0,0,0,69,13,0,0,0,0,0,0,0,0,0
Trinidad and Tobago,2021-09-13,22,0,0,0,0,0,0,0,18,4,0,0,0,0,0,0,0,0,0
Trinidad and Tobago,2021-09-27,39,0,0,0,0,0,0,0,12,27,0,0,0,0,0,0,0,0,0
Trinidad and Tobago,2021-10-11,93,0,0,0,0,0,0,0,22,71,0,0,0,0,0,0,0,0,0
Trinidad and Tobago,2021-10-25,67,0,0,0,0,0,0,0,5,62,0,0,0,0,0,0,0,0,0
Trinidad and Tobago,2021-11-08,103,0,0,0,0,0,0,0,3,100,0,0,0,0,0,0,0,0,0
Trinidad and Tobago,2021-11-22,67,0,0,0,0,0,0,0,0,67,0,0,0,0,0,0,0,0,0
Trinidad and Tobago,2021-12-06,81,0,0,0,0,0,0,0,0,79,0,0,0,0,0,0,2,0,0
Trinidad and Tobago,2021-12-20,46,0,0,0,0,0,0,0,0,35,0,0,0,0,0,0,11,0,0
Trinidad and Tobago,2022-01-03,113,0,0,0,0,0,0,0,0,63,0,0,0,0,0,0,50,0,0
Trinidad and Tobago,2022-01-17,111,0,0,0,0,0,0,0,0,28,0,0,0,0,0,0,83,0,0
Trinidad and Tobago,2022-01-31,84,0,0,0,0,0,0,0,0,3,0,0,0,0,0,0,81,0,0
Trinidad and Tobago,2022-02-14,46,0,0,0,0,0,0,0,0,1,0,0,0,0,0,0,45,0,0
Trinidad and Tobago,2022-02-28,42,0,0,0,0,0,0,0,0,0,0,0,0,0,0,0,42,0,0
Trinidad and Tobago,2022-03-14,33,0,0,0,0,0,0,0,0,0,0,0,0,0,0,0,33,0,0
Trinidad and Tobago,2022-03-28,19,0,0,0,0,0,0,0,0,0,0,0,0,0,0,0,19,0,0
Trinidad and Tobago,2022-04-11,31,0,0,0,0,0,0,0,0,0,0,0,0,0,0,0,31,0,0
Trinidad and Tobago,2022-04-25,39,1,0,0,0,0,0,0,0,0,0,0,0,0,0,0,38,0,0
Trinidad and Tobago,2022-05-09,85,2,0,0,0,0,0,0,0,0,0,0,0,0,0,0,83,0,0
Trinidad and Tobago,2022-05-23,73,1,0,0,0,0,0,0,0,0,0,0,0,0,0,0,72,0,0
Trinidad and Tobago,2022-06-06,35,1,0,0,0,0,0,0,0,1,0,0,0,0,0,0,33,0,0
Trinidad and Tobago,2022-06-20,60,0,0,0,0,0,0,0,0,0,0,0,0,0,0,0,60,0,0
Trinidad and Tobago,2022-07-04,104,1,0,0,0,0,0,0,0,0,0,0,0,0,0,0,103,0,0
Trinidad and Tobago,2022-07-18,170,0,0,0,0,0,0,0,0,0,0,0,0,0,0,0,170,0,0
Trinidad and Tobago,2022-08-01,160,0,0,0,0,0,0,0,0,0,0,0,0,0,0,0,160,0,0
Trinidad and Tobago,2022-08-15,113,0,0,0,0,0,0,0,0,0,0,0,0,0,0,0,113,0,0
Trinidad and Tobago,2022-08-29,66,0,0,0,0,0,0,0,0,0,0,0,0,0,0,0,66,0,0
Trinidad and Tobago,2022-09-12,76,0,0,0,0,0,0,0,0,0,0,0,0,0,0,0,76,0,0
Trinidad and Tobago,2022-09-26,53,1,0,0,0,0,0,0,0,0,0,0,0,0,0,0,52,0,0
Trinidad and Tobago,2022-10-10,43,0,0,0,0,0,0,0,0,0,0,0,0,0,0,0,43,0,0
Trinidad and Tobago,2022-10-24,28,0,0,0,0,0,0,0,0,1,0,0,0,0,0,0,27,0,0
Trinidad and Tobago,2022-11-07,34,0,0,0,0,0,0,0,0,0,0,0,0,0,0,0,34,0,0
Trinidad and Tobago,2022-11-21,38,0,0,0,0,0,0,0,0,0,0,0,0,0,0,0,38,0,0
Trinidad and Tobago,2022-12-05,25,0,0,0,0,0,0,0,0,0,0,0,0,0,0,0,25,0,0
Trinidad and Tobago,2022-12-19,51,0,0,0,0,0,0,0,0,0,0,0,0,0,0,0,51,0,0
Trinidad and Tobago,2023-01-02,94,0,0,0,0,0,0,0,0,0,0,0,0,0,0,0,94,0,0
Trinidad and Tobago,2023-01-16,56,0,0,0,0,0,0,0,0,0,0,0,0,0,0,0,56,0,0
Trinidad and Tobago,2023-01-30,41,0,0,0,0,0,0,0,0,0,0,0,0,0,0,0,41,0,0
Trinidad and Tobago,2023-02-13,16,0,0,0,0,0,0,0,0,0,0,0,0,0,0,0,16,0,0
Trinidad and Tobago,2023-02-27,42,0,0,0,0,0,0,0,0,0,0,0,0,0,0,0,42,0,0
Trinidad and Tobago,2023-03-13,22,0,0,0,0,0,0,0,0,0,0,0,0,0,0,0,22,0,0
Trinidad and Tobago,2023-03-27,7,0,0,0,0,0,0,0,0,0,0,0,0,0,0,0,7,0,0
Trinidad and Tobago,2023-04-10,26,0,0,0,0,0,0,0,0,0,0,0,0,0,0,0,26,0,0
Trinidad and Tobago,2023-04-24,10,0,0,0,0,0,0,0,0,0,0,0,0,0,0,0,10,0,0
Trinidad and Tobago,2023-05-08,1,0,0,0,0,0,0,0,0,0,0,0,0,0,0,0,1,0,0
Trinidad and Tobago,2023-05-22,1,0,0,0,0,0,0,0,0,0,0,0,0,0,0,0,1,0,0
Trinidad and Tobago,2023-06-19,4,0,0,0,0,0,0,0,0,0,0,0,0,0,0,0,4,0,0
Trinidad and Tobago,2023-07-03,10,0,0,0,0,0,0,0,0,0,0,0,0,0,0,0,10,0,0
Trinidad and Tobago,2023-07-17,6,0,0,0,0,0,0,0,0,0,0,0,0,0,0,0,6,0,0
Trinidad and Tobago,2023-07-31,13,0,0,0,0,0,0,0,0,0,0,0,0,0,0,0,13,0,0
Trinidad and Tobago,2023-08-14,35,0,0,0,0,0,0,0,0,0,0,0,0,0,0,0,35,0,0
Trinidad and Tobago,2023-08-28,19,0,0,0,0,0,0,0,0,0,0,0,0,0,0,0,19,0,0
Trinidad and Tobago,2023-09-11,2,0,0,0,0,0,0,0,0,0,0,0,0,0,0,0,2,0,0
Trinidad and Tobago,2023-09-25,1,0,0,0,0,0,0,0,0,0,0,0,0,0,0,0,1,0,0
Trinidad and Tobago,2023-10-09,6,0,0,0,0,0,0,0,0,0,0,0,0,0,0,0,6,0,0
Trinidad and Tobago,2023-11-06,1,0,0,0,0,0,0,0,0,0,0,0,0,0,0,0,1,0,0
Trinidad and Tobago,2023-12-18,1,0,0,0,0,0,0,0,0,0,0,0,0,0,0,0,1,0,0
Trinidad and Tobago,2024-01-01,5,0,0,0,0,0,0,0,0,0,0,0,0,0,0,0,5,0,0
Trinidad and Tobago,2024-01-15,3,0,0,0,0,0,0,0,0,0,0,0,0,0,0,0,3,0,0
Trinidad and Tobago,2024-01-29,1,0,0,0,0,0,0,0,0,0,0,0,0,0,0,0,1,0,0
Trinidad and Tobago,2024-02-12,2,0,0,0,0,0,0,0,0,0,0,0,0,0,0,0,2,0,0
Trinidad and Tobago,2024-02-26,1,0,0,0,0,0,0,0,0,0,0,0,0,0,0,0,1,0,0
Tunisia,2020-05-25,3,0,0,0,0,0,0,0,0,0,0,1,0,0,0,0,0,0,2
Tunisia,2020-07-06,5,0,0,0,0,1,0,0,0,0,0,0,0,0,0,0,0,0,4
Tunisia,2020-07-20,1,0,0,0,0,0,0,0,0,0,0,0,0,0,0,0,0,0,1
Tunisia,2020-08-17,12,0,0,0,0,0,0,0,0,0,0,2,0,0,0,0,0,0,10
Tunisia,2020-08-31,19,0,1,0,0,0,0,0,0,0,0,0,0,0,0,0,0,0,18
Tunisia,2020-09-14,21,0,1,0,0,7,0,0,0,0,0,0,0,0,0,0,0,0,13
Tunisia,2020-09-28,6,0,1,0,0,0,0,0,0,0,0,0,0,0,0,0,0,0,5
Tunisia,2020-10-12,24,0,6,1,1,4,0,0,0,0,0,0,0,0,0,0,0,0,12
Tunisia,2020-10-26,28,0,11,0,1,5,0,0,0,1,0,0,0,0,0,0,0,0,10
Tunisia,2020-11-09,4,0,1,0,0,1,0,0,0,0,0,0,0,0,0,0,0,0,2
Tunisia,2020-11-23,7,0,1,0,0,1,0,0,0,0,0,0,0,0,0,0,0,0,5
Tunisia,2020-12-07,4,0,1,0,0,1,0,0,0,0,0,0,0,0,0,0,0,0,2
Tunisia,2020-12-21,1,0,0,0,0,1,0,0,0,0,0,0,0,0,0,0,0,0,0
Tunisia,2021-01-04,24,0,5,0,0,9,0,1,0,1,0,0,0,0,0,0,0,0,8
Tunisia,2021-01-18,17,0,11,0,0,3,0,1,0,0,0,0,0,0,0,0,0,0,2
Tunisia,2021-02-01,25,0,10,0,0,2,0,2,0,0,0,0,0,0,0,0,0,0,11
Tunisia,2021-02-15,23,0,8,0,0,3,0,2,0,0,0,0,0,0,0,0,0,0,10
Tunisia,2021-03-01,69,0,31,0,0,3,0,27,0,0,0,0,1,0,0,0,0,0,7
Tunisia,2021-03-15,66,0,8,0,0,4,0,33,1,0,0,2,3,0,0,0,0,0,15
Tunisia,2021-03-29,76,0,5,0,0,2,0,50,3,6,0,1,2,0,0,0,0,0,7
Tunisia,2021-04-12,85,0,0,0,0,2,2,70,1,0,0,1,4,1,0,0,0,0,4
Tunisia,2021-04-26,85,0,2,0,0,1,2,73,0,0,0,1,5,0,0,0,0,0,1
Tunisia,2021-05-10,24,0,1,0,0,0,0,22,0,1,0,0,0,0,0,0,0,0,0
Tunisia,2021-05-24,216,0,2,0,0,0,1,201,0,11,0,0,1,0,0,0,0,0,0
Tunisia,2021-06-07,89,0,3,0,0,0,0,43,4,36,0,0,1,0,0,1,0,0,1
Tunisia,2021-06-21,116,0,0,0,0,2,0,20,0,93,0,0,1,0,0,0,0,0,0
Tunisia,2021-07-05,32,0,0,0,0,0,0,1,0,31,0,0,0,0,0,0,0,0,0
Tunisia,2021-07-19,33,0,0,0,0,0,0,0,0,27,0,0,0,0,0,0,0,0,6
Tunisia,2021-08-02,51,0,0,0,0,0,0,0,0,50,0,0,0,0,0,0,0,0,1
Tunisia,2021-08-16,54,0,0,0,0,0,0,0,0,54,0,0,0,0,0,0,0,0,0
Tunisia,2021-08-30,49,0,0,0,0,0,0,3,0,46,0,0,0,0,0,0,0,0,0
Tunisia,2021-09-13,56,0,0,0,0,0,0,0,0,56,0,0,0,0,0,0,0,0,0
Tunisia,2021-09-27,58,0,3,0,0,1,0,4,3,44,0,0,0,0,0,2,0,0,1
Tunisia,2021-10-11,43,0,5,0,0,4,0,0,0,29,0,0,0,0,0,0,0,0,5
Tunisia,2021-10-25,87,0,3,0,0,0,0,1,2,78,0,0,0,0,0,2,0,0,1
Tunisia,2021-11-08,42,0,3,0,0,2,0,0,0,31,0,0,0,0,0,0,0,0,6
Tunisia,2021-11-22,48,0,8,0,0,3,0,0,0,33,0,0,0,0,0,0,2,0,2
Tunisia,2021-12-06,12,0,1,0,0,0,0,0,0,9,0,0,0,0,0,0,0,0,2
Tunisia,2021-12-20,23,0,2,0,0,0,0,0,0,16,0,0,0,0,0,0,4,0,1
Tunisia,2022-01-03,84,0,0,0,0,0,0,0,0,12,0,0,0,0,0,0,72,0,0
Tunisia,2022-01-17,82,0,0,0,0,0,0,0,0,1,0,0,0,0,0,0,81,0,0
Tunisia,2022-01-31,49,0,0,0,0,0,0,0,0,1,0,0,0,0,0,0,48,0,0
Tunisia,2022-02-14,59,0,0,0,0,0,0,0,0,0,0,0,0,0,0,0,59,0,0
Tunisia,2022-02-28,59,0,0,0,0,0,0,0,0,0,0,0,0,0,0,0,59,0,0
Tunisia,2022-03-14,86,0,0,0,0,0,0,0,0,2,0,0,0,0,0,0,84,0,0
Tunisia,2022-03-28,57,0,0,0,0,0,0,0,0,0,0,0,0,0,0,0,57,0,0
Tunisia,2022-04-11,12,1,0,0,0,0,0,0,0,0,0,0,0,0,0,0,11,0,0
Tunisia,2022-04-25,12,0,0,0,0,0,0,0,0,0,0,0,0,0,0,0,12,0,0
Tunisia,2022-05-09,7,0,0,0,0,0,0,0,0,0,0,0,0,0,0,0,7,0,0
Tunisia,2022-05-23,9,0,0,0,0,1,0,0,0,0,0,0,0,0,0,0,8,0,0
Tunisia,2022-06-06,13,0,0,0,0,0,0,0,0,0,0,0,0,0,0,0,13,0,0
Tunisia,2022-06-20,85,0,0,0,0,0,0,0,0,0,0,0,0,0,0,0,85,0,0
Tunisia,2022-07-04,30,0,0,0,0,0,0,0,0,0,0,0,0,0,0,0,30,0,0
Tunisia,2022-07-18,17,0,0,0,0,0,0,0,0,0,0,0,0,0,0,0,17,0,0
Tunisia,2022-08-01,10,0,0,0,0,0,0,0,0,0,0,0,0,0,0,0,10,0,0
Tunisia,2022-08-15,1,0,0,0,0,0,0,0,0,0,0,0,0,0,0,0,1,0,0
Tunisia,2022-09-26,2,0,0,0,0,0,0,0,0,0,0,0,0,0,0,0,2,0,0
Tunisia,2022-10-10,3,0,0,0,0,0,0,0,0,0,0,0,0,0,0,0,3,0,0
Tunisia,2022-10-24,6,0,0,0,0,0,0,0,0,0,0,0,0,0,0,0,6,0,0
Tunisia,2022-11-07,10,0,0,0,0,0,0,0,0,0,0,0,0,0,0,0,10,0,0
Tunisia,2022-11-21,3,0,0,0,0,0,0,0,0,0,0,0,0,0,0,0,3,0,0
Tunisia,2022-12-05,1,0,0,0,0,0,0,0,0,0,0,0,0,0,0,0,1,0,0
Tunisia,2023-01-16,4,0,0,0,0,0,0,0,0,0,0,0,0,0,0,0,4,0,0
Tunisia,2023-01-30,10,0,0,0,0,0,0,0,0,0,0,0,0,0,0,0,10,0,0
Tunisia,2023-02-13,5,0,0,0,0,0,0,0,0,0,0,0,0,0,0,0,5,0,0
Tunisia,2023-02-27,11,0,0,0,0,0,0,0,0,0,0,0,0,0,0,0,11,0,0
Tunisia,2023-03-13,9,0,0,0,0,0,0,0,0,0,0,0,0,0,0,0,9,0,0
Tunisia,2023-03-27,7,0,0,0,0,0,0,0,0,0,0,0,0,0,0,0,7,0,0
Tunisia,2023-04-10,4,0,0,0,0,0,0,0,0,0,0,0,0,0,0,0,4,0,0
Tunisia,2023-04-24,2,0,0,0,0,0,0,0,0,0,0,0,0,0,0,0,2,0,0
Tunisia,2023-05-08,1,0,0,0,0,0,0,0,0,0,0,0,0,0,0,0,1,0,0
Tunisia,2023-05-22,1,0,0,0,0,0,0,0,0,0,0,0,0,0,0,0,1,0,0
Tunisia,2023-06-05,1,0,0,0,0,0,0,0,0,0,0,0,0,0,0,0,1,0,0
Tunisia,2023-06-19,2,0,0,0,0,0,0,0,0,0,0,0,0,0,0,0,2,0,0
Tunisia,2023-07-31,12,0,0,0,0,0,0,0,0,0,0,0,0,0,0,0,12,0,0
Tunisia,2023-08-14,33,0,0,0,0,0,0,0,0,0,0,0,0,0,0,0,33,0,0
Tunisia,2023-08-28,3,0,0,0,0,0,0,0,0,0,0,0,0,0,0,0,3,0,0
Tunisia,2023-09-11,10,0,0,0,0,0,0,0,0,0,0,0,0,0,0,0,10,0,0
Tunisia,2023-09-25,1,0,0,0,0,0,0,0,0,0,0,0,0,0,0,0,1,0,0
Tunisia,2023-10-23,1,0,0,0,0,0,0,0,0,0,0,0,0,0,0,0,1,0,0
Tunisia,2023-11-06,3,0,0,0,0,0,0,0,0,0,0,0,0,0,0,0,3,0,0
Tunisia,2023-11-20,3,0,0,0,0,0,0,0,0,0,0,0,0,0,0,0,3,0,0
Tunisia,2023-12-04,1,0,0,0,0,0,0,0,0,0,0,0,0,0,0,0,1,0,0
Tunisia,2024-01-15,9,0,0,0,0,0,0,0,0,0,0,0,0,0,0,0,9,0,0
Tunisia,2024-01-29,3,0,0,0,0,0,0,0,0,0,0,0,0,0,0,0,3,0,0
Tunisia,2024-02-12,3,0,0,0,0,0,0,0,0,0,0,0,0,0,0,0,3,0,0
Tunisia,2024-04-22,5,0,0,0,0,0,0,0,0,0,0,0,0,0,0,0,5,0,0
Tunisia,2024-07-01,3,1,0,0,0,0,0,0,0,0,0,0,0,0,0,0,2,0,0
Tunisia,2024-07-15,1,0,0,0,0,0,0,0,0,0,0,0,0,0,0,0,1,0,0
Tunisia,2024-07-29,2,0,0,0,0,0,0,0,0,0,0,0,0,0,0,0,2,0,0
Turkey,2020-04-27,98,0,0,0,0,0,0,0,0,0,0,0,0,3,0,0,0,2,93
Turkey,2020-05-11,75,0,0,0,0,0,0,0,0,0,0,0,0,2,0,0,0,2,71
Turkey,2020-05-25,33,0,0,0,0,0,0,0,0,0,0,0,0,1,0,0,0,1,31
Turkey,2020-06-08,26,0,0,0,0,0,0,0,0,0,0,0,0,1,0,0,0,1,24
Turkey,2020-06-22,19,0,0,0,0,0,0,0,0,0,0,0,0,1,0,0,0,0,18
Turkey,2020-07-06,1,0,0,0,0,0,0,0,0,0,0,0,0,0,0,0,0,0,1
Turkey,2020-07-20,11,0,0,0,0,0,0,0,0,0,0,0,0,0,0,0,0,0,11
Turkey,2020-08-03,3,0,0,0,0,0,0,0,0,0,0,0,0,0,0,0,0,0,3
Turkey,2020-08-17,15,0,0,0,0,0,0,0,0,0,0,0,0,1,0,0,0,0,14
Turkey,2020-08-31,18,0,0,0,0,0,0,0,0,0,0,0,0,1,0,0,0,0,17
Turkey,2020-09-14,17,0,0,0,0,0,0,0,0,0,0,0,0,1,0,0,0,0,16
Turkey,2020-09-28,2,0,0,0,0,0,0,0,0,0,0,0,0,0,0,0,0,0,2
Turkey,2020-10-12,2,0,0,0,0,0,0,0,0,0,0,0,0,0,0,0,0,0,2
Turkey,2020-10-26,9,0,0,0,0,0,0,0,0,0,0,0,0,0,0,0,0,0,9
Turkey,2020-11-09,30,0,1,0,0,0,0,0,0,0,0,0,0,0,0,0,0,0,29
Turkey,2020-11-23,4,0,0,0,0,0,0,0,0,0,0,0,0,0,0,0,0,0,4
Turkey,2020-12-07,25,0,1,0,0,0,0,0,0,0,0,0,0,0,0,0,0,0,24
Turkey,2020-12-21,66,0,1,6,0,2,0,14,0,0,1,0,0,0,0,0,0,0,42
Turkey,2021-01-04,55,0,0,5,0,0,0,35,0,0,4,0,0,0,0,0,0,0,11
Turkey,2021-01-18,461,0,3,37,0,1,23,287,1,0,15,0,0,2,1,0,0,0,91
Turkey,2021-02-01,660,0,3,36,0,14,40,123,1,1,3,2,0,0,0,0,0,1,436
Turkey,2021-02-15,1078,0,9,37,1,21,54,10,1,0,0,0,8,0,0,0,0,1,936
Turkey,2021-03-01,941,0,11,3,0,9,89,23,6,319,5,0,14,28,59,0,0,0,375
Turkey,2021-03-15,164,0,1,3,0,0,89,17,9,0,1,0,7,3,0,0,0,0,34
Turkey,2021-03-29,1105,0,1,67,0,1,85,29,2,0,16,0,5,35,2,0,0,2,860
Turkey,2021-04-12,14,0,0,0,0,0,0,14,0,0,0,0,0,0,0,0,0,0,0
Turkey,2021-04-26,403,0,1,9,0,3,3,3,0,1,0,0,0,0,0,0,0,0,383
Turkey,2021-05-10,2,0,0,0,0,0,0,2,0,0,0,0,0,0,0,0,0,0,0
Turkey,2021-05-24,385,0,0,22,0,0,7,45,9,9,9,0,3,59,3,0,0,2,217
Turkey,2021-06-07,570,0,0,3,0,0,22,55,22,234,3,0,9,19,16,0,0,0,187
Turkey,2021-06-21,1250,0,0,1,0,0,5,3,20,1047,0,0,3,4,10,2,0,1,154
Turkey,2021-07-05,3831,0,1,1,0,0,0,4,3,3009,5,0,1,1,5,0,0,3,798
Turkey,2021-07-19,2420,0,0,2,0,0,26,3,17,2133,1,0,12,4,11,0,0,1,210
Turkey,2021-08-02,18378,0,0,31,0,0,5,1320,18,11983,55,0,4,307,629,0,0,1,4025
Turkey,2021-08-16,22369,0,0,0,0,0,0,1,0,17712,21,0,0,8,0,0,0,0,4627
Turkey,2021-08-30,3318,0,0,0,0,0,0,0,0,3318,0,0,0,0,0,0,0,0,0
Turkey,2021-09-13,1182,0,0,0,0,0,0,0,0,1182,0,0,0,0,0,0,0,0,0
Turkey,2021-09-27,3051,0,0,0,0,0,0,2,0,3049,0,0,0,0,0,0,0,0,0
Turkey,2021-10-11,1125,0,0,0,0,0,0,1,0,1124,0,0,0,0,0,0,0,0,0
Turkey,2021-10-25,1408,0,0,0,0,0,0,0,0,1405,0,0,0,0,0,0,0,0,3
Turkey,2021-11-08,2309,0,0,0,0,0,0,0,0,2307,0,0,0,0,0,0,0,0,2
Turkey,2021-11-22,2279,0,0,0,0,0,0,0,0,2277,0,0,0,0,0,0,1,0,1
Turkey,2021-12-06,1620,0,0,0,0,0,0,0,0,1599,0,0,0,0,0,0,19,0,2
Turkey,2021-12-20,2240,0,0,0,0,0,0,0,0,1993,0,0,0,0,0,0,244,0,3
Turkey,2022-01-03,2104,0,0,0,0,0,0,0,0,69,0,0,0,0,0,0,2035,0,0
Turkey,2022-01-17,1637,0,0,0,0,0,0,0,0,7,0,0,0,0,0,0,1630,0,0
Turkey,2022-01-31,513,0,0,0,0,0,0,0,0,9,0,0,0,0,0,0,504,0,0
Turkey,2022-02-14,1602,0,0,0,0,0,0,0,0,4,0,0,0,0,0,0,1597,0,1
Turkey,2022-02-28,1306,1,0,0,0,0,0,0,0,1,0,0,0,0,0,0,1304,0,0
Turkey,2022-03-14,39,0,0,0,0,0,0,0,0,5,0,0,0,0,0,0,34,0,0
Turkey,2022-03-28,810,1,0,0,0,0,0,0,0,0,0,0,0,0,0,0,809,0,0
Turkey,2022-04-11,575,5,0,0,0,0,0,0,0,0,0,0,0,0,0,0,570,0,0
Turkey,2022-04-25,210,1,0,0,0,0,0,0,0,0,0,0,0,0,0,0,209,0,0
Turkey,2022-05-09,391,2,0,0,0,0,0,0,0,0,0,0,0,0,0,0,389,0,0
Turkey,2022-05-23,404,2,0,0,0,0,0,0,0,0,0,0,0,0,0,0,402,0,0
Turkey,2022-06-06,267,3,0,0,0,0,0,0,0,0,0,0,0,0,0,0,264,0,0
Turkey,2022-06-20,959,6,0,0,0,0,0,0,0,0,0,0,0,0,0,0,953,0,0
Turkey,2022-07-04,247,0,0,0,0,0,0,0,0,0,0,0,0,0,0,0,247,0,0
Turkey,2022-07-18,539,0,0,0,0,0,0,0,0,0,0,0,0,0,0,0,539,0,0
Turkey,2022-08-01,757,1,0,0,0,0,0,0,0,0,0,0,0,0,0,0,756,0,0
Turkey,2022-08-15,608,1,0,0,0,0,0,0,0,0,0,0,0,0,0,0,607,0,0
Turkey,2022-08-29,783,1,0,0,0,0,0,0,0,0,0,0,0,0,0,0,782,0,0
Turkey,2022-09-12,238,0,0,0,0,0,0,0,0,0,0,0,0,0,0,0,238,0,0
Turkey,2022-09-26,192,1,0,0,0,0,0,0,0,0,0,0,0,0,0,0,191,0,0
Turkey,2022-10-10,59,0,0,0,0,0,0,0,0,0,0,0,0,0,0,0,59,0,0
Turkey,2022-10-24,1219,0,0,0,0,0,0,0,0,0,0,0,0,0,0,0,1219,0,0
Turkey,2022-11-07,306,0,0,0,0,0,0,0,0,0,0,0,0,0,0,0,306,0,0
Turkey,2022-11-21,314,2,0,0,0,0,0,0,0,0,0,0,0,0,0,0,312,0,0
Turkey,2022-12-05,288,4,0,0,0,0,0,0,0,0,0,0,0,0,0,0,284,0,0
Turkey,2022-12-19,436,7,0,0,0,0,0,0,0,0,0,0,0,0,0,0,429,0,0
Turkey,2023-01-02,3,0,0,0,0,0,0,0,0,0,0,0,0,0,0,0,3,0,0
Turkey,2023-01-16,9,0,0,0,0,0,0,0,0,0,0,0,0,0,0,0,9,0,0
Turkey,2023-01-30,2,0,0,0,0,0,0,0,0,0,0,0,0,0,0,0,2,0,0
Turkey,2023-02-27,2,0,0,0,0,0,0,0,0,0,0,0,0,0,0,0,2,0,0
Turkey,2023-03-13,3,0,0,0,0,0,0,0,0,0,0,0,0,0,0,0,3,0,0
Turkey,2023-03-27,5,0,0,0,0,0,0,0,0,0,0,0,0,0,0,0,5,0,0
Turkey,2023-04-10,1,0,0,0,0,0,0,0,0,0,0,0,0,0,0,0,1,0,0
Turkey,2023-04-24,6,0,0,0,0,0,0,0,0,0,0,0,0,0,0,0,6,0,0
Turkey,2023-05-08,4,0,0,0,0,0,0,0,0,0,0,0,0,0,0,0,4,0,0
Turkey,2023-05-22,1,0,0,0,0,0,0,0,0,0,0,0,0,0,0,0,1,0,0
Turkey,2023-07-17,2,0,0,0,0,0,0,0,0,0,0,0,0,0,0,0,2,0,0
Turkey,2023-07-31,4,0,0,0,0,0,0,0,0,0,0,0,0,0,0,0,4,0,0
Turkey,2023-08-14,4,0,0,0,0,0,0,0,0,0,0,0,0,0,0,0,4,0,0
Turkey,2023-08-28,29,0,0,0,0,0,0,0,0,0,0,0,0,0,0,0,29,0,0
Turkey,2023-09-11,125,2,0,0,0,0,0,0,0,0,0,0,0,0,0,0,123,0,0
Turkey,2023-09-25,153,2,0,0,0,0,0,0,0,0,0,0,0,0,0,0,151,0,0
Turkey,2023-10-09,151,4,0,0,0,0,0,0,0,0,0,0,0,0,0,0,147,0,0
Turkey,2023-10-23,101,3,0,0,0,0,0,0,0,0,0,0,0,0,0,0,98,0,0
Turkey,2023-11-06,145,1,0,0,0,0,0,0,0,0,0,0,0,0,0,0,144,0,0
Turkey,2023-11-20,88,2,0,0,0,0,0,0,0,0,0,0,0,0,0,0,86,0,0
Turkey,2023-12-04,204,3,0,0,0,0,0,0,0,0,0,0,0,0,0,0,201,0,0
Turkey,2023-12-18,58,1,0,0,0,0,0,0,0,0,0,0,0,0,0,0,57,0,0
Turkey,2024-01-01,63,0,0,0,0,0,0,0,0,0,0,0,0,0,0,0,62,0,1
Turkey,2024-01-15,29,0,0,0,0,0,0,0,0,0,0,0,0,0,0,0,29,0,0
Turkey,2024-01-29,34,0,0,0,0,0,0,0,0,0,0,0,0,0,0,0,34,0,0
Turkey,2024-02-12,21,0,0,0,0,0,0,0,0,0,0,0,0,0,0,0,21,0,0
Turkey,2024-02-26,4,0,0,0,0,0,0,0,0,0,0,0,0,0,0,0,4,0,0
Turkey,2024-03-11,1,0,0,0,0,0,0,0,0,0,0,0,0,0,0,0,1,0,0
Turkey,2024-07-01,1,0,0,0,0,0,0,0,0,0,0,0,0,0,0,0,1,0,0
Turkey,2024-07-15,2,0,0,0,0,0,0,0,0,0,0,0,0,0,0,0,2,0,0
Turkey,2024-07-29,7,0,0,0,0,0,0,0,0,0,0,0,0,0,0,0,7,0,0
Uganda,2020-04-27,23,22,0,0,0,0,0,0,0,0,0,0,0,0,0,0,0,0,1
Uganda,2020-05-11,1,1,0,0,0,0,0,0,0,0,0,0,0,0,0,0,0,0,0
Uganda,2020-06-22,4,4,0,0,0,0,0,0,0,0,0,0,0,0,0,0,0,0,0
Uganda,2020-07-06,2,2,0,0,0,0,0,0,0,0,0,0,0,0,0,0,0,0,0
Uganda,2020-07-20,9,9,0,0,0,0,0,0,0,0,0,0,0,0,0,0,0,0,0
Uganda,2020-08-03,31,30,0,0,0,0,0,0,0,0,0,0,0,0,0,0,0,0,1
Uganda,2020-08-17,27,26,0,0,0,0,0,0,0,0,0,0,0,0,0,0,0,0,1
Uganda,2020-08-31,36,35,0,0,0,0,0,0,0,0,0,0,0,0,0,0,0,0,1
Uganda,2020-09-14,10,10,0,0,0,0,0,0,0,0,0,0,0,0,0,0,0,0,0
Uganda,2020-09-28,8,8,0,0,0,0,0,0,0,0,0,0,0,0,0,0,0,0,0
Uganda,2020-10-12,3,3,0,0,0,0,0,0,0,0,0,0,0,0,0,0,0,0,0
Uganda,2020-10-26,30,0,0,0,0,0,0,0,1,1,0,0,0,0,0,2,0,0,26
Uganda,2020-11-09,42,0,0,0,0,1,0,0,2,5,0,0,0,0,0,2,0,0,32
Uganda,2020-11-23,9,0,0,0,0,0,0,0,0,3,1,0,0,0,0,0,0,0,5
Uganda,2020-12-07,46,0,0,0,0,0,0,0,2,3,0,0,0,0,0,3,0,0,38
Uganda,2020-12-21,59,58,0,0,0,0,0,0,0,0,0,0,0,0,0,0,0,0,1
Uganda,2021-01-04,6,6,0,0,0,0,0,0,0,0,0,0,0,0,0,0,0,0,0
Uganda,2021-01-18,17,17,0,0,0,0,0,0,0,0,0,0,0,0,0,0,0,0,0
Uganda,2021-02-01,2,0,0,0,0,0,1,0,0,0,0,0,0,0,0,0,0,0,1
Uganda,2021-02-15,10,0,1,0,0,0,1,0,1,0,0,0,2,0,0,0,0,0,5
Uganda,2021-03-01,9,0,1,0,0,0,3,0,0,0,0,0,2,0,0,0,0,0,3
Uganda,2021-03-15,28,0,0,0,0,0,5,11,0,0,1,1,7,0,0,0,0,0,3
Uganda,2021-03-29,7,0,0,0,0,0,3,1,0,0,0,1,0,0,0,0,0,0,2
Uganda,2021-04-12,15,0,0,0,0,0,0,0,0,3,0,0,8,0,0,0,0,0,4
Uganda,2021-04-26,15,0,0,0,0,0,0,4,0,1,0,0,10,0,0,0,0,0,0
Uganda,2021-05-10,22,0,0,0,0,0,0,0,1,8,0,0,7,0,0,0,0,0,6
Uganda,2021-05-24,115,0,0,0,0,0,0,0,0,112,0,0,2,0,0,0,0,0,1
Uganda,2021-06-07,132,0,0,0,0,0,0,1,2,127,0,0,0,0,0,1,0,0,1
Uganda,2021-06-21,36,0,0,0,0,0,0,0,0,36,0,0,0,0,0,0,0,0,0
Uganda,2021-07-05,74,0,0,0,0,0,0,0,0,71,0,0,0,0,0,0,0,0,3
Uganda,2021-07-19,7,0,0,0,0,0,0,0,0,6,0,0,0,0,0,0,0,0,1
Uganda,2021-08-02,16,0,0,0,0,0,0,0,0,13,0,0,0,0,0,0,0,0,3
Uganda,2021-08-16,13,0,0,0,0,0,0,0,0,13,0,0,0,0,0,0,0,0,0
Uganda,2021-08-30,2,0,0,0,0,0,0,0,0,2,0,0,0,0,0,0,0,0,0
Uganda,2021-09-27,5,0,0,0,0,0,0,0,0,5,0,0,0,0,0,0,0,0,0
Uganda,2021-10-11,4,0,0,0,0,0,0,0,0,4,0,0,0,0,0,0,0,0,0
Uganda,2021-10-25,9,0,0,0,0,0,0,0,0,9,0,0,0,0,0,0,0,0,0
Uganda,2021-11-08,37,0,0,0,0,0,0,0,0,37,0,0,0,0,0,0,0,0,0
Uganda,2021-11-22,13,0,0,0,0,0,0,0,0,5,0,0,0,0,0,0,8,0,0
Uganda,2021-12-06,3,0,0,0,0,0,0,0,0,0,0,0,0,0,0,0,3,0,0
Uganda,2021-12-20,7,0,0,0,0,0,0,0,0,3,0,0,0,0,0,0,4,0,0
Uganda,2022-01-03,18,0,0,0,0,0,0,0,0,0,0,0,0,0,0,0,18,0,0
Uganda,2022-02-14,71,0,0,0,0,0,0,0,0,3,0,0,0,0,0,0,68,0,0
Uganda,2022-02-28,2,0,0,0,0,0,0,0,0,0,0,0,0,0,0,0,2,0,0
Uganda,2022-03-28,1,0,0,0,0,0,0,0,0,0,0,0,0,0,0,0,1,0,0
Uganda,2022-04-25,1,0,0,0,0,0,0,0,0,0,0,0,0,0,0,0,1,0,0
Uganda,2022-05-09,7,0,0,0,0,0,0,0,0,0,0,0,0,0,0,0,7,0,0
Uganda,2022-05-23,17,0,0,0,0,0,0,0,0,0,0,0,0,0,0,0,17,0,0
Uganda,2022-06-06,62,0,0,0,0,0,0,0,0,0,0,0,0,0,0,0,62,0,0
Uganda,2022-06-20,33,0,0,0,0,0,0,0,0,0,0,0,0,0,0,0,33,0,0
Uganda,2022-07-04,40,0,0,0,0,0,0,0,0,0,0,0,0,0,0,0,40,0,0
Uganda,2022-07-18,7,0,0,0,0,0,0,0,0,0,0,0,0,0,0,0,7,0,0
Uganda,2022-08-01,17,0,0,0,0,0,0,0,0,0,0,0,0,0,0,0,17,0,0
Uganda,2022-08-15,21,0,0,0,0,0,0,0,0,0,0,0,0,0,0,0,21,0,0
Uganda,2022-08-29,6,0,0,0,0,0,0,0,0,0,0,0,0,0,0,0,6,0,0
Uganda,2022-09-12,16,0,0,0,0,0,0,0,0,0,0,0,0,0,0,0,16,0,0
Uganda,2022-09-26,25,0,0,0,0,0,0,0,0,0,0,0,0,0,0,0,25,0,0
Uganda,2022-10-10,19,0,0,0,0,0,0,0,0,0,0,0,0,0,0,0,19,0,0
Uganda,2022-10-24,1,0,0,0,0,0,0,0,0,0,0,0,0,0,0,0,1,0,0
Uganda,2022-11-07,27,0,0,0,0,0,0,0,0,0,0,0,0,0,0,0,27,0,0
Uganda,2022-11-21,17,0,0,0,0,0,0,0,0,0,0,0,0,0,0,0,17,0,0
Uganda,2022-12-05,29,0,0,0,0,0,0,0,0,0,0,0,0,0,0,0,29,0,0
Uganda,2022-12-19,11,0,0,0,0,0,0,0,0,0,0,0,0,0,0,0,11,0,0
Uganda,2023-01-02,13,0,0,0,0,0,0,0,0,0,0,0,0,0,0,0,13,0,0
Uganda,2023-01-16,12,0,0,0,0,0,0,0,0,0,0,0,0,0,0,0,12,0,0
Uganda,2023-01-30,11,0,0,0,0,0,0,0,0,0,0,0,0,0,0,0,11,0,0
Uganda,2023-02-13,5,0,0,0,0,0,0,0,0,0,0,0,0,0,0,0,5,0,0
Uganda,2023-02-27,1,0,0,0,0,0,0,0,0,0,0,0,0,0,0,0,1,0,0
Uganda,2023-03-27,1,0,0,0,0,0,0,0,0,0,0,0,0,0,0,0,1,0,0
Uganda,2023-04-10,9,0,0,0,0,0,0,0,0,0,0,0,0,0,0,0,9,0,0
Uganda,2023-04-24,30,0,0,0,0,0,0,0,0,0,0,0,0,0,0,0,30,0,0
Uganda,2023-05-08,51,0,0,0,0,0,0,0,0,0,0,0,0,0,0,0,51,0,0
Uganda,2023-05-22,36,0,0,0,0,0,0,0,0,0,0,0,0,0,0,0,36,0,0
Uganda,2023-06-05,30,0,0,0,0,0,0,0,0,0,0,0,0,0,0,0,30,0,0
Uganda,2023-06-19,25,0,0,0,0,0,0,0,0,0,0,0,0,0,0,0,25,0,0
Uganda,2023-07-03,9,0,0,0,0,0,0,0,0,0,0,0,0,0,0,0,9,0,0
Uganda,2023-10-09,1,0,0,0,0,0,0,0,0,0,0,0,0,0,0,0,1,0,0
Uganda,2023-12-04,1,0,0,0,0,0,0,0,0,0,0,0,0,0,0,0,1,0,0
Uganda,2023-12-18,1,0,0,0,0,0,0,0,0,0,0,0,0,0,0,0,1,0,0
Uganda,2024-01-01,1,0,0,0,0,0,0,0,0,0,0,0,0,0,0,0,1,0,0
Uganda,2024-01-15,1,0,0,0,0,0,0,0,0,0,0,0,0,0,0,0,1,0,0
Uganda,2024-01-29,2,0,0,0,0,0,0,0,0,0,0,0,0,0,0,0,2,0,0
Uganda,2024-02-12,3,0,0,0,0,0,0,0,0,0,0,0,0,0,0,0,3,0,0
Uganda,2024-02-26,3,0,0,0,0,0,0,0,0,0,0,0,0,0,0,0,3,0,0
Uganda,2024-03-11,1,0,0,0,0,0,0,0,0,0,0,0,0,0,0,0,1,0,0
Uganda,2024-04-22,1,0,0,0,0,0,0,0,0,0,0,0,0,0,0,0,1,0,0
Uganda,2024-05-06,3,0,0,0,0,0,0,0,0,0,0,0,0,0,0,0,3,0,0
Uganda,2024-07-15,2,0,0,0,0,0,0,0,0,0,0,0,0,0,0,0,2,0,0
Ukraine,2020-04-27,2,0,0,0,0,0,0,0,0,0,0,0,0,0,0,0,0,0,2
Ukraine,2020-05-11,9,0,0,0,0,0,0,0,0,0,0,2,0,0,0,0,0,0,7
Ukraine,2020-05-25,22,0,0,0,0,0,0,0,0,0,0,3,0,1,0,0,0,0,18
Ukraine,2020-06-22,14,0,0,0,0,0,0,0,0,0,0,2,0,1,0,0,0,0,11
Ukraine,2020-07-06,3,0,0,0,0,0,0,0,0,0,0,1,0,0,0,0,0,0,2
Ukraine,2020-07-20,3,0,0,0,0,0,0,0,0,0,0,1,0,0,0,0,0,0,2
Ukraine,2020-08-03,10,0,0,0,0,0,0,0,0,0,0,2,0,0,0,0,0,0,8
Ukraine,2020-09-14,2,0,0,0,0,0,0,0,0,0,0,0,0,0,0,0,0,0,2
Ukraine,2020-09-28,3,0,0,0,0,0,0,0,0,0,0,1,0,0,0,0,0,0,2
Ukraine,2020-10-12,2,0,0,0,0,0,0,0,0,0,0,0,0,0,0,0,0,0,2
Ukraine,2020-11-09,1,0,0,0,0,0,0,0,0,0,0,0,0,0,0,0,0,0,1
Ukraine,2020-11-23,1,0,0,0,0,0,0,0,0,0,0,0,0,0,0,0,0,0,1
Ukraine,2020-12-21,44,0,3,0,0,1,0,0,0,0,0,0,0,0,0,0,0,0,40
Ukraine,2021-01-04,51,0,0,0,0,0,0,0,0,0,0,8,0,1,0,0,0,1,41
Ukraine,2021-02-01,1,0,0,0,0,0,0,0,0,0,0,0,0,0,0,0,0,0,1
Ukraine,2021-02-15,28,0,0,0,0,0,0,25,1,0,0,1,0,0,0,0,0,0,1
Ukraine,2021-03-01,3,0,0,0,0,0,0,3,0,0,0,0,0,0,0,0,0,0,0
Ukraine,2021-03-15,32,0,0,0,0,0,0,32,0,0,0,0,0,0,0,0,0,0,0
Ukraine,2021-03-29,1,0,0,0,0,0,0,0,0,0,0,0,0,0,0,0,0,0,1
Ukraine,2021-05-10,17,0,0,0,0,0,0,16,0,0,0,0,0,0,0,0,0,0,1
Ukraine,2021-05-24,7,0,0,0,0,0,0,7,0,0,0,0,0,0,0,0,0,0,0
Ukraine,2021-06-07,24,0,0,0,0,0,0,18,1,5,0,0,0,0,0,0,0,0,0
Ukraine,2021-06-21,35,0,0,0,0,0,0,4,1,29,0,0,0,0,0,1,0,0,0
Ukraine,2021-07-05,19,0,0,0,0,0,0,2,0,17,0,0,0,0,0,0,0,0,0
Ukraine,2021-07-19,27,0,0,0,0,0,0,4,0,23,0,0,0,0,0,0,0,0,0
Ukraine,2021-08-02,1,0,0,0,0,0,0,0,0,1,0,0,0,0,0,0,0,0,0
Ukraine,2021-08-16,2,0,0,0,0,0,0,0,0,2,0,0,0,0,0,0,0,0,0
Ukraine,2021-08-30,13,0,0,0,0,0,0,0,0,13,0,0,0,0,0,0,0,0,0
Ukraine,2021-09-13,44,0,0,0,0,0,0,0,0,44,0,0,0,0,0,0,0,0,0
Ukraine,2021-09-27,5,0,0,0,0,0,0,0,0,5,0,0,0,0,0,0,0,0,0
Ukraine,2021-10-11,32,0,0,0,0,0,0,0,0,32,0,0,0,0,0,0,0,0,0
Ukraine,2021-10-25,87,0,0,0,0,0,0,0,0,87,0,0,0,0,0,0,0,0,0
Ukraine,2021-11-08,30,0,0,0,0,0,0,0,0,30,0,0,0,0,0,0,0,0,0
Ukraine,2021-11-22,60,0,0,0,0,0,0,0,0,60,0,0,0,0,0,0,0,0,0
Ukraine,2021-12-06,134,0,0,0,0,0,0,0,0,132,0,0,0,0,0,0,2,0,0
Ukraine,2021-12-20,48,0,0,0,0,0,0,0,0,48,0,0,0,0,0,0,0,0,0
Ukraine,2022-01-03,29,0,0,0,0,0,0,0,0,7,0,0,0,0,0,0,21,0,1
Ukraine,2022-01-17,90,0,0,0,0,0,0,0,0,7,0,0,0,0,0,0,82,0,1
Ukraine,2022-01-31,10,0,0,0,0,0,0,0,0,0,0,0,0,0,0,0,10,0,0
Ukraine,2022-02-14,20,0,0,0,0,0,0,0,0,0,0,0,0,0,0,0,20,0,0
Ukraine,2022-02-28,17,0,0,0,0,0,0,0,0,0,0,0,0,0,0,0,17,0,0
Ukraine,2022-03-14,4,1,0,0,0,0,0,0,0,0,0,0,0,0,0,0,3,0,0
Ukraine,2022-03-28,5,0,0,0,0,0,0,0,0,0,0,0,0,0,0,0,5,0,0
Ukraine,2022-04-11,15,0,0,0,0,0,0,0,0,0,0,0,0,0,0,0,15,0,0
Ukraine,2022-04-25,3,0,0,0,0,0,0,0,0,0,0,0,0,0,0,0,3,0,0
Ukraine,2022-05-09,11,0,0,0,0,0,0,0,0,0,0,0,0,0,0,0,11,0,0
Ukraine,2022-05-23,6,0,0,0,0,0,0,0,0,0,0,0,0,0,0,0,6,0,0
Ukraine,2022-06-06,8,0,0,0,0,0,0,0,0,0,0,0,0,0,0,0,8,0,0
Ukraine,2022-06-20,12,0,0,0,0,0,0,0,0,0,0,0,0,0,0,0,12,0,0
Ukraine,2022-07-04,16,0,0,0,0,0,0,0,0,0,0,0,0,0,0,0,16,0,0
Ukraine,2022-07-18,53,0,0,0,0,0,0,0,0,1,0,0,0,0,0,0,52,0,0
Ukraine,2022-08-01,194,2,0,0,0,0,0,0,0,0,0,0,0,0,0,0,192,0,0
Ukraine,2022-08-15,53,0,0,0,0,0,0,0,0,0,0,0,0,0,0,0,53,0,0
Ukraine,2022-08-29,58,0,0,0,0,0,0,0,0,0,0,0,0,0,0,0,58,0,0
Ukraine,2022-09-12,70,0,0,0,0,0,0,0,0,0,0,0,0,0,0,0,70,0,0
Ukraine,2022-09-26,126,3,0,0,0,0,0,0,0,0,0,0,0,0,0,0,123,0,0
Ukraine,2022-10-10,31,0,0,0,0,0,0,0,0,0,0,0,0,0,0,0,31,0,0
Ukraine,2022-10-24,4,0,0,0,0,0,0,0,0,0,0,0,0,0,0,0,4,0,0
Ukraine,2022-11-07,16,0,0,0,0,0,0,0,0,0,0,0,0,0,0,0,16,0,0
Ukraine,2022-11-21,56,0,0,0,0,0,0,0,0,0,0,0,0,0,0,0,56,0,0
Ukraine,2022-12-05,31,0,0,0,0,0,0,0,0,0,0,0,0,0,0,0,31,0,0
Ukraine,2022-12-19,12,0,0,0,0,0,0,0,0,0,0,0,0,0,0,0,12,0,0
Ukraine,2023-01-02,126,0,0,0,0,0,0,0,0,0,0,0,0,0,0,0,126,0,0
Ukraine,2023-01-16,75,0,0,0,0,0,0,0,0,0,0,0,0,0,0,0,75,0,0
Ukraine,2023-01-30,78,0,0,0,0,0,0,0,0,0,0,0,0,0,0,0,78,0,0
Ukraine,2023-02-13,95,0,0,0,0,0,0,0,0,0,0,0,0,0,0,0,95,0,0
Ukraine,2023-02-27,152,1,0,0,0,0,0,0,0,0,0,0,0,0,0,0,151,0,0
Ukraine,2023-03-13,186,1,0,0,0,0,0,0,0,0,0,0,0,0,0,0,185,0,0
Ukraine,2023-03-27,144,0,0,0,0,0,0,0,0,0,0,0,0,0,0,0,144,0,0
Ukraine,2023-04-10,269,0,0,0,0,0,0,0,0,0,0,0,0,0,0,0,269,0,0
Ukraine,2023-04-24,139,2,0,0,0,0,0,0,0,0,0,0,0,0,0,0,137,0,0
Ukraine,2023-05-08,266,0,0,0,0,0,0,0,0,0,0,0,0,0,0,0,266,0,0
Ukraine,2023-05-22,70,0,0,0,0,0,0,0,0,0,0,0,0,0,0,0,70,0,0
Ukraine,2023-06-05,127,0,0,0,0,0,0,0,0,0,0,0,0,0,0,0,127,0,0
Ukraine,2023-06-19,12,0,0,0,0,0,0,0,0,0,0,0,0,0,0,0,12,0,0
Ukraine,2023-07-03,3,0,0,0,0,0,0,0,0,0,0,0,0,0,0,0,3,0,0
Ukraine,2023-07-17,15,0,0,0,0,0,0,0,0,0,0,0,0,0,0,0,15,0,0
Ukraine,2023-07-31,23,0,0,0,0,0,0,0,0,0,0,0,0,0,0,0,23,0,0
Ukraine,2023-08-14,6,0,0,0,0,0,0,0,0,0,0,0,0,0,0,0,6,0,0
Ukraine,2023-08-28,77,0,0,0,0,0,0,0,0,0,0,0,0,0,0,0,77,0,0
Ukraine,2023-09-11,110,0,0,0,0,0,0,0,0,0,0,0,0,0,0,0,110,0,0
Ukraine,2023-09-25,139,0,0,0,0,0,0,0,0,0,0,0,0,0,0,0,139,0,0
Ukraine,2023-10-09,172,0,0,0,0,0,0,0,0,0,0,0,0,0,0,0,172,0,0
Ukraine,2023-10-23,96,0,0,0,0,0,0,0,0,0,0,0,0,0,0,0,96,0,0
Ukraine,2023-11-06,150,1,0,0,0,0,0,0,0,0,0,0,0,0,0,0,149,0,0
Ukraine,2023-11-20,101,0,0,0,0,0,0,0,0,0,0,0,0,0,0,0,101,0,0
Ukraine,2023-12-04,81,0,0,0,0,0,0,0,0,0,0,0,0,0,0,0,81,0,0
Ukraine,2023-12-18,83,0,0,0,0,0,0,0,0,0,0,0,0,0,0,0,83,0,0
Ukraine,2024-01-01,92,0,0,0,0,0,0,0,0,0,0,0,0,0,0,0,92,0,0
Ukraine,2024-01-15,69,0,0,0,0,0,0,0,0,0,0,0,0,0,0,0,69,0,0
Ukraine,2024-01-29,75,0,0,0,0,0,0,0,0,0,0,0,0,0,0,0,75,0,0
Ukraine,2024-02-12,71,0,0,0,0,0,0,0,0,0,0,0,0,0,0,0,71,0,0
Ukraine,2024-02-26,46,0,0,0,0,0,0,0,0,0,0,0,0,0,0,0,46,0,0
Ukraine,2024-03-11,80,2,0,0,0,0,0,0,0,0,0,0,0,0,0,0,78,0,0
Ukraine,2024-03-25,58,2,0,0,0,0,0,0,0,0,0,0,0,0,0,0,56,0,0
Ukraine,2024-04-08,37,1,0,0,0,0,0,0,0,0,0,0,0,0,0,0,36,0,0
Ukraine,2024-04-22,36,1,0,0,0,0,0,0,0,0,0,0,0,0,0,0,35,0,0
Ukraine,2024-05-06,27,2,0,0,0,0,0,0,0,0,0,0,0,0,0,0,25,0,0
Ukraine,2024-07-01,13,0,0,0,0,0,0,0,0,0,0,0,0,0,0,0,13,0,0
Ukraine,2024-07-15,34,0,0,0,0,0,0,0,0,0,0,0,0,0,0,0,34,0,0
Ukraine,2024-07-29,36,2,0,0,0,0,0,0,0,0,0,0,0,0,0,0,34,0,0
United Arab Emirates,2020-04-27,133,130,0,0,0,0,0,0,0,0,0,0,0,0,0,0,0,0,3
United Arab Emirates,2020-05-11,891,870,0,0,0,0,0,0,0,0,0,0,0,1,0,0,0,0,20
United Arab Emirates,2020-05-25,18,18,0,0,0,0,0,0,0,0,0,0,0,0,0,0,0,0,0
United Arab Emirates,2020-06-08,107,105,0,0,0,0,0,0,0,0,0,0,0,0,0,0,0,0,2
United Arab Emirates,2020-06-22,151,148,0,0,0,0,0,0,0,0,0,0,0,0,0,0,0,0,3
United Arab Emirates,2020-07-06,4,4,0,0,0,0,0,0,0,0,0,0,0,0,0,0,0,0,0
United Arab Emirates,2020-08-03,6,6,0,0,0,0,0,0,0,0,0,0,0,0,0,0,0,0,0
United Arab Emirates,2020-08-17,65,0,0,0,0,0,1,0,6,0,1,0,0,0,0,0,0,0,57
United Arab Emirates,2020-08-31,24,23,0,0,0,0,0,0,0,0,0,0,0,0,0,0,0,0,1
United Arab Emirates,2020-09-14,39,0,0,0,1,1,0,0,0,0,0,0,0,0,0,0,0,0,37
United Arab Emirates,2020-09-28,69,0,0,0,0,1,0,2,8,0,0,0,0,0,0,0,0,0,58
United Arab Emirates,2020-10-12,55,0,0,0,1,13,0,0,0,0,0,0,0,0,0,0,0,0,41
United Arab Emirates,2020-10-26,21,0,0,0,0,4,0,0,0,0,0,0,0,0,0,0,0,0,17
United Arab Emirates,2020-11-09,67,0,5,0,0,1,0,3,0,0,0,0,0,0,0,0,0,0,58
United Arab Emirates,2020-11-23,57,0,1,0,0,4,0,1,0,0,0,0,0,0,0,0,0,0,51
United Arab Emirates,2020-12-07,39,0,1,0,0,0,1,2,5,0,0,0,0,0,0,0,0,0,30
United Arab Emirates,2020-12-21,141,0,3,0,0,3,6,34,30,0,2,1,1,0,0,0,0,0,61
United Arab Emirates,2021-01-04,152,0,1,1,0,0,4,78,31,0,2,0,1,0,0,1,0,0,33
United Arab Emirates,2021-01-18,193,0,1,0,0,1,19,118,27,0,2,0,3,0,0,0,0,0,22
United Arab Emirates,2021-02-01,192,0,2,0,0,3,10,130,15,0,2,0,4,0,0,1,0,0,25
United Arab Emirates,2021-04-26,1,0,0,0,0,0,1,0,0,0,0,0,0,0,0,0,0,0,0
United Arab Emirates,2021-05-24,82,0,0,0,0,0,0,0,0,82,0,0,0,0,0,0,0,0,0
United Arab Emirates,2021-06-07,139,0,0,0,0,0,0,0,0,139,0,0,0,0,0,0,0,0,0
United Arab Emirates,2021-06-21,232,0,0,0,0,0,0,0,0,232,0,0,0,0,0,0,0,0,0
United Arab Emirates,2021-07-05,323,0,0,0,0,0,0,0,0,323,0,0,0,0,0,0,0,0,0
United Arab Emirates,2021-07-19,314,0,0,0,0,0,0,0,0,314,0,0,0,0,0,0,0,0,0
United Arab Emirates,2021-08-02,272,0,0,0,0,0,0,0,0,272,0,0,0,0,0,0,0,0,0
United Arab Emirates,2021-08-16,275,0,0,0,0,0,0,0,0,275,0,0,0,0,0,0,0,0,0
United Arab Emirates,2021-08-30,343,0,0,0,0,0,0,0,0,343,0,0,0,0,0,0,0,0,0
United Arab Emirates,2021-09-13,264,0,0,0,0,0,0,0,0,263,0,0,0,0,0,0,0,0,1
United Arab Emirates,2021-09-27,225,0,0,0,0,0,0,0,0,225,0,0,0,0,0,0,0,0,0
United Arab Emirates,2021-10-11,315,0,0,0,0,0,0,0,0,315,0,0,0,0,0,0,0,0,0
United Arab Emirates,2021-10-25,199,0,0,0,0,0,0,0,0,199,0,0,0,0,0,0,0,0,0
United Arab Emirates,2021-11-08,183,0,0,0,0,0,0,0,0,182,0,0,0,0,0,0,1,0,0
United Arab Emirates,2021-11-22,136,0,0,0,0,0,0,0,0,131,0,0,0,0,0,0,5,0,0
United Arab Emirates,2021-12-06,233,0,0,0,0,0,0,0,0,130,0,0,0,0,0,0,103,0,0
United Arab Emirates,2021-12-20,327,0,0,0,0,0,0,0,0,23,0,0,0,0,0,0,304,0,0
United Arab Emirates,2022-01-03,174,0,0,0,0,0,0,0,0,1,0,0,0,0,0,0,173,0,0
United Arab Emirates,2022-02-28,37,0,0,0,0,0,0,0,0,1,0,0,0,0,0,0,36,0,0
United Arab Emirates,2022-03-28,7,0,0,0,0,0,0,0,0,0,0,0,0,0,0,0,7,0,0
United Arab Emirates,2022-05-23,8,0,0,0,0,0,0,0,0,0,0,0,0,0,0,0,8,0,0
United Arab Emirates,2022-07-04,1,0,0,0,0,0,0,0,0,0,0,0,0,0,0,0,1,0,0
United Kingdom,2020-04-27,4667,0,0,0,0,0,0,0,0,0,0,0,0,0,0,0,0,0,4667
United Kingdom,2020-05-11,2717,0,0,0,0,0,0,0,0,0,0,0,0,0,0,0,0,0,2717
United Kingdom,2020-05-25,1720,0,0,0,0,0,0,0,0,0,0,0,0,0,0,0,0,0,1720
United Kingdom,2020-06-08,4682,0,0,0,0,0,0,0,0,0,0,0,0,0,0,0,0,0,4682
United Kingdom,2020-06-22,2275,0,2,0,0,0,0,0,0,0,0,0,0,0,0,0,0,0,2273
United Kingdom,2020-07-06,1077,0,13,1,0,1,0,0,0,0,0,0,0,0,0,0,0,0,1062
United Kingdom,2020-07-20,1180,0,8,3,4,25,0,0,0,0,0,0,0,0,0,0,0,0,1140
United Kingdom,2020-08-03,2334,0,68,17,23,163,0,0,0,0,0,0,0,0,0,0,0,0,2063
United Kingdom,2020-08-17,4113,0,555,52,105,875,0,0,0,0,0,0,0,0,0,0,0,0,2526
United Kingdom,2020-08-31,5634,0,499,25,59,1864,0,0,0,0,0,0,0,0,0,0,0,0,3187
United Kingdom,2020-09-14,9664,0,718,17,33,4508,0,3,0,0,0,0,0,0,0,0,0,0,4385
United Kingdom,2020-09-28,11454,0,865,14,31,6487,0,7,0,0,0,0,0,0,0,0,0,0,4050
United Kingdom,2020-10-12,16072,0,1102,30,11,10305,0,37,0,0,0,0,0,0,0,0,0,0,4587
United Kingdom,2020-10-26,17629,0,1028,13,7,12182,0,350,0,0,0,0,0,0,0,0,0,0,4049
United Kingdom,2020-11-09,17838,0,976,12,5,12190,0,1403,0,1,0,0,0,0,0,0,0,0,3251
United Kingdom,2020-11-23,8355,0,297,1,3,5900,0,1063,0,0,0,0,0,0,0,0,0,0,1091
United Kingdom,2020-12-07,21366,0,577,3,1,10662,17,8640,0,0,0,2,2,0,0,0,0,0,1462
United Kingdom,2020-12-21,18424,0,292,0,1,5593,43,11789,0,3,0,1,1,0,0,0,0,0,701
United Kingdom,2021-01-04,28274,0,182,7,0,5168,63,22277,0,1,0,4,16,0,0,0,0,0,556
United Kingdom,2021-01-18,35769,1,78,5,0,3128,49,32130,0,1,0,1,31,3,0,0,0,0,342
United Kingdom,2021-02-01,27940,2,33,2,0,1251,47,26392,3,0,0,3,32,0,0,0,0,0,175
United Kingdom,2021-02-15,33266,1,27,2,0,677,46,32269,5,0,4,2,63,1,1,0,0,0,168
United Kingdom,2021-03-01,32254,9,32,1,0,191,78,31527,18,5,18,5,104,5,1,0,0,0,260
United Kingdom,2021-03-15,34083,30,6,2,0,68,137,33513,11,8,42,3,79,5,0,0,0,0,179
United Kingdom,2021-03-29,20948,2,4,5,0,14,126,20420,23,100,82,2,45,1,1,0,0,0,123
United Kingdom,2021-04-12,15320,0,1,1,0,10,119,14180,38,642,134,0,47,3,0,0,0,1,144
United Kingdom,2021-04-26,14625,0,4,0,0,16,95,11656,46,2601,65,1,34,0,1,0,0,0,106
United Kingdom,2021-05-10,17052,0,3,0,0,4,31,7743,14,9130,24,2,18,3,0,2,0,0,78
United Kingdom,2021-05-24,37163,1,0,0,0,2,28,5933,25,31114,14,0,4,0,0,1,0,0,41
United Kingdom,2021-06-07,34175,1,0,0,0,2,13,2017,7,32036,1,0,0,0,2,4,0,0,92
United Kingdom,2021-06-21,59598,2,0,0,0,0,5,1048,4,58480,1,0,2,0,0,30,0,0,26
United Kingdom,2021-07-05,51613,1,0,0,0,7,2,299,5,51253,0,0,2,0,1,22,0,0,21
United Kingdom,2021-07-19,67646,0,0,0,0,0,6,207,13,67385,0,0,1,0,0,22,0,0,12
United Kingdom,2021-08-02,62773,0,1,0,0,0,4,25,3,62718,1,0,0,0,0,15,0,0,6
United Kingdom,2021-08-16,75290,0,0,0,0,0,0,21,1,75251,1,0,0,0,0,3,0,0,13
United Kingdom,2021-08-30,80431,0,0,0,0,0,1,12,1,80409,0,0,0,0,0,5,0,0,3
United Kingdom,2021-09-13,78654,0,0,0,0,0,0,13,1,78621,1,0,0,0,0,10,0,0,8
United Kingdom,2021-09-27,79723,0,0,0,0,12,2,4,1,79683,0,0,0,0,0,2,0,0,19
United Kingdom,2021-10-11,80363,0,0,0,0,1,1,4,1,80339,0,0,0,0,0,1,0,0,16
United Kingdom,2021-10-25,90289,0,0,0,0,0,0,4,3,90278,0,0,0,0,0,0,2,0,2
United Kingdom,2021-11-08,107971,0,0,0,0,0,1,2,1,107954,0,0,0,0,0,0,7,0,6
United Kingdom,2021-11-22,124720,0,0,0,0,0,1,3,4,123250,0,0,0,0,0,1,1453,0,8
United Kingdom,2021-12-06,136576,0,0,0,0,0,0,2,0,82554,0,0,0,0,0,1,54011,0,8
United Kingdom,2021-12-20,122321,0,0,0,0,0,0,0,0,11194,0,0,0,0,0,0,111118,0,9
United Kingdom,2022-01-03,141366,9,0,0,0,0,0,2,0,2126,0,0,0,0,0,0,139221,0,8
United Kingdom,2022-01-17,135195,30,0,0,0,0,0,1,0,378,0,0,0,0,0,0,134781,0,5
United Kingdom,2022-01-31,147170,125,0,0,0,0,0,4,0,71,0,0,0,0,0,0,146964,0,6
United Kingdom,2022-02-14,130666,320,0,0,0,0,0,0,0,28,0,0,0,0,0,0,130306,0,12
United Kingdom,2022-02-28,137333,682,0,0,0,0,0,1,0,11,0,0,0,0,0,0,136628,0,11
United Kingdom,2022-03-14,147748,987,0,0,0,0,0,0,0,4,0,0,0,0,0,0,146752,0,5
United Kingdom,2022-03-28,66348,490,0,0,0,0,0,0,0,2,0,0,0,0,0,0,65855,0,1
United Kingdom,2022-04-11,41361,357,0,0,0,0,0,0,1,0,0,0,0,0,0,0,41002,0,1
United Kingdom,2022-04-25,20070,229,0,0,0,0,0,0,0,0,0,0,0,0,0,0,19839,0,2
United Kingdom,2022-05-09,10056,112,0,0,0,0,0,0,0,0,0,0,0,0,0,0,9944,0,0
United Kingdom,2022-05-23,7612,56,0,0,0,0,0,0,0,0,0,0,0,0,0,0,7556,0,0
United Kingdom,2022-06-06,15803,65,0,0,0,0,0,0,0,0,0,0,0,0,0,0,15738,0,0
United Kingdom,2022-06-20,26585,73,0,0,0,0,0,0,0,1,0,0,0,0,0,0,26510,0,1
United Kingdom,2022-07-04,23738,52,0,0,0,0,0,0,0,2,0,0,0,0,0,0,23683,0,1
United Kingdom,2022-07-18,16959,34,0,0,0,0,0,0,0,0,0,0,0,0,0,0,16925,0,0
United Kingdom,2022-08-01,10779,19,0,0,0,0,0,0,0,0,0,0,0,0,0,0,10760,0,0
United Kingdom,2022-08-15,6699,10,0,0,0,0,0,0,0,0,0,0,0,0,0,0,6689,0,0
United Kingdom,2022-08-29,5814,13,0,0,0,0,0,0,0,0,0,0,0,0,0,0,5801,0,0
United Kingdom,2022-09-12,7899,13,0,0,0,0,0,0,0,0,0,0,0,0,0,0,7886,0,0
United Kingdom,2022-09-26,12508,53,0,0,0,0,0,0,0,0,0,0,0,0,0,0,12455,0,0
United Kingdom,2022-10-10,11973,60,0,0,0,0,0,0,0,0,0,0,0,0,0,0,11913,0,0
United Kingdom,2022-10-24,7262,36,0,0,0,0,0,0,0,0,0,0,0,0,0,0,7226,0,0
United Kingdom,2022-11-07,5670,24,0,0,0,0,0,0,0,0,0,0,0,0,0,0,5646,0,0
United Kingdom,2022-11-21,7390,57,0,0,0,0,0,0,0,0,0,0,0,0,0,0,7333,0,0
United Kingdom,2022-12-05,12099,80,0,0,0,0,0,0,0,0,0,0,0,0,0,0,12019,0,0
United Kingdom,2022-12-19,14290,183,0,0,0,0,0,0,0,0,0,0,0,0,0,0,14107,0,0
United Kingdom,2023-01-02,9521,203,0,0,0,0,0,0,0,0,0,0,0,0,0,0,9318,0,0
United Kingdom,2023-01-16,5497,147,0,0,0,0,0,0,0,0,0,0,0,0,0,0,5350,0,0
United Kingdom,2023-01-30,8108,180,0,0,0,0,0,0,0,0,0,0,0,0,0,0,7928,0,0
United Kingdom,2023-02-13,9543,216,0,0,0,0,0,0,0,0,0,0,0,0,0,0,9327,0,0
United Kingdom,2023-02-27,9385,191,0,0,0,0,0,0,0,0,0,0,0,0,0,0,9194,0,0
United Kingdom,2023-03-13,8043,140,0,0,0,0,0,0,0,0,0,0,0,0,0,0,7903,0,0
United Kingdom,2023-03-27,4496,55,0,0,0,0,0,0,0,0,0,0,0,0,0,0,4441,0,0
United Kingdom,2023-04-10,3179,18,0,0,0,0,0,0,0,0,0,0,0,0,0,0,3161,0,0
United Kingdom,2023-04-24,2373,16,0,0,0,0,0,0,0,0,0,0,0,0,0,0,2357,0,0
United Kingdom,2023-05-08,1595,12,0,0,0,0,0,0,0,0,0,0,0,0,0,0,1583,0,0
United Kingdom,2023-05-22,1196,9,0,0,0,0,0,0,0,0,0,0,0,0,0,0,1187,0,0
United Kingdom,2023-06-05,834,8,0,0,0,0,0,0,0,0,0,0,0,0,0,0,826,0,0
United Kingdom,2023-06-19,495,6,0,0,0,0,0,0,0,0,0,0,0,0,0,0,489,0,0
United Kingdom,2023-07-03,687,11,0,0,0,0,0,0,0,0,0,0,0,0,0,0,676,0,0
United Kingdom,2023-07-17,1163,12,0,0,0,0,0,0,0,0,0,0,0,0,0,0,1151,0,0
United Kingdom,2023-07-31,2078,24,0,0,0,0,0,0,0,0,0,0,0,0,0,0,2054,0,0
United Kingdom,2023-08-14,2198,31,0,0,0,0,0,0,0,0,0,0,0,0,0,0,2167,0,0
United Kingdom,2023-08-28,2941,47,0,0,0,0,0,0,0,0,0,0,0,0,0,0,2894,0,0
United Kingdom,2023-09-11,3012,55,0,0,0,0,0,0,0,0,0,0,0,0,0,0,2957,0,0
United Kingdom,2023-09-25,4109,80,0,0,0,0,0,0,0,0,0,0,0,0,0,0,4029,0,0
United Kingdom,2023-10-09,3222,87,0,0,0,0,0,0,0,0,0,0,0,0,0,0,3135,0,0
United Kingdom,2023-10-23,2583,60,0,0,0,0,0,0,0,0,0,0,0,0,0,0,2523,0,0
United Kingdom,2023-11-06,1986,68,0,0,0,0,0,0,0,0,0,0,0,0,0,0,1918,0,0
United Kingdom,2023-11-20,1861,69,0,0,0,0,0,0,0,0,0,0,0,0,0,0,1792,0,0
United Kingdom,2023-12-04,3366,121,0,0,0,0,0,0,0,0,0,0,0,0,0,0,3245,0,0
United Kingdom,2023-12-18,3423,103,0,0,0,0,0,0,0,0,0,0,0,0,0,0,3320,0,0
United Kingdom,2024-01-01,2903,111,0,0,0,0,0,0,0,0,0,0,0,0,0,0,2792,0,0
United Kingdom,2024-01-15,2667,103,0,0,0,0,0,0,0,0,0,0,0,0,0,0,2564,0,0
United Kingdom,2024-01-29,2059,104,0,0,0,0,0,0,0,0,0,0,0,0,0,0,1955,0,0
United Kingdom,2024-02-12,1059,57,0,0,0,0,0,0,0,0,0,0,0,0,0,0,1002,0,0
United Kingdom,2024-02-26,827,32,0,0,0,0,0,0,0,0,0,0,0,0,0,0,795,0,0
United Kingdom,2024-03-11,906,49,0,0,0,0,0,0,0,0,0,0,0,0,0,0,857,0,0
United Kingdom,2024-03-25,782,27,0,0,0,0,0,0,0,0,0,0,0,0,0,0,755,0,0
United Kingdom,2024-04-08,928,43,0,0,0,0,0,0,0,0,0,0,0,0,0,0,885,0,0
United Kingdom,2024-04-22,1507,105,0,0,0,0,0,0,0,0,0,0,0,0,0,0,1402,0,0
United Kingdom,2024-05-06,1563,69,0,0,0,0,0,0,0,0,0,0,0,0,0,0,1494,0,0
United Kingdom,2024-07-01,2077,19,0,0,0,0,0,0,0,0,0,0,0,0,0,0,2058,0,0
United Kingdom,2024-07-15,1476,8,0,0,0,0,0,0,0,0,0,0,0,0,0,0,1468,0,0
United Kingdom,2024-07-29,989,6,0,0,0,0,0,0,0,0,0,0,0,0,0,0,983,0,0
United States,2020-04-27,6770,0,0,0,0,0,0,0,0,0,0,0,0,0,0,0,0,0,6770
United States,2020-05-11,5557,0,0,0,0,0,0,0,0,0,0,0,0,0,0,0,0,0,5557
United States,2020-05-25,4524,0,0,0,0,0,0,0,0,0,0,0,0,0,0,0,0,0,4524
United States,2020-06-08,6684,0,0,0,0,0,0,0,0,0,0,0,0,0,0,0,0,0,6684
United States,2020-06-22,9158,0,0,0,0,0,0,0,0,0,0,0,0,0,0,0,0,0,9158
United States,2020-07-06,10707,3,0,0,0,0,0,0,0,0,0,0,0,0,0,0,0,0,10704
United States,2020-07-20,7895,0,0,0,0,0,0,0,0,0,0,0,0,0,0,0,0,7,7888
United States,2020-08-03,6146,0,0,0,0,0,0,0,0,0,0,1,0,0,0,0,0,10,6135
United States,2020-08-17,6011,0,0,0,0,3,0,0,0,0,0,1,0,0,0,0,0,29,5978
United States,2020-08-31,6682,0,1,0,0,0,0,0,0,0,0,5,0,0,0,0,0,61,6615
United States,2020-09-14,7403,0,1,0,0,3,0,0,0,0,0,11,0,0,0,0,0,127,7261
United States,2020-09-28,8569,0,4,0,0,3,0,0,0,0,0,22,0,0,0,0,0,84,8456
United States,2020-10-12,10586,0,4,0,1,4,0,3,0,0,0,49,0,0,0,0,0,162,10363
United States,2020-10-26,16484,0,5,3,0,4,0,10,0,2,0,97,0,0,0,0,0,267,16096
United States,2020-11-09,16652,0,6,3,0,10,0,5,0,2,0,194,0,1,0,0,0,286,16145
United States,2020-11-23,16176,0,3,10,0,8,0,5,0,0,0,590,0,9,0,0,0,385,15166
United States,2020-12-07,25560,0,19,40,0,30,0,16,0,0,0,2920,0,19,0,0,0,853,21663
United States,2020-12-21,21451,0,9,84,0,34,3,160,0,9,0,2117,1,73,0,0,0,918,18043
United States,2021-01-04,40035,0,29,505,0,53,9,473,18,10,0,7478,15,189,0,0,0,1696,29560
United States,2021-01-18,33755,0,26,695,0,51,25,1029,4,10,0,7071,29,466,5,0,0,1353,22991
United States,2021-02-01,38792,0,12,1157,0,42,56,2579,17,1,0,10912,51,1164,7,0,0,1379,21415
United States,2021-02-15,35094,6,5,1412,0,24,133,5189,45,5,1,7657,80,1735,17,0,0,1374,17411
United States,2021-03-01,44046,25,7,2008,0,11,239,12083,277,4,6,8743,152,3208,41,4,0,1348,15890
United States,2021-03-15,59650,64,7,2342,0,10,429,26698,1105,17,24,8183,231,6238,57,14,0,909,13322
United States,2021-03-29,76716,114,6,2408,0,2,620,45072,3197,109,72,6115,283,8275,128,68,0,490,9757
United States,2021-04-12,71604,179,12,1601,0,2,586,46229,4593,499,99,3494,243,7584,179,143,0,262,5899
United States,2021-04-26,61285,267,5,936,0,1,509,41637,5463,1071,36,1805,179,5082,182,305,0,67,3740
United States,2021-05-10,37926,314,3,451,0,0,268,25175,3946,1446,7,666,61,2785,134,345,0,19,2306
United States,2021-05-24,20675,200,3,146,0,0,90,11935,2503,2755,3,201,25,1102,70,435,0,4,1203
United States,2021-06-07,20840,317,1,58,0,0,34,8426,2068,7526,1,74,14,555,83,746,0,3,934
United States,2021-06-21,27132,285,0,25,0,0,16,4845,1733,18408,0,32,6,225,78,863,0,1,615
United States,2021-07-05,59294,341,0,8,0,0,11,3038,1418,52293,0,7,1,122,115,1305,0,0,635
United States,2021-07-19,124167,233,0,3,0,0,9,1682,1042,119443,0,10,0,39,86,1183,0,1,436
United States,2021-08-02,147084,140,0,1,0,0,3,531,519,144959,0,0,0,22,59,493,0,0,357
United States,2021-08-16,133473,53,0,1,0,0,2,129,171,132463,1,67,0,7,15,189,0,2,373
United States,2021-08-30,144303,16,0,1,0,0,1,57,44,143795,0,1,0,1,5,103,8,3,268
United States,2021-09-13,121134,6,0,5,0,0,2,37,30,120681,0,85,0,4,0,53,0,6,225
United States,2021-09-27,115492,3,0,0,0,0,0,4,18,115229,0,0,0,0,0,21,0,0,217
United States,2021-10-11,104872,0,0,0,0,0,0,5,8,104635,0,2,0,1,0,5,1,0,215
United States,2021-10-25,114546,0,1,0,0,0,0,1,2,114220,0,1,0,0,0,4,10,0,307
United States,2021-11-08,122955,0,0,0,0,0,0,2,0,122323,0,4,0,1,0,4,31,1,589
United States,2021-11-22,114505,0,0,0,0,0,0,4,0,113741,0,0,0,1,0,2,646,0,111
United States,2021-12-06,133907,0,0,0,0,0,0,2,1,100684,1,4,0,0,0,10,33115,0,90
United States,2021-12-20,183835,0,0,0,0,0,0,5,0,29060,0,0,0,2,0,3,154538,0,227
United States,2022-01-03,217142,5,0,0,0,0,0,4,0,6479,0,1,0,0,0,0,210514,0,139
United States,2022-01-17,181540,7,0,0,0,0,0,5,0,1205,0,0,0,3,0,0,180300,1,19
United States,2022-01-31,142714,16,0,0,0,0,0,4,0,353,0,2,0,0,0,1,142321,0,17
United States,2022-02-14,79281,45,0,1,0,0,0,3,0,93,0,0,0,0,0,0,79089,0,50
United States,2022-02-28,38894,38,0,0,0,0,0,2,0,43,0,0,0,0,0,0,38751,2,58
United States,2022-03-14,36708,79,0,0,0,0,0,5,0,31,0,8,0,0,0,0,36575,0,10
United States,2022-03-28,51400,162,0,0,0,0,0,0,0,14,0,6,0,0,0,0,51194,0,24
United States,2022-04-11,67066,312,0,4,0,0,0,2,0,10,0,5,0,0,0,0,66719,0,14
United States,2022-04-25,73686,345,0,0,0,0,0,2,0,3,0,3,0,0,0,0,73321,0,12
United States,2022-05-09,87734,424,0,0,0,0,0,1,0,2,0,2,0,0,0,0,87279,0,26
United States,2022-05-23,83426,278,0,0,0,0,0,6,1,3,0,2,0,0,0,0,83080,0,56
United States,2022-06-06,76365,185,0,1,0,0,0,0,0,2,0,2,0,0,0,0,76164,0,11
United States,2022-06-20,75217,110,0,0,0,0,0,4,2,2,0,0,0,0,0,0,75091,0,8
United States,2022-07-04,86633,108,0,0,0,0,0,8,0,2,0,0,0,0,0,0,86511,0,4
United States,2022-07-18,78297,107,0,2,0,0,0,5,0,1,0,0,0,0,0,0,78176,0,6
United States,2022-08-01,65788,80,0,0,0,0,0,0,0,1,0,0,0,0,0,0,65707,0,0
United States,2022-08-15,61850,100,0,0,0,0,0,4,1,1,0,1,0,0,0,0,61738,0,5
United States,2022-08-29,50260,102,0,0,0,0,0,0,0,1,0,3,0,0,0,0,50142,0,12
United States,2022-09-12,47737,89,0,0,0,0,0,2,0,2,0,4,0,0,0,0,47633,0,7
United States,2022-09-26,35226,98,0,0,0,0,0,2,0,8,0,2,0,0,0,0,35108,1,7
United States,2022-10-10,33346,96,0,0,0,0,0,1,0,4,0,0,0,1,0,0,33241,0,3
United States,2022-10-24,37066,95,0,0,0,0,0,0,0,1,0,0,0,0,0,0,36970,0,0
United States,2022-11-07,37934,100,0,0,0,0,0,0,0,0,0,0,0,0,0,0,37832,0,2
United States,2022-11-21,48099,146,0,0,0,0,0,1,0,0,0,0,0,0,0,0,47950,0,2
United States,2022-12-05,47081,142,0,0,0,0,0,0,0,1,0,0,0,0,0,0,46938,0,0
United States,2022-12-19,37850,142,0,0,0,0,0,0,0,2,0,0,0,0,0,0,37706,0,0
United States,2023-01-02,34259,159,0,0,0,0,0,0,0,0,0,0,0,0,0,0,34100,0,0
United States,2023-01-16,30542,98,0,0,0,0,0,0,0,0,0,0,0,0,0,0,30443,0,1
United States,2023-01-30,29969,123,0,0,0,0,0,0,0,1,0,0,0,0,0,0,29843,0,2
United States,2023-02-13,26895,76,0,0,0,0,0,0,0,0,0,0,0,0,0,0,26818,0,1
United States,2023-02-27,22701,74,0,0,0,0,0,0,0,0,0,0,0,0,0,0,22627,0,0
United States,2023-03-13,18255,42,0,0,0,0,0,0,0,0,0,0,0,0,0,0,18211,0,2
United States,2023-03-27,13792,35,0,0,0,0,0,0,0,0,0,0,0,0,0,0,13755,0,2
United States,2023-04-10,11838,44,0,0,0,0,0,0,0,0,0,0,0,0,0,0,11794,0,0
United States,2023-04-24,10896,25,0,0,0,0,0,0,0,0,0,0,0,0,0,0,10870,0,1
United States,2023-05-08,8355,33,0,0,0,0,0,0,0,0,0,0,0,0,0,0,8322,0,0
Uruguay,2020-04-27,14,0,2,0,0,1,0,0,0,0,0,0,0,0,0,0,0,0,11
Uruguay,2020-05-11,13,0,0,0,0,0,0,0,0,0,0,2,0,0,0,0,0,0,11
Uruguay,2020-05-25,9,0,0,0,0,0,0,0,0,0,0,2,0,0,0,0,0,0,7
Uruguay,2020-06-08,9,0,0,0,0,0,0,0,0,0,0,2,0,0,0,0,0,0,7
Uruguay,2020-06-22,12,0,0,0,0,0,0,0,0,0,0,2,0,0,0,0,0,0,10
Uruguay,2020-07-06,23,0,0,0,0,0,0,0,0,0,0,4,0,1,0,0,0,0,18
Uruguay,2020-07-20,4,0,0,0,0,0,0,0,0,0,0,1,0,0,0,0,0,0,3
Uruguay,2020-08-03,1,0,0,0,0,0,0,0,0,0,0,0,0,0,0,0,0,0,1
Uruguay,2020-08-17,3,0,0,0,0,0,0,0,0,0,0,1,0,0,0,0,0,0,2
Uruguay,2020-08-31,2,0,0,0,0,0,0,0,0,0,0,0,0,0,0,0,0,0,2
Uruguay,2020-09-14,13,0,0,0,0,0,0,0,0,0,0,2,0,0,0,0,0,0,11
Uruguay,2020-09-28,9,0,0,0,0,0,0,0,0,0,0,2,0,0,0,0,0,0,7
Uruguay,2020-10-12,5,0,0,0,0,0,0,0,0,0,0,1,0,0,0,0,0,0,4
Uruguay,2020-10-26,4,0,0,0,0,0,0,0,0,0,0,1,0,0,0,0,0,0,3
Uruguay,2020-11-09,9,0,1,0,0,1,0,0,0,0,0,0,0,0,0,0,0,0,7
Uruguay,2020-11-23,5,0,0,0,0,0,0,0,0,0,0,1,0,0,0,0,0,0,4
Uruguay,2020-12-07,9,0,0,0,0,0,0,0,0,0,0,2,0,0,0,0,0,0,7
Uruguay,2020-12-21,10,0,0,0,0,0,0,0,0,0,0,2,0,0,0,0,0,0,8
Uruguay,2021-01-04,26,0,0,0,0,0,0,0,0,0,0,4,0,1,0,0,0,0,21
Uruguay,2021-01-18,31,0,4,1,1,2,0,0,0,0,0,0,0,0,0,0,0,0,23
Uruguay,2021-02-01,62,0,8,1,2,2,0,0,0,0,0,0,0,0,0,0,0,0,49
Uruguay,2021-02-15,77,0,1,3,0,0,0,0,7,0,1,4,4,8,0,0,0,0,49
Uruguay,2021-03-01,63,0,1,2,0,0,0,0,24,0,1,2,2,4,0,0,0,0,27
Uruguay,2021-03-15,74,0,0,1,0,2,0,0,54,0,0,1,1,2,0,0,0,0,13
Uruguay,2021-03-29,170,0,1,3,0,5,0,0,103,0,1,3,4,7,0,0,0,0,43
Uruguay,2021-04-12,179,0,1,2,0,2,0,0,128,0,1,3,3,5,1,0,0,0,33
Uruguay,2021-04-26,6,0,0,0,0,0,0,0,5,0,0,0,0,0,0,0,0,0,1
Uruguay,2021-05-10,84,0,0,0,0,0,0,0,84,0,0,0,0,0,0,0,0,0,0
Uruguay,2021-05-24,157,0,0,0,0,0,0,0,156,0,0,0,0,0,0,0,0,0,1
Uruguay,2021-06-07,96,0,0,0,0,0,0,0,95,0,0,0,0,0,0,0,0,0,1
Uruguay,2021-06-21,94,0,0,0,0,0,0,0,93,0,0,0,0,0,0,1,0,0,0
Uruguay,2021-07-05,111,0,0,0,0,0,14,2,43,49,0,0,0,0,2,1,0,0,0
Uruguay,2021-07-19,108,0,0,0,0,0,0,2,26,75,0,0,0,0,1,4,0,0,0
Uruguay,2021-08-02,56,0,0,0,0,0,0,0,23,32,0,0,0,0,1,0,0,0,0
Uruguay,2021-08-16,30,0,0,0,0,0,0,0,1,29,0,0,0,0,0,0,0,0,0
Uruguay,2021-08-30,73,0,0,0,0,0,0,0,4,68,0,0,0,0,0,1,0,0,0
Uruguay,2021-09-13,35,0,0,0,0,0,0,0,1,34,0,0,0,0,0,0,0,0,0
Uruguay,2021-09-27,13,0,0,0,0,0,0,0,0,13,0,0,0,0,0,0,0,0,0
Uruguay,2021-10-11,8,0,0,0,0,0,0,0,0,8,0,0,0,0,0,0,0,0,0
Uruguay,2021-10-25,7,0,0,0,0,0,0,0,0,7,0,0,0,0,0,0,0,0,0
Uruguay,2021-11-08,7,0,0,0,0,0,0,0,0,7,0,0,0,0,0,0,0,0,0
Uruguay,2021-11-22,3,0,0,0,0,0,0,0,0,3,0,0,0,0,0,0,0,0,0
Uruguay,2021-12-06,4,0,0,0,0,0,0,0,0,4,0,0,0,0,0,0,0,0,0
Uruguay,2021-12-20,6,0,0,0,0,0,0,0,0,1,0,0,0,0,0,0,5,0,0
Uruguay,2022-01-03,8,0,0,0,0,0,0,0,0,0,0,0,0,0,0,0,8,0,0
Uruguay,2022-01-17,2,0,0,0,0,0,0,0,0,0,0,0,0,0,0,0,2,0,0
Uruguay,2022-01-31,15,0,0,0,0,0,0,0,0,0,0,0,0,0,0,0,15,0,0
Uruguay,2022-02-14,6,0,0,0,0,0,0,0,0,0,0,0,0,0,0,0,6,0,0
Uruguay,2022-02-28,1,0,0,0,0,0,0,0,0,0,0,0,0,0,0,0,1,0,0
Uruguay,2022-03-14,5,0,0,0,0,0,0,0,0,0,0,0,0,0,0,0,5,0,0
Uruguay,2022-03-28,4,0,0,0,0,0,0,0,0,0,0,0,0,0,0,0,4,0,0
Uruguay,2022-04-11,2,0,0,0,0,0,0,0,0,0,0,0,0,0,0,0,2,0,0
Uruguay,2022-04-25,9,1,0,0,0,0,0,0,0,0,0,0,0,0,0,0,8,0,0
Uruguay,2022-05-09,6,0,0,0,0,0,0,0,0,1,0,0,0,0,0,0,5,0,0
Uruguay,2022-05-23,6,0,0,0,0,0,0,0,0,0,0,0,0,0,0,0,6,0,0
Uruguay,2022-06-06,4,0,0,0,0,0,0,0,0,0,0,0,0,0,0,0,4,0,0
Uruguay,2022-06-20,8,0,0,0,0,0,0,0,0,0,0,0,0,0,0,0,8,0,0
Uruguay,2022-07-04,13,0,0,0,0,0,0,0,0,0,0,0,0,0,0,0,13,0,0
Uruguay,2022-07-18,3,0,0,0,0,0,0,0,0,0,0,0,0,0,0,0,3,0,0
Uruguay,2022-08-01,3,0,0,0,0,0,0,0,0,0,0,0,0,0,0,0,3,0,0
Uruguay,2022-08-15,3,0,0,0,0,0,0,0,0,0,0,0,0,0,0,0,3,0,0
Uruguay,2022-08-29,4,0,0,0,0,0,0,0,0,0,0,0,0,0,0,0,4,0,0
Uruguay,2022-09-12,3,0,0,0,0,0,0,0,0,0,0,0,0,0,0,0,3,0,0
Uruguay,2022-09-26,3,0,0,0,0,0,0,0,0,0,0,0,0,0,0,0,3,0,0
Uruguay,2022-10-10,6,0,0,0,0,0,0,0,0,0,0,0,0,0,0,0,6,0,0
Uruguay,2022-10-24,2,0,0,0,0,0,0,0,0,0,0,0,0,0,0,0,2,0,0
Uruguay,2022-11-07,1,0,0,0,0,0,0,0,0,0,0,0,0,0,0,0,1,0,0
Uruguay,2022-11-21,6,0,0,0,0,0,0,0,0,0,0,0,0,0,0,0,6,0,0
Uruguay,2022-12-05,20,0,0,0,0,0,0,0,0,0,0,0,0,0,0,0,20,0,0
Uruguay,2022-12-19,2,0,0,0,0,0,0,0,0,0,0,0,0,0,0,0,2,0,0
Uruguay,2023-01-02,28,0,0,0,0,0,0,0,0,0,0,0,0,0,0,0,28,0,0
Uruguay,2023-01-16,7,0,0,0,0,0,0,0,0,0,0,0,0,0,0,0,7,0,0
Uruguay,2023-02-13,2,0,0,0,0,0,0,0,0,0,0,0,0,0,0,0,2,0,0
Uruguay,2023-03-13,1,1,0,0,0,0,0,0,0,0,0,0,0,0,0,0,0,0,0
Uruguay,2023-03-27,2,0,0,0,0,0,0,0,0,0,0,0,0,0,0,0,2,0,0
Uruguay,2023-04-10,2,0,0,0,0,0,0,0,0,0,0,0,0,0,0,0,2,0,0
Uruguay,2023-05-08,3,0,0,0,0,0,0,0,0,0,0,0,0,0,0,0,3,0,0
Uruguay,2023-05-22,3,0,0,0,0,0,0,0,0,0,0,0,0,0,0,0,3,0,0
Uruguay,2023-06-05,1,0,0,0,0,0,0,0,0,0,0,0,0,0,0,0,1,0,0
Uruguay,2023-06-19,1,0,0,0,0,0,0,0,0,0,0,0,0,0,0,0,1,0,0
Uruguay,2023-07-03,1,0,0,0,0,0,0,0,0,0,0,0,0,0,0,0,1,0,0
Uruguay,2023-07-31,2,0,0,0,0,0,0,0,0,0,0,0,0,0,0,0,2,0,0
Uruguay,2023-08-14,3,0,0,0,0,0,0,0,0,0,0,0,0,0,0,0,3,0,0
Uruguay,2023-08-28,4,0,0,0,0,0,0,0,0,0,0,0,0,0,0,0,4,0,0
Uruguay,2023-09-11,9,0,0,0,0,0,0,0,0,0,0,0,0,0,0,0,9,0,0
Uruguay,2023-09-25,6,0,0,0,0,0,0,0,0,0,0,0,0,0,0,0,6,0,0
Uruguay,2023-10-09,8,0,0,0,0,0,0,0,0,0,0,0,0,0,0,0,8,0,0
Uruguay,2023-10-23,11,0,0,0,0,0,0,0,0,0,0,0,0,0,0,0,11,0,0
Uruguay,2023-11-06,4,0,0,0,0,0,0,0,0,0,0,0,0,0,0,0,4,0,0
Uruguay,2023-11-20,3,0,0,0,0,0,0,0,0,0,0,0,0,0,0,0,3,0,0
Uruguay,2023-12-04,7,0,0,0,0,0,0,0,0,0,0,0,0,0,0,0,7,0,0
Uruguay,2023-12-18,1,0,0,0,0,0,0,0,0,0,0,0,0,0,0,0,1,0,0
Uruguay,2024-01-01,6,0,0,0,0,0,0,0,0,0,0,0,0,0,0,0,6,0,0
Uruguay,2024-01-15,2,1,0,0,0,0,0,0,0,0,0,0,0,0,0,0,1,0,0
Uruguay,2024-01-29,11,2,0,0,0,0,0,0,0,0,0,0,0,0,0,0,9,0,0
Uruguay,2024-02-12,3,1,0,0,0,0,0,0,0,0,0,0,0,0,0,0,2,0,0
Uruguay,2024-02-26,10,4,0,0,0,0,0,0,0,0,0,0,0,0,0,0,6,0,0
Uruguay,2024-03-11,7,2,0,0,0,0,0,0,0,0,0,0,0,0,0,0,5,0,0
Uruguay,2024-03-25,3,1,0,0,0,0,0,0,0,0,0,0,0,0,0,0,2,0,0
Uruguay,2024-04-08,4,2,0,0,0,0,0,0,0,0,0,0,0,0,0,0,2,0,0
Uruguay,2024-04-22,1,0,0,0,0,0,0,0,0,0,0,0,0,0,0,0,1,0,0
Uruguay,2024-05-06,2,1,0,0,0,0,0,0,0,0,0,0,0,0,0,0,1,0,0
Uruguay,2024-07-01,1,0,0,0,0,0,0,0,0,0,0,0,0,0,0,0,1,0,0
Uruguay,2024-07-15,1,0,0,0,0,0,0,0,0,0,0,0,0,0,0,0,1,0,0
Uruguay,2024-07-29,2,0,0,0,0,0,0,0,0,0,0,0,0,0,0,0,2,0,0
Venezuela,2020-05-11,7,0,0,0,0,0,0,0,0,0,0,1,0,0,0,0,0,0,6
Venezuela,2020-05-25,1,0,0,0,0,0,0,0,0,0,0,0,0,0,0,0,0,0,1
Venezuela,2020-07-06,1,0,0,0,0,0,0,0,0,0,0,0,0,0,0,0,0,0,1
Venezuela,2020-07-20,1,0,0,0,0,0,0,0,0,0,0,0,0,0,0,0,0,0,1
Venezuela,2020-08-03,1,0,0,0,0,0,0,0,0,0,0,0,0,0,0,0,0,0,1
Venezuela,2020-08-31,2,0,0,0,0,0,0,0,0,0,0,0,0,0,0,0,0,0,2
Venezuela,2020-09-14,7,0,0,0,0,0,0,0,0,0,0,1,0,0,0,0,0,0,6
Venezuela,2020-09-28,18,0,0,0,0,0,0,0,0,0,0,3,0,1,0,0,0,0,14
Venezuela,2020-10-12,1,0,0,0,0,0,0,0,0,0,0,0,0,0,0,0,0,0,1
Venezuela,2020-11-23,3,0,0,0,0,0,0,0,0,0,0,1,0,0,0,0,0,0,2
Venezuela,2020-12-21,2,0,0,0,0,0,0,0,1,0,0,0,0,0,0,0,0,0,1
Venezuela,2021-01-04,4,0,0,1,0,0,0,0,2,0,0,0,0,0,0,0,0,0,1
Venezuela,2021-01-18,8,0,0,0,0,0,0,0,3,0,0,0,0,1,0,1,0,0,3
Venezuela,2021-02-01,2,0,0,0,0,0,0,0,1,0,0,0,0,0,0,0,0,0,1
Venezuela,2021-02-15,6,0,0,0,0,0,0,0,2,0,0,0,0,0,0,2,0,0,2
Venezuela,2021-03-01,2,0,0,0,0,0,0,0,2,0,0,0,0,0,0,0,0,0,0
Venezuela,2021-03-15,9,0,0,0,0,0,0,1,7,0,0,0,0,0,0,0,0,0,1
Venezuela,2021-03-29,30,0,0,0,0,0,0,0,29,0,0,0,0,0,1,0,0,0,0
Venezuela,2021-04-12,7,0,0,0,0,0,0,0,5,0,0,0,0,0,0,0,0,0,2
Venezuela,2021-04-26,27,0,0,0,0,0,0,2,16,0,0,0,0,0,1,7,0,0,1
Venezuela,2021-05-10,47,0,0,0,0,0,0,1,22,0,0,0,0,0,2,22,0,0,0
Venezuela,2021-05-24,14,0,0,0,0,0,0,2,9,0,0,0,0,0,0,3,0,0,0
Venezuela,2021-06-07,40,0,0,0,0,0,0,0,34,0,0,0,0,0,0,6,0,0,0
Venezuela,2021-06-21,32,0,0,0,0,0,0,6,10,0,0,0,0,0,4,11,0,0,1
Venezuela,2021-07-05,18,0,0,0,0,0,0,0,9,2,0,0,0,0,0,6,0,0,1
Venezuela,2021-07-19,13,0,0,0,0,0,0,0,8,0,0,0,0,0,1,4,0,0,0
Venezuela,2021-08-02,12,0,0,0,0,0,0,0,2,7,0,0,0,0,0,3,0,0,0
Venezuela,2021-08-16,21,0,0,0,0,0,0,0,1,6,0,0,0,0,0,14,0,0,0
Venezuela,2021-08-30,26,0,0,0,0,0,0,0,3,17,0,0,0,0,0,6,0,0,0
Venezuela,2021-09-13,17,0,0,0,0,0,0,0,3,10,0,0,0,0,0,4,0,0,0
Venezuela,2021-09-27,35,0,0,0,0,0,0,0,0,26,0,0,0,0,0,9,0,0,0
Venezuela,2021-10-11,30,0,0,0,0,0,0,0,0,24,0,0,0,0,0,6,0,0,0
Venezuela,2021-10-25,13,0,0,0,0,0,0,0,0,12,0,0,0,0,0,1,0,0,0
Venezuela,2021-11-08,18,0,0,0,0,0,0,0,1,14,0,0,0,0,1,2,0,0,0
Venezuela,2021-11-22,8,0,0,0,0,0,0,0,0,7,0,0,0,0,0,1,0,0,0
Venezuela,2021-12-06,13,0,0,0,0,0,0,0,0,6,0,0,0,0,0,2,5,0,0
Venezuela,2021-12-20,17,0,0,0,0,0,0,0,0,4,0,0,0,0,0,0,13,0,0
Venezuela,2022-01-03,39,0,0,0,0,0,0,0,0,10,0,0,0,0,0,0,29,0,0
Venezuela,2022-01-17,20,1,0,0,0,0,0,0,0,6,0,0,0,0,0,0,13,0,0
Venezuela,2022-01-31,12,0,0,0,0,0,0,0,0,1,0,0,0,0,0,0,11,0,0
Venezuela,2022-02-14,2,0,0,0,0,0,0,0,0,0,0,0,0,0,0,0,2,0,0
Venezuela,2022-02-28,9,0,0,0,0,0,0,0,0,0,0,0,0,0,0,0,9,0,0
Venezuela,2022-03-14,7,0,0,0,0,0,0,0,0,0,0,0,0,0,0,0,7,0,0
Venezuela,2022-03-28,1,0,0,0,0,0,0,0,0,0,0,0,0,0,0,0,1,0,0
Venezuela,2022-04-11,3,0,0,0,0,0,0,0,0,0,0,0,0,0,0,0,3,0,0
Venezuela,2022-04-25,7,0,0,0,0,0,0,0,0,0,0,0,0,0,0,0,7,0,0
Venezuela,2022-05-09,10,0,0,0,0,0,0,0,0,0,0,0,0,0,0,0,10,0,0
Venezuela,2022-05-23,10,0,0,0,0,0,0,0,0,0,0,0,0,0,0,0,10,0,0
Venezuela,2022-06-06,31,2,0,0,0,0,0,0,0,0,0,0,0,0,0,0,29,0,0
Venezuela,2022-06-20,17,0,0,0,0,0,0,0,0,0,0,0,0,0,0,0,17,0,0
Venezuela,2022-07-04,34,0,0,0,0,0,0,0,0,0,0,0,0,0,0,0,34,0,0
Venezuela,2022-07-18,37,1,0,0,0,0,0,0,0,0,0,0,0,0,0,0,36,0,0
Venezuela,2022-08-01,20,0,0,0,0,0,0,0,0,0,0,0,0,0,0,0,20,0,0
Venezuela,2022-08-15,13,0,0,0,0,0,0,0,0,0,0,0,0,0,0,0,13,0,0
Venezuela,2022-08-29,9,0,0,0,0,0,0,0,0,0,0,0,0,0,0,0,9,0,0
Venezuela,2022-09-12,1,0,0,0,0,0,0,0,0,0,0,0,0,0,0,0,1,0,0
Venezuela,2022-10-10,4,0,0,0,0,0,0,0,0,0,0,0,0,0,0,0,4,0,0
Venezuela,2022-10-24,12,0,0,0,0,0,0,0,0,0,0,0,0,0,0,0,12,0,0
Venezuela,2022-11-07,11,0,0,0,0,0,0,0,0,0,0,0,0,0,0,0,11,0,0
Venezuela,2022-11-21,13,0,0,0,0,0,0,0,0,0,0,0,0,0,0,0,13,0,0
Venezuela,2022-12-05,34,0,0,0,0,0,0,0,0,0,0,0,0,0,0,0,34,0,0
Venezuela,2022-12-19,81,0,0,0,0,0,0,0,0,0,0,0,0,0,0,0,81,0,0
Venezuela,2023-01-02,20,0,0,0,0,0,0,0,0,0,0,0,0,0,0,0,20,0,0
Venezuela,2023-01-16,12,0,0,0,0,0,0,0,0,0,0,0,0,0,0,0,12,0,0
Venezuela,2023-01-30,9,0,0,0,0,0,0,0,0,0,0,0,0,0,0,0,9,0,0
Venezuela,2023-02-27,3,0,0,0,0,0,0,0,0,0,0,0,0,0,0,0,3,0,0
Venezuela,2023-03-13,2,0,0,0,0,0,0,0,0,0,0,0,0,0,0,0,2,0,0
Venezuela,2023-03-27,4,0,0,0,0,0,0,0,0,0,0,0,0,0,0,0,4,0,0
Venezuela,2023-04-10,1,0,0,0,0,0,0,0,0,0,0,0,0,0,0,0,1,0,0
Venezuela,2023-04-24,1,0,0,0,0,0,0,0,0,0,0,0,0,0,0,0,1,0,0
Venezuela,2023-05-08,5,0,0,0,0,0,0,0,0,0,0,0,0,0,0,0,5,0,0
Venezuela,2023-05-22,10,0,0,0,0,0,0,0,0,0,0,0,0,0,0,0,10,0,0
Venezuela,2023-06-05,5,0,0,0,0,0,0,0,0,0,0,0,0,0,0,0,5,0,0
Venezuela,2023-06-19,14,0,0,0,0,0,0,0,0,0,0,0,0,0,0,0,14,0,0
Venezuela,2023-07-03,4,0,0,0,0,0,0,0,0,0,0,0,0,0,0,0,4,0,0
Venezuela,2023-08-14,3,0,0,0,0,0,0,0,0,0,0,0,0,0,0,0,3,0,0
Venezuela,2023-08-28,3,0,0,0,0,0,0,0,0,0,0,0,0,0,0,0,3,0,0
Venezuela,2023-09-11,1,0,0,0,0,0,0,0,0,0,0,0,0,0,0,0,1,0,0
Venezuela,2023-09-25,1,0,0,0,0,0,0,0,0,0,0,0,0,0,0,0,1,0,0
Venezuela,2023-10-09,2,0,0,0,0,0,0,0,0,0,0,0,0,0,0,0,1,0,1
Venezuela,2023-10-23,1,0,0,0,0,0,0,0,0,0,0,0,0,0,0,0,1,0,0
Venezuela,2023-11-20,1,0,0,0,0,0,0,0,0,0,0,0,0,0,0,0,1,0,0
Venezuela,2023-12-04,2,0,0,0,0,0,0,0,0,0,0,0,0,0,0,0,2,0,0
Venezuela,2023-12-18,2,0,0,0,0,0,0,0,0,0,0,0,0,0,0,0,2,0,0
Venezuela,2024-01-01,28,0,0,0,0,0,0,0,0,0,0,0,0,0,0,0,28,0,0
Venezuela,2024-01-15,13,0,0,0,0,0,0,0,0,0,0,0,0,0,0,0,13,0,0
Venezuela,2024-01-29,6,0,0,0,0,0,0,0,0,0,0,0,0,0,0,0,6,0,0
Venezuela,2024-02-12,2,0,0,0,0,0,0,0,0,0,0,0,0,0,0,0,2,0,0
Venezuela,2024-02-26,4,0,0,0,0,0,0,0,0,0,0,0,0,0,0,0,4,0,0
Venezuela,2024-03-11,1,0,0,0,0,0,0,0,0,0,0,0,0,0,0,0,1,0,0
Venezuela,2024-03-25,1,0,0,0,0,0,0,0,0,0,0,0,0,0,0,0,1,0,0
Venezuela,2024-04-08,1,0,0,0,0,0,0,0,0,0,0,0,0,0,0,0,1,0,0
Venezuela,2024-04-22,1,0,0,0,0,0,0,0,0,0,0,0,0,0,0,0,1,0,0
Venezuela,2024-05-06,6,0,0,0,0,0,0,0,0,0,0,0,0,0,0,1,5,0,0
Vietnam,2020-06-08,1,0,0,0,0,0,0,0,0,0,0,0,0,0,0,0,0,0,1
Vietnam,2020-07-06,1,0,0,0,0,0,0,0,0,0,0,0,0,0,0,0,0,0,1
Vietnam,2020-07-20,27,0,0,0,0,0,0,0,0,0,0,4,0,1,0,0,0,1,21
Vietnam,2020-08-03,7,0,0,0,0,0,0,0,0,0,0,1,0,0,0,0,0,0,6
Vietnam,2020-08-17,2,0,0,0,0,0,0,0,0,0,0,0,0,0,0,0,0,0,2
Vietnam,2020-10-12,5,0,0,0,0,0,0,0,0,0,0,1,0,0,0,0,0,0,4
Vietnam,2020-10-26,1,0,0,0,0,1,0,0,0,0,0,0,0,0,0,0,0,0,0
Vietnam,2020-11-09,1,0,0,0,0,0,0,0,0,0,0,0,0,0,0,0,0,0,1
Vietnam,2020-11-23,1,0,0,0,0,0,0,0,0,0,0,0,0,0,0,0,0,0,1
Vietnam,2020-12-07,5,0,1,0,0,1,0,0,0,0,0,0,0,0,0,0,0,0,3
Vietnam,2020-12-21,3,0,0,0,0,1,0,2,0,0,0,0,0,0,0,0,0,0,0
Vietnam,2021-01-04,2,0,0,0,0,0,0,2,0,0,0,0,0,0,0,0,0,0,0
Vietnam,2021-01-18,24,0,1,0,0,0,0,20,0,0,0,1,0,0,0,0,0,0,2
Vietnam,2021-02-01,15,0,0,1,0,0,0,6,1,0,0,2,0,1,0,0,0,0,4
Vietnam,2021-02-15,4,0,0,0,0,0,0,4,0,0,0,0,0,0,0,0,0,0,0
Vietnam,2021-03-15,4,0,0,0,0,0,0,2,0,0,0,1,0,0,0,0,0,0,1
Vietnam,2021-03-29,3,0,0,0,0,0,0,3,0,0,0,0,0,0,0,0,0,0,0
Vietnam,2021-04-12,6,0,0,0,0,0,0,1,0,5,0,0,0,0,0,0,0,0,0
Vietnam,2021-04-26,84,0,0,0,0,0,1,23,1,59,0,0,0,0,0,0,0,0,0
Vietnam,2021-05-10,71,0,0,0,0,0,0,56,0,15,0,0,0,0,0,0,0,0,0
Vietnam,2021-05-24,17,0,0,0,0,0,0,0,0,17,0,0,0,0,0,0,0,0,0
Vietnam,2021-06-07,13,0,0,0,0,0,0,0,0,13,0,0,0,0,0,0,0,0,0
Vietnam,2021-07-05,45,0,0,0,0,0,0,0,0,45,0,0,0,0,0,0,0,0,0
Vietnam,2021-07-19,65,0,0,0,0,0,0,0,0,65,0,0,0,0,0,0,0,0,0
Vietnam,2021-08-02,182,0,0,0,0,0,0,0,0,182,0,0,0,0,0,0,0,0,0
Vietnam,2021-08-16,343,0,0,0,0,0,0,0,0,343,0,0,0,0,0,0,0,0,0
Vietnam,2021-08-30,607,0,0,0,0,0,0,0,0,607,0,0,0,0,0,0,0,0,0
Vietnam,2021-09-13,46,0,0,0,0,0,0,0,0,46,0,0,0,0,0,0,0,0,0
Vietnam,2021-09-27,111,0,0,0,0,0,0,0,0,111,0,0,0,0,0,0,0,0,0
Vietnam,2021-10-11,118,0,0,0,0,0,0,0,0,118,0,0,0,0,0,0,0,0,0
Vietnam,2021-10-25,87,0,0,0,0,0,0,0,0,87,0,0,0,0,0,0,0,0,0
Vietnam,2021-11-08,108,0,0,0,0,0,0,0,0,107,0,0,0,0,0,0,0,0,1
Vietnam,2021-11-22,101,0,0,0,0,0,0,0,0,101,0,0,0,0,0,0,0,0,0
Vietnam,2021-12-06,152,0,0,0,0,0,0,0,0,152,0,0,0,0,0,0,0,0,0
Vietnam,2021-12-20,237,0,0,0,0,0,0,0,0,194,0,0,0,0,0,0,43,0,0
Vietnam,2022-01-03,245,0,0,0,0,0,0,0,0,131,0,0,0,0,0,0,114,0,0
Vietnam,2022-01-17,112,0,0,0,0,0,0,0,0,31,0,0,0,0,0,0,81,0,0
Vietnam,2022-01-31,118,0,0,0,0,0,0,0,0,74,0,0,0,0,0,0,44,0,0
Vietnam,2022-02-14,341,0,0,0,0,0,0,0,0,72,0,0,0,0,0,0,269,0,0
Vietnam,2022-02-28,420,0,0,0,0,0,0,0,0,15,0,0,0,0,0,0,405,0,0
Vietnam,2022-03-14,450,0,0,0,0,0,0,0,0,6,0,0,0,0,0,0,444,0,0
Vietnam,2022-03-28,342,0,0,0,0,0,0,0,0,2,0,0,0,0,0,0,340,0,0
Vietnam,2022-04-11,199,0,0,0,0,0,0,0,0,3,0,0,0,0,0,0,196,0,0
Vietnam,2022-04-25,117,0,0,0,0,0,0,0,0,3,0,0,0,0,0,0,114,0,0
Vietnam,2022-05-09,95,0,0,0,0,0,0,0,0,1,0,0,0,0,0,0,94,0,0
Vietnam,2022-05-23,56,0,0,0,0,0,0,0,0,1,0,0,0,0,0,0,55,0,0
Vietnam,2022-06-06,73,0,0,0,0,0,0,0,0,4,0,0,0,0,0,0,69,0,0
Vietnam,2022-06-20,110,0,0,0,0,0,0,0,0,12,0,0,0,0,0,0,98,0,0
Vietnam,2022-07-04,204,0,0,0,0,0,0,0,0,0,0,0,0,0,0,0,204,0,0
Vietnam,2022-07-18,264,1,0,0,0,0,0,0,0,0,0,0,0,0,0,0,263,0,0
Vietnam,2022-08-01,387,0,0,0,0,0,0,0,0,0,0,0,0,0,0,0,387,0,0
Vietnam,2022-08-15,385,1,0,0,0,0,0,0,0,0,0,0,0,0,0,0,384,0,0
Vietnam,2022-08-29,283,0,0,0,0,0,0,0,0,0,0,0,0,0,0,0,283,0,0
Vietnam,2022-09-12,263,0,0,0,0,0,0,0,0,0,0,0,0,0,0,0,263,0,0
Vietnam,2022-09-26,148,0,0,0,0,0,0,0,0,0,0,0,0,0,0,0,148,0,0
Vietnam,2022-10-10,107,0,0,0,0,0,0,0,0,0,0,0,0,0,0,0,107,0,0
Vietnam,2022-10-24,95,0,0,0,0,0,0,0,0,0,0,0,0,0,0,0,95,0,0
Vietnam,2022-11-07,95,0,0,0,0,0,0,0,0,0,0,0,0,0,0,0,95,0,0
Vietnam,2022-11-21,76,0,0,0,0,0,0,0,0,0,0,0,0,0,0,0,76,0,0
Vietnam,2022-12-05,98,1,0,0,0,0,0,0,0,0,0,0,0,0,0,0,97,0,0
Vietnam,2022-12-19,55,0,0,0,0,0,0,0,0,0,0,0,0,0,0,0,55,0,0
Vietnam,2023-01-02,26,0,0,0,0,0,0,0,0,0,0,0,0,0,0,0,26,0,0
Vietnam,2023-01-16,6,1,0,0,0,0,0,0,0,0,0,0,0,0,0,0,5,0,0
Vietnam,2023-01-30,8,0,0,0,0,0,0,0,0,0,0,0,0,0,0,0,8,0,0
Vietnam,2023-02-13,9,0,0,0,0,0,0,0,0,0,0,0,0,0,0,0,9,0,0
Vietnam,2023-02-27,26,0,0,0,0,0,0,0,0,0,0,0,0,0,0,0,26,0,0
Vietnam,2023-03-13,21,0,0,0,0,0,0,0,0,0,0,0,0,0,0,0,21,0,0
Vietnam,2023-03-27,63,3,0,0,0,0,0,0,0,0,0,0,0,0,0,0,60,0,0
Vietnam,2023-04-10,299,3,0,0,0,0,0,0,0,0,0,0,0,0,0,0,296,0,0
Vietnam,2023-04-24,131,1,0,0,0,0,0,0,0,0,0,0,0,0,0,0,130,0,0
Vietnam,2023-05-08,113,0,0,0,0,0,0,0,0,0,0,0,0,0,0,0,113,0,0
Vietnam,2023-05-22,72,0,0,0,0,0,0,0,0,0,0,0,0,0,0,0,72,0,0
Vietnam,2023-06-05,27,0,0,0,0,0,0,0,0,0,0,0,0,0,0,0,27,0,0
Vietnam,2023-06-19,28,0,0,0,0,0,0,0,0,0,0,0,0,0,0,0,28,0,0
Vietnam,2023-07-03,10,0,0,0,0,0,0,0,0,0,0,0,0,0,0,0,10,0,0
Vietnam,2023-07-17,10,0,0,0,0,0,0,0,0,0,0,0,0,0,0,0,10,0,0
Vietnam,2023-07-31,9,0,0,0,0,0,0,0,0,0,0,0,0,0,0,0,9,0,0
Vietnam,2023-08-14,13,0,0,0,0,0,0,0,0,0,0,0,0,0,0,0,13,0,0
Vietnam,2023-08-28,16,0,0,0,0,0,0,0,0,0,0,0,0,0,0,0,16,0,0
Vietnam,2023-09-11,5,0,0,0,0,0,0,0,0,0,0,0,0,0,0,0,5,0,0
Vietnam,2023-09-25,7,0,0,0,0,0,0,0,0,0,0,0,0,0,0,0,7,0,0
Vietnam,2023-10-09,6,0,0,0,0,0,0,0,0,0,0,0,0,0,0,0,6,0,0
Vietnam,2023-10-23,2,0,0,0,0,0,0,0,0,0,0,0,0,0,0,0,2,0,0
Vietnam,2023-11-06,6,0,0,0,0,0,0,0,0,0,0,0,0,0,0,0,6,0,0
Vietnam,2023-11-20,10,0,0,0,0,0,0,0,0,0,0,0,0,0,0,0,10,0,0
Vietnam,2023-12-04,3,0,0,0,0,0,0,0,0,0,0,0,0,0,0,0,3,0,0
Vietnam,2023-12-18,17,3,0,0,0,0,0,0,0,0,0,0,0,0,0,0,14,0,0
Vietnam,2024-01-01,9,2,0,0,0,0,0,0,0,0,0,0,0,0,0,0,7,0,0
Vietnam,2024-01-15,7,2,0,0,0,0,0,0,0,0,0,0,0,0,0,0,5,0,0
Zambia,2020-04-27,4,4,0,0,0,0,0,0,0,0,0,0,0,0,0,0,0,0,0
Zambia,2020-05-25,16,16,0,0,0,0,0,0,0,0,0,0,0,0,0,0,0,0,0
Zambia,2020-06-08,24,23,0,0,0,0,0,0,0,0,0,0,0,0,0,0,0,0,1
Zambia,2020-06-22,29,28,0,0,0,0,0,0,0,0,0,0,0,0,0,0,0,0,1
Zambia,2020-07-06,56,55,0,0,0,0,0,0,0,0,0,0,0,0,0,0,0,0,1
Zambia,2020-07-20,120,117,0,0,0,0,0,0,0,0,0,0,0,0,0,0,0,0,3
Zambia,2020-08-03,50,0,10,1,0,9,1,0,2,0,0,0,1,0,0,0,0,0,26
Zambia,2020-08-17,29,28,0,0,0,0,0,0,0,0,0,0,0,0,0,0,0,0,1
Zambia,2020-08-31,1,1,0,0,0,0,0,0,0,0,0,0,0,0,0,0,0,0,0
Zambia,2020-09-28,3,3,0,0,0,0,0,0,0,0,0,0,0,0,0,0,0,0,0
Zambia,2020-10-12,1,1,0,0,0,0,0,0,0,0,0,0,0,0,0,0,0,0,0
Zambia,2020-11-23,4,0,0,0,0,0,3,1,0,0,0,0,0,0,0,0,0,0,0
Zambia,2020-12-07,10,0,1,0,0,0,8,0,0,0,0,0,0,0,0,0,0,0,1
Zambia,2020-12-21,20,0,0,0,0,0,19,0,0,0,0,0,0,0,0,0,0,0,1
Zambia,2021-01-04,53,0,1,0,0,1,47,1,0,0,0,0,0,0,0,0,0,0,3
Zambia,2021-01-18,37,0,1,0,0,1,32,0,0,0,0,0,0,0,0,0,0,0,3
Zambia,2021-02-01,68,0,1,0,0,0,65,1,0,0,0,0,0,0,0,0,0,0,1
Zambia,2021-02-15,40,0,0,0,0,0,39,1,0,0,0,0,0,0,0,0,0,0,0
Zambia,2021-03-01,3,0,0,0,0,0,3,0,0,0,0,0,0,0,0,0,0,0,0
Zambia,2021-03-15,7,0,0,0,0,0,6,0,0,1,0,0,0,0,0,0,0,0,0
Zambia,2021-03-29,5,0,0,0,0,0,4,1,0,0,0,0,0,0,0,0,0,0,0
Zambia,2021-04-12,3,0,0,0,0,0,2,0,0,0,0,0,0,0,0,0,0,0,1
Zambia,2021-04-26,10,0,0,0,0,0,9,0,0,0,1,0,0,0,0,0,0,0,0
Zambia,2021-05-10,1,0,0,0,0,0,0,0,0,1,0,0,0,0,0,0,0,0,0
Zambia,2021-05-24,155,0,0,0,0,0,1,1,0,153,0,0,0,0,0,0,0,0,0
Zambia,2021-06-07,30,0,0,0,0,0,0,0,0,30,0,0,0,0,0,0,0,0,0
Zambia,2021-06-21,22,0,0,0,0,0,0,0,0,22,0,0,0,0,0,0,0,0,0
Zambia,2021-07-05,64,0,0,0,0,0,0,0,0,64,0,0,0,0,0,0,0,0,0
Zambia,2021-07-19,19,0,0,0,0,0,0,0,0,19,0,0,0,0,0,0,0,0,0
Zambia,2021-08-02,7,0,0,0,0,0,0,0,0,7,0,0,0,0,0,0,0,0,0
Zambia,2021-08-16,36,0,0,0,0,0,0,0,0,36,0,0,0,0,0,0,0,0,0
Zambia,2021-08-30,8,0,0,0,0,0,0,1,0,7,0,0,0,0,0,0,0,0,0
Zambia,2021-11-22,11,0,0,0,0,0,0,0,0,0,0,0,0,0,0,0,11,0,0
Zambia,2021-12-06,50,0,0,0,0,0,0,0,0,0,0,0,0,0,0,0,50,0,0
Zambia,2021-12-20,88,0,0,0,0,0,0,0,0,0,0,0,0,0,0,0,88,0,0
Zambia,2022-01-03,25,0,0,0,0,0,0,0,0,0,0,0,0,0,0,0,25,0,0
Zambia,2022-01-17,40,0,0,0,0,0,0,0,0,0,0,0,0,0,0,0,40,0,0
Zambia,2022-01-31,5,0,0,0,0,0,0,0,0,0,0,0,0,0,0,0,5,0,0
Zambia,2022-02-14,8,0,0,0,0,0,0,0,0,0,0,0,0,0,0,0,8,0,0
Zambia,2022-02-28,7,0,0,0,0,0,0,0,0,0,0,0,0,0,0,0,7,0,0
Zambia,2022-03-14,1,0,0,0,0,0,0,0,0,0,0,0,0,0,0,0,1,0,0
Zambia,2022-03-28,2,0,0,0,0,0,0,0,0,0,0,0,0,0,0,0,2,0,0
Zambia,2022-04-11,7,0,0,0,0,0,0,0,0,0,0,0,0,0,0,0,7,0,0
Zambia,2022-04-25,4,0,0,0,0,0,0,0,0,0,0,0,0,0,0,0,4,0,0
Zambia,2022-05-09,3,0,0,0,0,0,0,0,0,0,0,0,0,0,0,0,3,0,0
Zambia,2022-05-23,9,0,0,0,0,0,0,0,0,0,0,0,0,0,0,0,9,0,0
Zambia,2022-06-06,10,0,0,0,0,0,0,0,0,0,0,0,0,0,0,0,10,0,0
Zambia,2022-06-20,12,0,0,0,0,0,0,0,0,0,0,0,0,0,0,0,12,0,0
Zambia,2022-07-04,13,0,0,0,0,0,0,0,0,0,0,0,0,0,0,0,13,0,0
Zambia,2022-07-18,3,0,0,0,0,0,0,0,0,0,0,0,0,0,0,0,3,0,0
Zambia,2022-08-01,2,0,0,0,0,0,0,0,0,0,0,0,0,0,0,0,2,0,0
Zambia,2022-09-26,3,0,0,0,0,0,0,0,0,0,0,0,0,0,0,0,3,0,0
Zambia,2022-11-21,1,0,0,0,0,0,0,0,0,0,0,0,0,0,0,0,1,0,0
Zambia,2022-12-05,2,0,0,0,0,0,0,0,0,0,0,0,0,0,0,0,2,0,0
Zambia,2022-12-19,8,0,0,0,0,0,0,0,0,0,0,0,0,0,0,0,8,0,0
Zambia,2023-01-02,25,0,0,0,0,0,0,0,0,0,0,0,0,0,0,0,25,0,0
Zambia,2023-01-16,47,0,0,0,0,0,0,0,0,0,0,0,0,0,0,0,47,0,0
Zambia,2023-01-30,6,0,0,0,0,0,0,0,0,0,0,0,0,0,0,0,6,0,0
Zambia,2024-01-01,1,0,0,0,0,0,0,0,0,0,0,0,0,0,0,0,1,0,0
Zimbabwe,2020-04-27,29,28,0,0,0,0,0,0,0,0,0,0,0,0,0,0,0,0,1
Zimbabwe,2020-05-25,27,26,0,0,0,0,0,0,0,0,0,0,0,0,0,0,0,0,1
Zimbabwe,2020-07-20,22,21,0,0,0,0,0,0,0,0,0,0,0,0,0,0,0,0,1
Zimbabwe,2020-08-03,5,5,0,0,0,0,0,0,0,0,0,0,0,0,0,0,0,0,0
Zimbabwe,2020-08-17,3,3,0,0,0,0,0,0,0,0,0,0,0,0,0,0,0,0,0
Zimbabwe,2020-08-31,3,3,0,0,0,0,0,0,0,0,0,0,0,0,0,0,0,0,0
Zimbabwe,2020-09-28,3,3,0,0,0,0,0,0,0,0,0,0,0,0,0,0,0,0,0
Zimbabwe,2020-10-12,3,3,0,0,0,0,0,0,0,0,0,0,0,0,0,0,0,0,0
Zimbabwe,2020-10-26,1,1,0,0,0,0,0,0,0,0,0,0,0,0,0,0,0,0,0
Zimbabwe,2020-11-09,1,0,0,0,0,0,1,0,0,0,0,0,0,0,0,0,0,0,0
Zimbabwe,2020-11-23,1,0,0,0,0,0,1,0,0,0,0,0,0,0,0,0,0,0,0
Zimbabwe,2020-12-07,22,0,1,0,0,1,16,2,0,0,0,0,0,0,0,0,0,0,2
Zimbabwe,2020-12-21,119,0,3,0,0,4,94,9,0,0,0,0,0,0,0,0,0,0,9
Zimbabwe,2021-01-04,110,0,0,0,0,0,108,1,0,0,0,0,0,0,0,0,0,0,1
Zimbabwe,2021-01-18,13,0,0,0,0,0,13,0,0,0,0,0,0,0,0,0,0,0,0
Zimbabwe,2021-02-01,29,0,0,0,0,0,29,0,0,0,0,0,0,0,0,0,0,0,0
Zimbabwe,2021-02-15,9,0,0,0,0,0,9,0,0,0,0,0,0,0,0,0,0,0,0
Zimbabwe,2021-06-21,11,0,0,0,0,0,1,0,0,10,0,0,0,0,0,0,0,0,0
Zimbabwe,2021-07-05,47,0,0,0,0,0,0,0,0,47,0,0,0,0,0,0,0,0,0
Zimbabwe,2021-07-19,30,0,0,0,0,0,0,0,0,30,0,0,0,0,0,0,0,0,0
Zimbabwe,2021-08-16,13,0,0,0,0,0,0,0,0,13,0,0,0,0,0,0,0,0,0
Zimbabwe,2021-08-30,3,0,0,0,0,0,0,0,0,3,0,0,0,0,0,0,0,0,0
Zimbabwe,2021-09-27,4,0,0,0,0,0,0,0,0,4,0,0,0,0,0,0,0,0,0
Zimbabwe,2021-10-11,3,0,0,0,0,0,0,0,0,3,0,0,0,0,0,0,0,0,0
Zimbabwe,2021-11-22,103,0,0,0,0,0,0,0,0,0,0,0,0,0,0,0,103,0,0
Zimbabwe,2021-12-06,90,0,0,0,0,0,0,0,0,0,0,0,0,0,0,0,90,0,0
Zimbabwe,2022-05-09,6,0,0,0,0,0,0,0,0,0,0,0,0,0,0,0,6,0,0
Zimbabwe,2022-05-23,17,0,0,0,0,0,0,0,0,0,0,0,0,0,0,0,17,0,0
Zimbabwe,2022-06-06,3,0,0,0,0,0,0,0,0,0,0,0,0,0,0,0,3,0,0
Zimbabwe,2022-06-20,5,0,0,0,0,0,0,0,0,0,0,0,0,0,0,0,5,0,0
Zimbabwe,2022-07-04,2,0,0,0,0,0,0,0,0,0,0,0,0,0,0,0,2,0,0
Zimbabwe,2022-07-18,2,0,0,0,0,0,0,0,0,0,0,0,0,0,0,0,2,0,0
Zimbabwe,2022-08-01,1,0,0,0,0,0,0,0,0,0,0,0,0,0,0,0,1,0,0
Zimbabwe,2022-08-15,3,0,0,0,0,0,0,0,0,0,0,0,0,0,0,0,3,0,0
Zimbabwe,2022-08-29,7,0,0,0,0,0,0,0,0,0,0,0,0,0,0,0,7,0,0
Zimbabwe,2022-10-24,25,0,0,0,0,0,0,0,0,0,0,0,0,0,0,0,25,0,0
Zimbabwe,2022-12-05,2,0,0,0,0,0,0,0,0,0,0,0,0,0,0,0,2,0,0
Zimbabwe,2023-01-02,13,0,0,0,0,0,0,0,0,0,0,0,0,0,0,0,13,0,0
Zimbabwe,2023-01-16,5,0,0,0,0,0,0,0,0,0,0,0,0,0,0,0,5,0,0
